gene	phenotype	lit_score	mean_call	argmax	lit_mean	reaching	source	set
ABCA7	Alzheimer's disease	3.49	Existing	Established	Existing	True	fig3_alzheimer	gencc9_ad
ABCA7	Autism Spectrum Disorder	2.66	Existing	Existing	Existing	True	fig3_alzheimer	gencc9_ad
ABCA7	bipolar disorder	1.17	Novel	Novel	Novel	False	fig3_alzheimer	gencc9_ad
ABCA7	congenital heart disease	1.06	Novel	Novel	Novel	False	fig3_chd	universe509
ABCA7	developmental disorder	1.71	Hypothesized	Novel	Hypothesized	False	fig3_alzheimer	gencc9_ad
ABCA7	epilepsy	1.74	Hypothesized	Hypothesized	Hypothesized	False	fig3_alzheimer	gencc9_ad
ABCA7	schizophrenia	2.67	Existing	Existing	Existing	True	fig3_alzheimer	gencc9_ad
ABCA7	type 2 diabetes	1.97	Hypothesized	Hypothesized	Hypothesized	False	fig3_alzheimer	gencc9_ad
ABHD6	Alzheimer's disease	2.0	Hypothesized	Hypothesized	Hypothesized	False	random50_ann2	random50_ann2
ABHD6	Autism Spectrum Disorder	1.99	Hypothesized	Hypothesized	Hypothesized	False	random50_ann2	random50_ann2
ABHD6	bipolar disorder	1.84	Hypothesized	Hypothesized	Hypothesized	False	random50_ann2	random50_ann2
ABHD6	congenital heart disease	1.24	Novel	Novel	Novel	False	fig3_chd	universe509
ABHD6	developmental disorder	2.38	Hypothesized	Hypothesized	Hypothesized	False	random50_ann2	random50_ann2
ABHD6	epilepsy	2.06	Hypothesized	Hypothesized	Hypothesized	False	random50_ann2	random50_ann2
ABHD6	schizophrenia	2.07	Hypothesized	Hypothesized	Hypothesized	False	random50_ann2	random50_ann2
ABHD6	type 2 diabetes	2.1	Hypothesized	Hypothesized	Hypothesized	False	random50_ann2	random50_ann2
ACTB	Alzheimer's disease	2.59	Existing	Existing	Existing	True	fig3_alzheimer	universe450
ACTB	Autism Spectrum Disorder	2.82	Existing	Existing	Existing	True	asc_ref299	
ACTB	bipolar disorder	2.11	Hypothesized	Hypothesized	Hypothesized	False	asc_ref299	
ACTB	congenital heart disease	3.34	Existing	Established	Existing	True	fig3_chd	universe509
ACTB	developmental disorder	3.95	Established	Established	Established	True	asc_ref299	
ACTB	epilepsy	3.67	Established	Established	Established	True	asc_ref299	
ACTB	schizophrenia	2.08	Hypothesized	Hypothesized	Hypothesized	False	asc_ref299	
ACTB	type 2 diabetes	2.42	Hypothesized	Existing	Hypothesized	False	asc_ref299	
ACTG1	Alzheimer's disease	1.95	Hypothesized	Hypothesized	Hypothesized	False	fig3_alzheimer	universe450
ACTG1	Autism Spectrum Disorder	2.68	Existing	Existing	Existing	True	asc_ref299	
ACTG1	bipolar disorder	1.19	Novel	Novel	Novel	False	asc_ref299	
ACTG1	congenital heart disease	3.0	Existing	Existing	Existing	True	fig3_chd	universe509
ACTG1	developmental disorder	3.95	Established	Established	Established	True	asc_ref299	
ACTG1	epilepsy	3.44	Existing	Established	Existing	True	asc_ref299	
ACTG1	schizophrenia	1.44	Novel	Novel	Novel	False	asc_ref299	
ACTG1	type 2 diabetes	2.07	Hypothesized	Hypothesized	Hypothesized	False	asc_ref299	
ACVR1C	Alzheimer's disease	1.66	Hypothesized	Hypothesized	Hypothesized	False	random50_ann2	random50_ann2
ACVR1C	Autism Spectrum Disorder	1.37	Novel	Novel	Novel	False	random50_ann2	random50_ann2
ACVR1C	bipolar disorder	1.29	Novel	Novel	Novel	False	random50_ann2	random50_ann2
ACVR1C	congenital heart disease	1.63	Hypothesized	Hypothesized	Hypothesized	False	fig3_chd	universe509
ACVR1C	developmental disorder	2.1	Hypothesized	Hypothesized	Hypothesized	False	random50_ann2	random50_ann2
ACVR1C	epilepsy	1.39	Novel	Novel	Novel	False	random50_ann2	random50_ann2
ACVR1C	schizophrenia	1.27	Novel	Novel	Novel	False	random50_ann2	random50_ann2
ACVR1C	type 2 diabetes	3.17	Existing	Existing	Existing	True	random50_ann2	random50_ann2
ACY1	Alzheimer's disease	2.09	Hypothesized	Hypothesized	Hypothesized	False	fig3_alzheimer	universe450
ACY1	Autism Spectrum Disorder	3.1	Existing	Existing	Existing	True	asd_extra101	random
ACY1	bipolar disorder	1.52	Hypothesized	Novel	Hypothesized	False	fig3_four_phenos	
ACY1	congenital heart disease	1.56	Hypothesized	Novel	Hypothesized	False	fig3_chd	universe509
ACY1	developmental disorder	3.62	Established	Established	Established	True	fig3_four_phenos	
ACY1	epilepsy	3.02	Existing	Existing	Existing	True	fig3_four_phenos	
ACY1	schizophrenia	2.24	Hypothesized	Hypothesized	Hypothesized	False	scz_extra101	random
ACY1	type 2 diabetes	2.32	Hypothesized	Hypothesized	Hypothesized	False	fig3_four_phenos	
ADAM23	Alzheimer's disease	2.22	Hypothesized	Hypothesized	Hypothesized	False	fig3_alzheimer	universe450
ADAM23	Autism Spectrum Disorder	2.07	Hypothesized	Hypothesized	Hypothesized	False	asc_ref299	
ADAM23	bipolar disorder	1.79	Hypothesized	Hypothesized	Hypothesized	False	asc_ref299	
ADAM23	congenital heart disease	1.6	Hypothesized	Novel	Hypothesized	False	fig3_chd	universe509
ADAM23	developmental disorder	2.86	Existing	Existing	Existing	True	asc_ref299	
ADAM23	epilepsy	2.92	Existing	Existing	Existing	True	asc_ref299	
ADAM23	schizophrenia	1.41	Novel	Novel	Novel	False	asc_ref299	
ADAM23	type 2 diabetes	1.06	Novel	Novel	Novel	False	asc_ref299	
ADGRB1	Alzheimer's disease	1.48	Novel	Novel	Novel	False	fig3_alzheimer	universe450
ADGRB1	Autism Spectrum Disorder	2.89	Existing	Existing	Existing	True	asc_ref299	
ADGRB1	bipolar disorder	1.81	Hypothesized	Hypothesized	Hypothesized	False	asc_ref299	
ADGRB1	congenital heart disease	1.17	Novel	Novel	Novel	False	fig3_chd	universe509
ADGRB1	developmental disorder	2.87	Existing	Existing	Existing	True	asc_ref299	
ADGRB1	epilepsy	2.07	Hypothesized	Hypothesized	Hypothesized	False	asc_ref299	
ADGRB1	schizophrenia	2.68	Existing	Existing	Existing	True	asc_ref299	
ADGRB1	type 2 diabetes	1.66	Hypothesized	Hypothesized	Hypothesized	False	asc_ref299	
ADGRL1	Alzheimer's disease	1.33	Novel	Novel	Novel	False	fig3_alzheimer	universe450
ADGRL1	Autism Spectrum Disorder	3.07	Existing	Existing	Existing	True	asc_ref299	
ADGRL1	bipolar disorder	1.74	Hypothesized	Hypothesized	Hypothesized	False	asc_ref299	
ADGRL1	congenital heart disease	1.22	Novel	Novel	Novel	False	fig3_chd	universe509
ADGRL1	developmental disorder	3.45	Existing	Established	Existing	True	asc_ref299	
ADGRL1	epilepsy	3.49	Existing	Established	Existing	True	asc_ref299	
ADGRL1	schizophrenia	2.07	Hypothesized	Hypothesized	Hypothesized	False	asc_ref299	
ADGRL1	type 2 diabetes	2.57	Existing	Existing	Existing	True	asc_ref299	
ADNP	Alzheimer's disease	2.7	Existing	Existing	Existing	True	fig3_alzheimer	universe450
ADNP	Autism Spectrum Disorder	3.94	Established	Established	Established	True	asc_ref299	
ADNP	bipolar disorder	1.49	Novel	Novel	Novel	False	asc_ref299	
ADNP	congenital heart disease	2.93	Existing	Existing	Existing	True	fig3_chd	universe509
ADNP	developmental disorder	3.95	Established	Established	Established	True	asc_ref299	
ADNP	epilepsy	2.87	Existing	Existing	Existing	True	asc_ref299	
ADNP	schizophrenia	2.25	Hypothesized	Hypothesized	Hypothesized	False	asc_ref299	
ADNP	type 2 diabetes	1.94	Hypothesized	Hypothesized	Hypothesized	False	asc_ref299	
AHDC1	Alzheimer's disease	1.09	Novel	Novel	Novel	False	fig3_alzheimer	universe450
AHDC1	Autism Spectrum Disorder	3.52	Established	Established	Established	True	asc_ref299	
AHDC1	bipolar disorder	1.31	Novel	Novel	Novel	False	asc_ref299	
AHDC1	congenital heart disease	2.29	Hypothesized	Existing	Hypothesized	False	fig3_chd	universe509
AHDC1	developmental disorder	3.94	Established	Established	Established	True	asc_ref299	
AHDC1	epilepsy	3.82	Established	Established	Established	True	asc_ref299	
AHDC1	schizophrenia	2.18	Hypothesized	Existing	Hypothesized	False	asc_ref299	
AHDC1	type 2 diabetes	1.12	Novel	Novel	Novel	False	asc_ref299	
AHNAK	Alzheimer's disease	2.66	Existing	Existing	Existing	True	fig3_chd	pcgc_sig60
AHNAK	Autism Spectrum Disorder	2.36	Hypothesized	Existing	Hypothesized	False	fig3_chd	pcgc_sig60
AHNAK	bipolar disorder	2.51	Existing	Existing	Existing	True	fig3_chd	pcgc_sig60
AHNAK	congenital heart disease	1.61	Hypothesized	Hypothesized	Hypothesized	False	fig3_chd	pcgc_sig60
AHNAK	developmental disorder	2.46	Hypothesized	Existing	Hypothesized	False	fig3_chd	pcgc_sig60
AHNAK	epilepsy	1.73	Hypothesized	Hypothesized	Hypothesized	False	fig3_chd	pcgc_sig60
AHNAK	schizophrenia	1.86	Hypothesized	Hypothesized	Hypothesized	False	fig3_chd	pcgc_sig60
AHNAK	type 2 diabetes	1.93	Hypothesized	Hypothesized	Hypothesized	False	fig3_chd	pcgc_sig60
AIDA	Alzheimer's disease	1.48	Novel	Novel	Novel	False	fig3_alzheimer	universe450
AIDA	Autism Spectrum Disorder	1.46	Novel	Novel	Novel	False	random50_ann	random50_ann
AIDA	bipolar disorder	1.35	Novel	Novel	Novel	False	random50_ann	random50_ann
AIDA	congenital heart disease	1.27	Novel	Novel	Novel	False	fig3_chd	universe509
AIDA	developmental disorder	1.47	Novel	Novel	Novel	False	random50_ann	random50_ann
AIDA	epilepsy	1.22	Novel	Novel	Novel	False	random50_ann	random50_ann
AIDA	schizophrenia	1.28	Novel	Novel	Novel	False	random50_ann	random50_ann
AIDA	type 2 diabetes	1.14	Novel	Novel	Novel	False	random50_ann	random50_ann
AIM2	Alzheimer's disease	2.08	Hypothesized	Hypothesized	Hypothesized	False	fig3_alzheimer	universe450
AIM2	Autism Spectrum Disorder	2.72	Existing	Existing	Existing	True	random50_ann	random50_ann
AIM2	bipolar disorder	1.17	Novel	Novel	Novel	False	random50_ann	random50_ann
AIM2	congenital heart disease	1.37	Novel	Novel	Novel	False	fig3_chd	universe509
AIM2	developmental disorder	2.05	Hypothesized	Hypothesized	Hypothesized	False	random50_ann	random50_ann
AIM2	epilepsy	2.04	Hypothesized	Hypothesized	Hypothesized	False	random50_ann	random50_ann
AIM2	schizophrenia	2.03	Hypothesized	Hypothesized	Hypothesized	False	random50_ann	random50_ann
AIM2	type 2 diabetes	2.26	Hypothesized	Hypothesized	Hypothesized	False	random50_ann	random50_ann
AKAP11	Alzheimer's disease	1.41	Novel	Novel	Novel	False	fig3_alzheimer	universe450
AKAP11	Autism Spectrum Disorder	1.48	Novel	Novel	Novel	False	asc_ref299	
AKAP11	bipolar disorder	3.75	Established	Established	Established	True	asc_ref299	
AKAP11	congenital heart disease	2.35	Hypothesized	Existing	Hypothesized	False	fig3_chd	universe509
AKAP11	developmental disorder	2.03	Hypothesized	Hypothesized	Hypothesized	False	asc_ref299	
AKAP11	epilepsy	1.47	Novel	Novel	Novel	False	asc_ref299	
AKAP11	schizophrenia	3.48	Existing	Established	Existing	True	asc_ref299	
AKAP11	type 2 diabetes	1.44	Novel	Novel	Novel	False	asc_ref299	
ALDH1A2	Alzheimer's disease	1.9	Hypothesized	Hypothesized	Hypothesized	False	random50_ann2	random50_ann2
ALDH1A2	Autism Spectrum Disorder	2.04	Hypothesized	Hypothesized	Hypothesized	False	random50_ann2	random50_ann2
ALDH1A2	bipolar disorder	1.3	Novel	Novel	Novel	False	random50_ann2	random50_ann2
ALDH1A2	congenital heart disease	3.65	Established	Established	Established	True	fig3_chd	universe509
ALDH1A2	developmental disorder	3.73	Established	Established	Established	True	random50_ann2	random50_ann2
ALDH1A2	epilepsy	1.43	Novel	Novel	Novel	False	random50_ann2	random50_ann2
ALDH1A2	schizophrenia	2.78	Existing	Existing	Existing	True	random50_ann2	random50_ann2
ALDH1A2	type 2 diabetes	2.29	Hypothesized	Hypothesized	Hypothesized	False	random50_ann2	random50_ann2
ALOX12	Alzheimer's disease	2.25	Hypothesized	Hypothesized	Hypothesized	False	random50_ann2	random50_ann2
ALOX12	Autism Spectrum Disorder	1.42	Novel	Novel	Novel	False	random50_ann2	random50_ann2
ALOX12	bipolar disorder	2.87	Existing	Existing	Existing	True	random50_ann2	random50_ann2
ALOX12	congenital heart disease	1.45	Novel	Novel	Novel	False	fig3_chd	universe509
ALOX12	developmental disorder	1.89	Hypothesized	Novel	Hypothesized	False	random50_ann2	random50_ann2
ALOX12	epilepsy	1.42	Novel	Novel	Novel	False	random50_ann2	random50_ann2
ALOX12	schizophrenia	2.86	Existing	Existing	Existing	True	random50_ann2	random50_ann2
ALOX12	type 2 diabetes	2.82	Existing	Existing	Existing	True	random50_ann2	random50_ann2
AMY2B	Alzheimer's disease	1.06	Novel	Novel	Novel	False	fig3_alzheimer	universe450
AMY2B	Autism Spectrum Disorder	1.14	Novel	Novel	Novel	False	extra50_random	random50
AMY2B	bipolar disorder	1.06	Novel	Novel	Novel	False	fig3_four_phenos	
AMY2B	congenital heart disease	1.18	Novel	Novel	Novel	False	fig3_chd	universe509
AMY2B	developmental disorder	1.39	Novel	Novel	Novel	False	fig3_four_phenos	
AMY2B	epilepsy	1.12	Novel	Novel	Novel	False	fig3_four_phenos	
AMY2B	schizophrenia	1.06	Novel	Novel	Novel	False	extra50_random	random50
AMY2B	type 2 diabetes	2.64	Existing	Existing	Existing	True	fig3_four_phenos	
ANAPC7	Alzheimer's disease	1.24	Novel	Novel	Novel	False	fig3_alzheimer	universe450
ANAPC7	Autism Spectrum Disorder	2.36	Hypothesized	Hypothesized	Hypothesized	False	random50_ann	random50_ann
ANAPC7	bipolar disorder	1.9	Hypothesized	Hypothesized	Hypothesized	False	random50_ann	random50_ann
ANAPC7	congenital heart disease	1.17	Novel	Novel	Novel	False	fig3_chd	universe509
ANAPC7	developmental disorder	3.04	Existing	Existing	Existing	True	random50_ann	random50_ann
ANAPC7	epilepsy	2.06	Hypothesized	Hypothesized	Hypothesized	False	random50_ann	random50_ann
ANAPC7	schizophrenia	2.76	Existing	Existing	Existing	True	random50_ann	random50_ann
ANAPC7	type 2 diabetes	1.1	Novel	Novel	Novel	False	random50_ann	random50_ann
ANK2	Alzheimer's disease	1.69	Hypothesized	Hypothesized	Hypothesized	False	fig3_alzheimer	universe450
ANK2	Autism Spectrum Disorder	3.43	Existing	Established	Existing	True	asc_ref299	
ANK2	bipolar disorder	1.52	Hypothesized	Novel	Hypothesized	False	asc_ref299	
ANK2	congenital heart disease	2.69	Existing	Existing	Existing	True	fig3_chd	universe509
ANK2	developmental disorder	3.69	Established	Established	Established	True	asc_ref299	
ANK2	epilepsy	3.34	Existing	Established	Existing	True	asc_ref299	
ANK2	schizophrenia	2.14	Hypothesized	Hypothesized	Hypothesized	False	asc_ref299	
ANK2	type 2 diabetes	2.75	Existing	Existing	Existing	True	asc_ref299	
ANKFN1	Alzheimer's disease	1.14	Novel	Novel	Novel	False	fig3_alzheimer	universe450
ANKFN1	Autism Spectrum Disorder	1.53	Hypothesized	Novel	Hypothesized	False	extra50_random	random50
ANKFN1	bipolar disorder	1.24	Novel	Novel	Novel	False	fig3_four_phenos	
ANKFN1	congenital heart disease	1.44	Novel	Novel	Novel	False	fig3_chd	universe509
ANKFN1	developmental disorder	2.17	Hypothesized	Hypothesized	Hypothesized	False	fig3_four_phenos	
ANKFN1	epilepsy	1.46	Novel	Novel	Novel	False	fig3_four_phenos	
ANKFN1	schizophrenia	1.81	Hypothesized	Novel	Hypothesized	False	extra50_random	random50
ANKFN1	type 2 diabetes	1.12	Novel	Novel	Novel	False	fig3_four_phenos	
ANKRD11	Alzheimer's disease	1.21	Novel	Novel	Novel	False	fig3_alzheimer	universe450
ANKRD11	Autism Spectrum Disorder	3.58	Established	Established	Established	True	asc_ref299	
ANKRD11	bipolar disorder	1.43	Novel	Novel	Novel	False	asc_ref299	
ANKRD11	congenital heart disease	3.72	Established	Established	Established	True	fig3_chd	universe509
ANKRD11	developmental disorder	3.97	Established	Established	Established	True	asc_ref299	
ANKRD11	epilepsy	3.92	Established	Established	Established	True	asc_ref299	
ANKRD11	schizophrenia	2.73	Existing	Existing	Existing	True	asc_ref299	
ANKRD11	type 2 diabetes	1.14	Novel	Novel	Novel	False	asc_ref299	
AOC3	Alzheimer's disease	2.12	Hypothesized	Hypothesized	Hypothesized	False	fig3_alzheimer	universe450
AOC3	Autism Spectrum Disorder	1.17	Novel	Novel	Novel	False	extra50_random	random50
AOC3	bipolar disorder	1.24	Novel	Novel	Novel	False	fig3_four_phenos	
AOC3	congenital heart disease	1.67	Hypothesized	Hypothesized	Hypothesized	False	fig3_chd	universe509
AOC3	developmental disorder	1.36	Novel	Novel	Novel	False	fig3_four_phenos	
AOC3	epilepsy	1.8	Hypothesized	Hypothesized	Hypothesized	False	fig3_four_phenos	
AOC3	schizophrenia	1.44	Novel	Novel	Novel	False	extra50_random	random50
AOC3	type 2 diabetes	2.11	Hypothesized	Hypothesized	Hypothesized	False	fig3_four_phenos	
AP2S1	Alzheimer's disease	1.99	Hypothesized	Hypothesized	Hypothesized	False	fig3_alzheimer	universe450
AP2S1	Autism Spectrum Disorder	2.18	Hypothesized	Hypothesized	Hypothesized	False	asc_ref299	
AP2S1	bipolar disorder	1.2	Novel	Novel	Novel	False	asc_ref299	
AP2S1	congenital heart disease	1.2	Novel	Novel	Novel	False	fig3_chd	universe509
AP2S1	developmental disorder	3.09	Existing	Existing	Existing	True	asc_ref299	
AP2S1	epilepsy	1.61	Hypothesized	Novel	Hypothesized	False	asc_ref299	
AP2S1	schizophrenia	1.31	Novel	Novel	Novel	False	asc_ref299	
AP2S1	type 2 diabetes	1.17	Novel	Novel	Novel	False	asc_ref299	
APOBR	Alzheimer's disease	1.17	Novel	Novel	Novel	False	fig3_alzheimer	universe450
APOBR	Autism Spectrum Disorder	1.09	Novel	Novel	Novel	False	random50_ann	random50_ann
APOBR	bipolar disorder	1.13	Novel	Novel	Novel	False	random50_ann	random50_ann
APOBR	congenital heart disease	1.14	Novel	Novel	Novel	False	fig3_chd	universe509
APOBR	developmental disorder	1.54	Hypothesized	Novel	Hypothesized	False	random50_ann	random50_ann
APOBR	epilepsy	1.16	Novel	Novel	Novel	False	random50_ann	random50_ann
APOBR	schizophrenia	1.09	Novel	Novel	Novel	False	random50_ann	random50_ann
APOBR	type 2 diabetes	2.37	Hypothesized	Existing	Hypothesized	False	random50_ann	random50_ann
APOC3	Alzheimer's disease	2.8	Existing	Existing	Existing	True	fig3_alzheimer	universe450
APOC3	Autism Spectrum Disorder	1.04	Novel	Novel	Novel	False	random50_ann	random50_ann
APOC3	bipolar disorder	1.58	Hypothesized	Novel	Hypothesized	False	random50_ann	random50_ann
APOC3	congenital heart disease	1.21	Novel	Novel	Novel	False	fig3_chd	universe509
APOC3	developmental disorder	1.31	Novel	Novel	Novel	False	random50_ann	random50_ann
APOC3	epilepsy	1.26	Novel	Novel	Novel	False	random50_ann	random50_ann
APOC3	schizophrenia	2.61	Existing	Existing	Existing	True	random50_ann	random50_ann
APOC3	type 2 diabetes	3.0	Existing	Existing	Existing	True	random50_ann	random50_ann
APOE	Alzheimer's disease	3.55	Established	Established	Established	True	fig3_alzheimer	gencc9_ad
APOE	Autism Spectrum Disorder	2.86	Existing	Existing	Existing	True	fig3_alzheimer	gencc9_ad
APOE	bipolar disorder	2.69	Existing	Existing	Existing	True	fig3_alzheimer	gencc9_ad
APOE	congenital heart disease	2.33	Hypothesized	Existing	Hypothesized	False	fig3_chd	universe509
APOE	developmental disorder	2.46	Hypothesized	Existing	Hypothesized	False	fig3_alzheimer	gencc9_ad
APOE	epilepsy	2.89	Existing	Existing	Existing	True	fig3_alzheimer	gencc9_ad
APOE	schizophrenia	2.73	Existing	Existing	Existing	True	fig3_alzheimer	gencc9_ad
APOE	type 2 diabetes	2.95	Existing	Existing	Existing	True	fig3_alzheimer	gencc9_ad
APP	Alzheimer's disease	3.87	Established	Established	Established	True	fig3_alzheimer	gencc9_ad
APP	Autism Spectrum Disorder	2.38	Hypothesized	Hypothesized	Hypothesized	False	fig3_alzheimer	gencc9_ad
APP	bipolar disorder	2.06	Hypothesized	Hypothesized	Hypothesized	False	fig3_alzheimer	gencc9_ad
APP	congenital heart disease	2.04	Hypothesized	Hypothesized	Hypothesized	False	fig3_chd	universe509
APP	developmental disorder	3.21	Existing	Existing	Existing	True	fig3_alzheimer	gencc9_ad
APP	epilepsy	3.26	Existing	Established	Existing	True	fig3_alzheimer	gencc9_ad
APP	schizophrenia	2.38	Hypothesized	Hypothesized	Hypothesized	False	fig3_alzheimer	gencc9_ad
APP	type 2 diabetes	2.09	Hypothesized	Hypothesized	Hypothesized	False	fig3_alzheimer	gencc9_ad
ARF3	Alzheimer's disease	1.37	Novel	Novel	Novel	False	fig3_alzheimer	universe450
ARF3	Autism Spectrum Disorder	2.32	Hypothesized	Existing	Hypothesized	False	asc_ref299	
ARF3	bipolar disorder	1.16	Novel	Novel	Novel	False	asc_ref299	
ARF3	congenital heart disease	1.36	Novel	Novel	Novel	False	fig3_chd	universe509
ARF3	developmental disorder	3.92	Established	Established	Established	True	asc_ref299	
ARF3	epilepsy	3.79	Established	Established	Established	True	asc_ref299	
ARF3	schizophrenia	1.49	Novel	Novel	Novel	False	asc_ref299	
ARF3	type 2 diabetes	1.71	Hypothesized	Hypothesized	Hypothesized	False	asc_ref299	
ARGFX	Alzheimer's disease	1.05	Novel	Novel	Novel	False	random50_ann2	random50_ann2
ARGFX	Autism Spectrum Disorder	1.12	Novel	Novel	Novel	False	random50_ann2	random50_ann2
ARGFX	bipolar disorder	1.04	Novel	Novel	Novel	False	random50_ann2	random50_ann2
ARGFX	congenital heart disease	1.09	Novel	Novel	Novel	False	fig3_chd	universe509
ARGFX	developmental disorder	2.1	Hypothesized	Hypothesized	Hypothesized	False	random50_ann2	random50_ann2
ARGFX	epilepsy	1.06	Novel	Novel	Novel	False	random50_ann2	random50_ann2
ARGFX	schizophrenia	1.06	Novel	Novel	Novel	False	random50_ann2	random50_ann2
ARGFX	type 2 diabetes	1.06	Novel	Novel	Novel	False	random50_ann2	random50_ann2
ARHGAP18	Alzheimer's disease	1.22	Novel	Novel	Novel	False	fig3_alzheimer	universe450
ARHGAP18	Autism Spectrum Disorder	1.7	Hypothesized	Hypothesized	Hypothesized	False	extra50_random	random50
ARHGAP18	bipolar disorder	2.03	Hypothesized	Hypothesized	Hypothesized	False	fig3_four_phenos	
ARHGAP18	congenital heart disease	1.75	Hypothesized	Hypothesized	Hypothesized	False	fig3_chd	universe509
ARHGAP18	developmental disorder	2.57	Existing	Existing	Existing	True	fig3_four_phenos	
ARHGAP18	epilepsy	1.17	Novel	Novel	Novel	False	fig3_four_phenos	
ARHGAP18	schizophrenia	3.0	Existing	Existing	Existing	True	extra50_random	random50
ARHGAP18	type 2 diabetes	1.17	Novel	Novel	Novel	False	fig3_four_phenos	
ARHGAP5	Alzheimer's disease	1.32	Novel	Novel	Novel	False	fig3_alzheimer	universe450
ARHGAP5	Autism Spectrum Disorder	1.79	Hypothesized	Hypothesized	Hypothesized	False	extra50_random	random50
ARHGAP5	bipolar disorder	1.44	Novel	Novel	Novel	False	fig3_four_phenos	
ARHGAP5	congenital heart disease	1.39	Novel	Novel	Novel	False	fig3_chd	universe509
ARHGAP5	developmental disorder	2.55	Existing	Existing	Existing	True	fig3_four_phenos	
ARHGAP5	epilepsy	1.77	Hypothesized	Hypothesized	Hypothesized	False	fig3_four_phenos	
ARHGAP5	schizophrenia	1.46	Novel	Novel	Novel	False	extra50_random	random50
ARHGAP5	type 2 diabetes	1.54	Hypothesized	Novel	Hypothesized	False	fig3_four_phenos	
ARID1A	Alzheimer's disease	1.12	Novel	Novel	Novel	False	fig3_alzheimer	universe450
ARID1A	Autism Spectrum Disorder	2.54	Existing	Existing	Existing	True	asc_ref299	
ARID1A	bipolar disorder	1.41	Novel	Novel	Novel	False	asc_ref299	
ARID1A	congenital heart disease	2.64	Existing	Existing	Existing	True	fig3_chd	universe509
ARID1A	developmental disorder	3.92	Established	Established	Established	True	asc_ref299	
ARID1A	epilepsy	2.89	Existing	Existing	Existing	True	asc_ref299	
ARID1A	schizophrenia	1.69	Hypothesized	Hypothesized	Hypothesized	False	asc_ref299	
ARID1A	type 2 diabetes	1.91	Hypothesized	Hypothesized	Hypothesized	False	asc_ref299	
ARID1B	Alzheimer's disease	2.44	Hypothesized	Existing	Hypothesized	False	fig3_alzheimer	universe450
ARID1B	Autism Spectrum Disorder	3.75	Established	Established	Established	True	asc_ref299	
ARID1B	bipolar disorder	2.2	Hypothesized	Existing	Hypothesized	False	asc_ref299	
ARID1B	congenital heart disease	3.17	Existing	Existing	Existing	True	fig3_chd	universe509
ARID1B	developmental disorder	3.97	Established	Established	Established	True	asc_ref299	
ARID1B	epilepsy	3.82	Established	Established	Established	True	asc_ref299	
ARID1B	schizophrenia	2.31	Hypothesized	Hypothesized	Hypothesized	False	asc_ref299	
ARID1B	type 2 diabetes	2.16	Hypothesized	Existing	Hypothesized	False	asc_ref299	
ASAH1	Alzheimer's disease	1.33	Novel	Novel	Novel	False	fig3_alzheimer	universe450
ASAH1	Autism Spectrum Disorder	1.31	Novel	Novel	Novel	False	random50_ann	random50_ann
ASAH1	bipolar disorder	1.14	Novel	Novel	Novel	False	random50_ann	random50_ann
ASAH1	congenital heart disease	2.34	Hypothesized	Hypothesized	Hypothesized	False	fig3_chd	universe509
ASAH1	developmental disorder	3.76	Established	Established	Established	True	random50_ann	random50_ann
ASAH1	epilepsy	3.92	Established	Established	Established	True	random50_ann	random50_ann
ASAH1	schizophrenia	2.83	Existing	Existing	Existing	True	random50_ann	random50_ann
ASAH1	type 2 diabetes	2.28	Hypothesized	Hypothesized	Hypothesized	False	random50_ann	random50_ann
ASH1L	Alzheimer's disease	1.81	Hypothesized	Novel	Hypothesized	False	fig3_alzheimer	universe450
ASH1L	Autism Spectrum Disorder	3.73	Established	Established	Established	True	asc_ref299	
ASH1L	bipolar disorder	1.87	Hypothesized	Hypothesized	Hypothesized	False	asc_ref299	
ASH1L	congenital heart disease	1.59	Hypothesized	Novel	Hypothesized	False	fig3_chd	universe509
ASH1L	developmental disorder	3.92	Established	Established	Established	True	asc_ref299	
ASH1L	epilepsy	3.18	Existing	Existing	Existing	True	asc_ref299	
ASH1L	schizophrenia	1.94	Hypothesized	Hypothesized	Hypothesized	False	asc_ref299	
ASH1L	type 2 diabetes	2.73	Existing	Existing	Existing	True	asc_ref299	
ASPSCR1	Alzheimer's disease	1.54	Hypothesized	Novel	Hypothesized	False	random50_ann2	random50_ann2
ASPSCR1	Autism Spectrum Disorder	1.17	Novel	Novel	Novel	False	random50_ann2	random50_ann2
ASPSCR1	bipolar disorder	1.17	Novel	Novel	Novel	False	random50_ann2	random50_ann2
ASPSCR1	congenital heart disease	1.17	Novel	Novel	Novel	False	fig3_chd	universe509
ASPSCR1	developmental disorder	1.5	Hypothesized	Novel	Hypothesized	False	random50_ann2	random50_ann2
ASPSCR1	epilepsy	1.36	Novel	Novel	Novel	False	random50_ann2	random50_ann2
ASPSCR1	schizophrenia	1.17	Novel	Novel	Novel	False	random50_ann2	random50_ann2
ASPSCR1	type 2 diabetes	2.05	Hypothesized	Hypothesized	Hypothesized	False	random50_ann2	random50_ann2
ASXL3	Alzheimer's disease	1.06	Novel	Novel	Novel	False	fig3_alzheimer	universe450
ASXL3	Autism Spectrum Disorder	3.68	Established	Established	Established	True	asc_ref299	
ASXL3	bipolar disorder	1.25	Novel	Novel	Novel	False	asc_ref299	
ASXL3	congenital heart disease	2.89	Existing	Existing	Existing	True	fig3_chd	universe509
ASXL3	developmental disorder	3.97	Established	Established	Established	True	asc_ref299	
ASXL3	epilepsy	3.68	Established	Established	Established	True	asc_ref299	
ASXL3	schizophrenia	1.37	Novel	Novel	Novel	False	asc_ref299	
ASXL3	type 2 diabetes	1.47	Novel	Novel	Novel	False	asc_ref299	
ATAT1	Alzheimer's disease	2.19	Hypothesized	Hypothesized	Hypothesized	False	fig3_alzheimer	universe450
ATAT1	Autism Spectrum Disorder	1.49	Novel	Novel	Novel	False	asc_ref299	
ATAT1	bipolar disorder	1.27	Novel	Novel	Novel	False	asc_ref299	
ATAT1	congenital heart disease	1.71	Hypothesized	Hypothesized	Hypothesized	False	fig3_chd	universe509
ATAT1	developmental disorder	1.97	Hypothesized	Hypothesized	Hypothesized	False	asc_ref299	
ATAT1	epilepsy	1.44	Novel	Novel	Novel	False	asc_ref299	
ATAT1	schizophrenia	1.49	Novel	Novel	Novel	False	asc_ref299	
ATAT1	type 2 diabetes	1.78	Hypothesized	Hypothesized	Hypothesized	False	asc_ref299	
ATP1A1	Alzheimer's disease	2.13	Hypothesized	Hypothesized	Hypothesized	False	fig3_alzheimer	universe450
ATP1A1	Autism Spectrum Disorder	3.01	Existing	Existing	Existing	True	asc_ref299	
ATP1A1	bipolar disorder	2.69	Existing	Existing	Existing	True	asc_ref299	
ATP1A1	congenital heart disease	1.92	Hypothesized	Hypothesized	Hypothesized	False	fig3_chd	universe509
ATP1A1	developmental disorder	3.86	Established	Established	Established	True	asc_ref299	
ATP1A1	epilepsy	3.83	Established	Established	Established	True	asc_ref299	
ATP1A1	schizophrenia	1.47	Novel	Novel	Novel	False	asc_ref299	
ATP1A1	type 2 diabetes	2.79	Existing	Existing	Existing	True	asc_ref299	
ATP2B2	Alzheimer's disease	1.95	Hypothesized	Hypothesized	Hypothesized	False	fig3_alzheimer	universe450
ATP2B2	Autism Spectrum Disorder	3.17	Existing	Existing	Existing	True	asc_ref299	
ATP2B2	bipolar disorder	1.44	Novel	Novel	Novel	False	asc_ref299	
ATP2B2	congenital heart disease	1.31	Novel	Novel	Novel	False	fig3_chd	universe509
ATP2B2	developmental disorder	3.86	Established	Established	Established	True	asc_ref299	
ATP2B2	epilepsy	3.37	Existing	Established	Existing	True	asc_ref299	
ATP2B2	schizophrenia	2.25	Hypothesized	Hypothesized	Hypothesized	False	asc_ref299	
ATP2B2	type 2 diabetes	2.07	Hypothesized	Hypothesized	Hypothesized	False	asc_ref299	
ATP9A	Alzheimer's disease	1.49	Novel	Novel	Novel	False	fig3_alzheimer	universe450
ATP9A	Autism Spectrum Disorder	2.46	Hypothesized	Existing	Hypothesized	False	asc_ref299	
ATP9A	bipolar disorder	1.5	Hypothesized	Novel	Hypothesized	False	asc_ref299	
ATP9A	congenital heart disease	1.23	Novel	Novel	Novel	False	fig3_chd	universe509
ATP9A	developmental disorder	3.92	Established	Established	Established	True	asc_ref299	
ATP9A	epilepsy	1.93	Hypothesized	Hypothesized	Hypothesized	False	asc_ref299	
ATP9A	schizophrenia	1.56	Hypothesized	Novel	Hypothesized	False	asc_ref299	
ATP9A	type 2 diabetes	1.16	Novel	Novel	Novel	False	asc_ref299	
ATRAID	Alzheimer's disease	1.66	Hypothesized	Hypothesized	Hypothesized	False	fig3_alzheimer	universe450
ATRAID	Autism Spectrum Disorder	1.06	Novel	Novel	Novel	False	extra50_random	random50
ATRAID	bipolar disorder	1.05	Novel	Novel	Novel	False	fig3_four_phenos	
ATRAID	congenital heart disease	1.09	Novel	Novel	Novel	False	fig3_chd	universe509
ATRAID	developmental disorder	1.44	Novel	Novel	Novel	False	fig3_four_phenos	
ATRAID	epilepsy	1.06	Novel	Novel	Novel	False	fig3_four_phenos	
ATRAID	schizophrenia	1.06	Novel	Novel	Novel	False	extra50_random	random50
ATRAID	type 2 diabetes	1.06	Novel	Novel	Novel	False	fig3_four_phenos	
AUTS2	Alzheimer's disease	1.22	Novel	Novel	Novel	False	fig3_alzheimer	universe450
AUTS2	Autism Spectrum Disorder	3.78	Established	Established	Established	True	asc_ref299	
AUTS2	bipolar disorder	2.28	Hypothesized	Existing	Hypothesized	False	asc_ref299	
AUTS2	congenital heart disease	2.13	Hypothesized	Hypothesized	Hypothesized	False	fig3_chd	universe509
AUTS2	developmental disorder	3.95	Established	Established	Established	True	asc_ref299	
AUTS2	epilepsy	3.08	Existing	Existing	Existing	True	asc_ref299	
AUTS2	schizophrenia	2.9	Existing	Existing	Existing	True	asc_ref299	
AUTS2	type 2 diabetes	1.06	Novel	Novel	Novel	False	asc_ref299	
AZU1	Alzheimer's disease	2.35	Hypothesized	Hypothesized	Hypothesized	False	random50_ann2	random50_ann2
AZU1	Autism Spectrum Disorder	1.07	Novel	Novel	Novel	False	random50_ann2	random50_ann2
AZU1	bipolar disorder	1.36	Novel	Novel	Novel	False	random50_ann2	random50_ann2
AZU1	congenital heart disease	1.64	Hypothesized	Novel	Hypothesized	False	fig3_chd	universe509
AZU1	developmental disorder	1.55	Hypothesized	Novel	Hypothesized	False	random50_ann2	random50_ann2
AZU1	epilepsy	1.17	Novel	Novel	Novel	False	random50_ann2	random50_ann2
AZU1	schizophrenia	1.25	Novel	Novel	Novel	False	random50_ann2	random50_ann2
AZU1	type 2 diabetes	1.68	Hypothesized	Hypothesized	Hypothesized	False	random50_ann2	random50_ann2
BAZ2A	Alzheimer's disease	1.89	Hypothesized	Hypothesized	Hypothesized	False	fig3_alzheimer	universe450
BAZ2A	Autism Spectrum Disorder	2.27	Hypothesized	Hypothesized	Hypothesized	False	asc_ref299	
BAZ2A	bipolar disorder	1.16	Novel	Novel	Novel	False	asc_ref299	
BAZ2A	congenital heart disease	1.09	Novel	Novel	Novel	False	fig3_chd	universe509
BAZ2A	developmental disorder	1.78	Hypothesized	Hypothesized	Hypothesized	False	asc_ref299	
BAZ2A	epilepsy	1.22	Novel	Novel	Novel	False	asc_ref299	
BAZ2A	schizophrenia	1.24	Novel	Novel	Novel	False	asc_ref299	
BAZ2A	type 2 diabetes	1.17	Novel	Novel	Novel	False	asc_ref299	
BCAT1	Alzheimer's disease	2.11	Hypothesized	Hypothesized	Hypothesized	False	fig3_alzheimer	universe450
BCAT1	Autism Spectrum Disorder	2.18	Hypothesized	Hypothesized	Hypothesized	False	asc_ref299	
BCAT1	bipolar disorder	1.41	Novel	Novel	Novel	False	asc_ref299	
BCAT1	congenital heart disease	1.39	Novel	Novel	Novel	False	fig3_chd	universe509
BCAT1	developmental disorder	2.77	Existing	Existing	Existing	True	asc_ref299	
BCAT1	epilepsy	2.08	Hypothesized	Hypothesized	Hypothesized	False	asc_ref299	
BCAT1	schizophrenia	1.32	Novel	Novel	Novel	False	asc_ref299	
BCAT1	type 2 diabetes	2.8	Existing	Existing	Existing	True	asc_ref299	
BCL11A	Alzheimer's disease	2.38	Hypothesized	Hypothesized	Hypothesized	False	fig3_alzheimer	universe450
BCL11A	Autism Spectrum Disorder	3.6	Established	Established	Established	True	asc_ref299	
BCL11A	bipolar disorder	1.79	Hypothesized	Hypothesized	Hypothesized	False	asc_ref299	
BCL11A	congenital heart disease	1.54	Hypothesized	Novel	Hypothesized	False	fig3_chd	universe509
BCL11A	developmental disorder	3.95	Established	Established	Established	True	asc_ref299	
BCL11A	epilepsy	3.5	Established	Established	Established	True	asc_ref299	
BCL11A	schizophrenia	2.7	Existing	Existing	Existing	True	asc_ref299	
BCL11A	type 2 diabetes	3.05	Existing	Existing	Existing	True	asc_ref299	
BCL7C	Alzheimer's disease	1.12	Novel	Novel	Novel	False	fig3_alzheimer	universe450
BCL7C	Autism Spectrum Disorder	1.76	Hypothesized	Hypothesized	Hypothesized	False	random50_ann	random50_ann
BCL7C	bipolar disorder	1.75	Hypothesized	Novel	Hypothesized	False	random50_ann	random50_ann
BCL7C	congenital heart disease	1.41	Novel	Novel	Novel	False	fig3_chd	universe509
BCL7C	developmental disorder	2.01	Hypothesized	Hypothesized	Hypothesized	False	random50_ann	random50_ann
BCL7C	epilepsy	1.43	Novel	Novel	Novel	False	random50_ann	random50_ann
BCL7C	schizophrenia	1.56	Hypothesized	Novel	Hypothesized	False	random50_ann	random50_ann
BCL7C	type 2 diabetes	1.12	Novel	Novel	Novel	False	random50_ann	random50_ann
BCR	Alzheimer's disease	2.04	Hypothesized	Hypothesized	Hypothesized	False	fig3_alzheimer	universe450
BCR	Autism Spectrum Disorder	1.97	Hypothesized	Hypothesized	Hypothesized	False	asc_ref299	
BCR	bipolar disorder	2.83	Existing	Existing	Existing	True	asc_ref299	
BCR	congenital heart disease	2.61	Existing	Existing	Existing	True	fig3_chd	universe509
BCR	developmental disorder	2.06	Hypothesized	Hypothesized	Hypothesized	False	asc_ref299	
BCR	epilepsy	1.71	Hypothesized	Hypothesized	Hypothesized	False	asc_ref299	
BCR	schizophrenia	2.02	Hypothesized	Hypothesized	Hypothesized	False	asc_ref299	
BCR	type 2 diabetes	1.12	Novel	Novel	Novel	False	asc_ref299	
BHMT2	Alzheimer's disease	1.41	Novel	Novel	Novel	False	fig3_alzheimer	universe450
BHMT2	Autism Spectrum Disorder	1.48	Novel	Novel	Novel	False	extra50_random	random50
BHMT2	bipolar disorder	1.16	Novel	Novel	Novel	False	fig3_four_phenos	
BHMT2	congenital heart disease	2.86	Existing	Existing	Existing	True	fig3_chd	universe509
BHMT2	developmental disorder	2.79	Existing	Existing	Existing	True	fig3_four_phenos	
BHMT2	epilepsy	1.25	Novel	Novel	Novel	False	fig3_four_phenos	
BHMT2	schizophrenia	1.25	Novel	Novel	Novel	False	extra50_random	random50
BHMT2	type 2 diabetes	1.73	Hypothesized	Hypothesized	Hypothesized	False	fig3_four_phenos	
BRAF	Alzheimer's disease	1.94	Hypothesized	Hypothesized	Hypothesized	False	fig3_alzheimer	universe450
BRAF	Autism Spectrum Disorder	2.46	Hypothesized	Hypothesized	Hypothesized	False	asc_ref299	
BRAF	bipolar disorder	2.09	Hypothesized	Hypothesized	Hypothesized	False	asc_ref299	
BRAF	congenital heart disease	3.89	Established	Established	Established	True	fig3_chd	universe509
BRAF	developmental disorder	3.92	Established	Established	Established	True	asc_ref299	
BRAF	epilepsy	3.58	Established	Established	Established	True	asc_ref299	
BRAF	schizophrenia	2.05	Hypothesized	Hypothesized	Hypothesized	False	asc_ref299	
BRAF	type 2 diabetes	1.93	Hypothesized	Hypothesized	Hypothesized	False	asc_ref299	
BRD1	Alzheimer's disease	1.24	Novel	Novel	Novel	False	fig3_alzheimer	universe450
BRD1	Autism Spectrum Disorder	2.51	Existing	Existing	Existing	True	asc_ref299	
BRD1	bipolar disorder	2.97	Existing	Existing	Existing	True	asc_ref299	
BRD1	congenital heart disease	1.33	Novel	Novel	Novel	False	fig3_chd	universe509
BRD1	developmental disorder	2.32	Hypothesized	Hypothesized	Hypothesized	False	asc_ref299	
BRD1	epilepsy	2.15	Hypothesized	Hypothesized	Hypothesized	False	asc_ref299	
BRD1	schizophrenia	2.91	Existing	Existing	Existing	True	asc_ref299	
BRD1	type 2 diabetes	1.28	Novel	Novel	Novel	False	asc_ref299	
BRD4	Alzheimer's disease	2.21	Hypothesized	Hypothesized	Hypothesized	False	fig3_alzheimer	universe450
BRD4	Autism Spectrum Disorder	2.26	Hypothesized	Hypothesized	Hypothesized	False	asc_ref299	
BRD4	bipolar disorder	1.46	Novel	Novel	Novel	False	asc_ref299	
BRD4	congenital heart disease	2.83	Existing	Existing	Existing	True	fig3_chd	universe509
BRD4	developmental disorder	3.2	Existing	Existing	Existing	True	asc_ref299	
BRD4	epilepsy	2.27	Hypothesized	Hypothesized	Hypothesized	False	asc_ref299	
BRD4	schizophrenia	2.14	Hypothesized	Hypothesized	Hypothesized	False	asc_ref299	
BRD4	type 2 diabetes	2.48	Hypothesized	Existing	Hypothesized	False	asc_ref299	
BRSK2	Alzheimer's disease	2.53	Existing	Existing	Existing	True	fig3_alzheimer	universe450
BRSK2	Autism Spectrum Disorder	3.86	Established	Established	Established	True	asc_ref299	
BRSK2	bipolar disorder	1.81	Hypothesized	Hypothesized	Hypothesized	False	asc_ref299	
BRSK2	congenital heart disease	1.49	Novel	Novel	Novel	False	fig3_chd	universe509
BRSK2	developmental disorder	3.92	Established	Established	Established	True	asc_ref299	
BRSK2	epilepsy	2.23	Hypothesized	Hypothesized	Hypothesized	False	asc_ref299	
BRSK2	schizophrenia	1.94	Hypothesized	Hypothesized	Hypothesized	False	asc_ref299	
BRSK2	type 2 diabetes	2.83	Existing	Existing	Existing	True	asc_ref299	
BTN1A1	Alzheimer's disease	1.18	Novel	Novel	Novel	False	fig3_alzheimer	universe450
BTN1A1	Autism Spectrum Disorder	1.86	Hypothesized	Hypothesized	Hypothesized	False	random50_ann	random50_ann
BTN1A1	bipolar disorder	1.65	Hypothesized	Novel	Hypothesized	False	random50_ann	random50_ann
BTN1A1	congenital heart disease	1.09	Novel	Novel	Novel	False	fig3_chd	universe509
BTN1A1	developmental disorder	1.43	Novel	Novel	Novel	False	random50_ann	random50_ann
BTN1A1	epilepsy	1.18	Novel	Novel	Novel	False	random50_ann	random50_ann
BTN1A1	schizophrenia	1.52	Hypothesized	Novel	Hypothesized	False	random50_ann	random50_ann
BTN1A1	type 2 diabetes	1.17	Novel	Novel	Novel	False	random50_ann	random50_ann
BTRC	Alzheimer's disease	2.0	Hypothesized	Hypothesized	Hypothesized	False	fig3_alzheimer	universe450
BTRC	Autism Spectrum Disorder	2.67	Existing	Existing	Existing	True	asc_ref299	
BTRC	bipolar disorder	1.44	Novel	Novel	Novel	False	asc_ref299	
BTRC	congenital heart disease	1.45	Novel	Novel	Novel	False	fig3_chd	universe509
BTRC	developmental disorder	3.06	Existing	Existing	Existing	True	asc_ref299	
BTRC	epilepsy	2.08	Hypothesized	Hypothesized	Hypothesized	False	asc_ref299	
BTRC	schizophrenia	1.47	Novel	Novel	Novel	False	asc_ref299	
BTRC	type 2 diabetes	2.49	Hypothesized	Existing	Hypothesized	False	asc_ref299	
C1QL4	Alzheimer's disease	1.17	Novel	Novel	Novel	False	fig3_alzheimer	universe450
C1QL4	Autism Spectrum Disorder	1.46	Novel	Novel	Novel	False	extra50_random	random50
C1QL4	bipolar disorder	1.22	Novel	Novel	Novel	False	fig3_four_phenos	
C1QL4	congenital heart disease	1.56	Hypothesized	Novel	Hypothesized	False	fig3_chd	universe509
C1QL4	developmental disorder	1.51	Hypothesized	Novel	Hypothesized	False	fig3_four_phenos	
C1QL4	epilepsy	1.3	Novel	Novel	Novel	False	fig3_four_phenos	
C1QL4	schizophrenia	1.36	Novel	Novel	Novel	False	extra50_random	random50
C1QL4	type 2 diabetes	1.51	Hypothesized	Novel	Hypothesized	False	fig3_four_phenos	
C1QTNF2	Alzheimer's disease	1.17	Novel	Novel	Novel	False	fig3_alzheimer	universe450
C1QTNF2	Autism Spectrum Disorder	1.06	Novel	Novel	Novel	False	extra50_random	random50
C1QTNF2	bipolar disorder	1.08	Novel	Novel	Novel	False	fig3_four_phenos	
C1QTNF2	congenital heart disease	1.39	Novel	Novel	Novel	False	fig3_chd	universe509
C1QTNF2	developmental disorder	1.09	Novel	Novel	Novel	False	fig3_four_phenos	
C1QTNF2	epilepsy	1.06	Novel	Novel	Novel	False	fig3_four_phenos	
C1QTNF2	schizophrenia	1.1	Novel	Novel	Novel	False	extra50_random	random50
C1QTNF2	type 2 diabetes	1.97	Hypothesized	Hypothesized	Hypothesized	False	fig3_four_phenos	
C6ORF58	Alzheimer's disease	1.13	Novel	Novel	Novel	False	fig3_alzheimer	universe450
C6ORF58	Autism Spectrum Disorder	1.09	Novel	Novel	Novel	False	asd_extra101	random
C6ORF58	bipolar disorder	1.07	Novel	Novel	Novel	False	fig3_four_phenos	
C6ORF58	congenital heart disease	1.08	Novel	Novel	Novel	False	fig3_chd	universe509
C6ORF58	developmental disorder	1.76	Hypothesized	Hypothesized	Hypothesized	False	fig3_four_phenos	
C6ORF58	epilepsy	1.07	Novel	Novel	Novel	False	fig3_four_phenos	
C6ORF58	schizophrenia	1.07	Novel	Novel	Novel	False	scz_extra101	random
C6ORF58	type 2 diabetes	1.27	Novel	Novel	Novel	False	fig3_four_phenos	
CACNA1A	Alzheimer's disease	2.75	Existing	Existing	Existing	True	fig3_alzheimer	universe450
CACNA1A	Autism Spectrum Disorder	3.42	Existing	Established	Existing	True	asc_ref299	
CACNA1A	bipolar disorder	2.16	Hypothesized	Hypothesized	Hypothesized	False	asc_ref299	
CACNA1A	congenital heart disease	1.06	Novel	Novel	Novel	False	fig3_chd	universe509
CACNA1A	developmental disorder	3.92	Established	Established	Established	True	asc_ref299	
CACNA1A	epilepsy	3.92	Established	Established	Established	True	asc_ref299	
CACNA1A	schizophrenia	2.41	Hypothesized	Existing	Hypothesized	False	asc_ref299	
CACNA1A	type 2 diabetes	2.58	Existing	Existing	Existing	True	asc_ref299	
CACNA1B	Alzheimer's disease	2.06	Hypothesized	Hypothesized	Hypothesized	False	fig3_alzheimer	universe450
CACNA1B	Autism Spectrum Disorder	2.34	Hypothesized	Hypothesized	Hypothesized	False	asc_ref299	
CACNA1B	bipolar disorder	2.98	Existing	Existing	Existing	True	asc_ref299	
CACNA1B	congenital heart disease	1.43	Novel	Novel	Novel	False	fig3_chd	universe509
CACNA1B	developmental disorder	3.61	Established	Established	Established	True	asc_ref299	
CACNA1B	epilepsy	3.62	Established	Established	Established	True	asc_ref299	
CACNA1B	schizophrenia	2.93	Existing	Existing	Existing	True	asc_ref299	
CACNA1B	type 2 diabetes	1.89	Hypothesized	Hypothesized	Hypothesized	False	asc_ref299	
CACNA1H	Alzheimer's disease	1.79	Hypothesized	Hypothesized	Hypothesized	False	fig3_alzheimer	universe450
CACNA1H	Autism Spectrum Disorder	3.15	Existing	Existing	Existing	True	asd_extra101	random
CACNA1H	bipolar disorder	1.85	Hypothesized	Hypothesized	Hypothesized	False	fig3_four_phenos	
CACNA1H	congenital heart disease	1.4	Novel	Novel	Novel	False	fig3_chd	universe509
CACNA1H	developmental disorder	2.89	Existing	Existing	Existing	True	fig3_four_phenos	
CACNA1H	epilepsy	3.0	Existing	Existing	Existing	True	fig3_four_phenos	
CACNA1H	schizophrenia	2.31	Hypothesized	Hypothesized	Hypothesized	False	scz_extra101	random
CACNA1H	type 2 diabetes	2.26	Hypothesized	Hypothesized	Hypothesized	False	fig3_four_phenos	
CAMK2A	Alzheimer's disease	2.83	Existing	Existing	Existing	True	fig3_alzheimer	universe450
CAMK2A	Autism Spectrum Disorder	3.09	Existing	Existing	Existing	True	asc_ref299	
CAMK2A	bipolar disorder	2.72	Existing	Existing	Existing	True	asc_ref299	
CAMK2A	congenital heart disease	1.32	Novel	Novel	Novel	False	fig3_chd	universe509
CAMK2A	developmental disorder	3.91	Established	Established	Established	True	asc_ref299	
CAMK2A	epilepsy	3.53	Established	Established	Established	True	asc_ref299	
CAMK2A	schizophrenia	2.66	Existing	Existing	Existing	True	asc_ref299	
CAMK2A	type 2 diabetes	1.9	Hypothesized	Hypothesized	Hypothesized	False	asc_ref299	
CAMTA1	Alzheimer's disease	2.09	Hypothesized	Hypothesized	Hypothesized	False	fig3_alzheimer	universe450
CAMTA1	Autism Spectrum Disorder	2.8	Existing	Existing	Existing	True	asc_ref299	
CAMTA1	bipolar disorder	1.44	Novel	Novel	Novel	False	asc_ref299	
CAMTA1	congenital heart disease	1.74	Hypothesized	Hypothesized	Hypothesized	False	fig3_chd	universe509
CAMTA1	developmental disorder	3.92	Established	Established	Established	True	asc_ref299	
CAMTA1	epilepsy	2.33	Hypothesized	Hypothesized	Hypothesized	False	asc_ref299	
CAMTA1	schizophrenia	1.74	Hypothesized	Hypothesized	Hypothesized	False	asc_ref299	
CAMTA1	type 2 diabetes	2.7	Existing	Existing	Existing	True	asc_ref299	
CAPRIN1	Alzheimer's disease	1.68	Hypothesized	Hypothesized	Hypothesized	False	fig3_alzheimer	universe450
CAPRIN1	Autism Spectrum Disorder	3.72	Established	Established	Established	True	asc_ref299	
CAPRIN1	bipolar disorder	1.55	Hypothesized	Novel	Hypothesized	False	asc_ref299	
CAPRIN1	congenital heart disease	1.25	Novel	Novel	Novel	False	fig3_chd	universe509
CAPRIN1	developmental disorder	3.92	Established	Established	Established	True	asc_ref299	
CAPRIN1	epilepsy	3.05	Existing	Existing	Existing	True	asc_ref299	
CAPRIN1	schizophrenia	1.85	Hypothesized	Hypothesized	Hypothesized	False	asc_ref299	
CAPRIN1	type 2 diabetes	1.27	Novel	Novel	Novel	False	asc_ref299	
CARS2	Alzheimer's disease	1.24	Novel	Novel	Novel	False	fig3_alzheimer	universe450
CARS2	Autism Spectrum Disorder	2.5	Hypothesized	Existing	Hypothesized	False	asc_ref299	
CARS2	bipolar disorder	1.3	Novel	Novel	Novel	False	asc_ref299	
CARS2	congenital heart disease	1.47	Novel	Novel	Novel	False	fig3_chd	universe509
CARS2	developmental disorder	3.91	Established	Established	Established	True	asc_ref299	
CARS2	epilepsy	3.92	Established	Established	Established	True	asc_ref299	
CARS2	schizophrenia	1.22	Novel	Novel	Novel	False	asc_ref299	
CARS2	type 2 diabetes	1.36	Novel	Novel	Novel	False	asc_ref299	
CD79A	Alzheimer's disease	1.89	Hypothesized	Hypothesized	Hypothesized	False	fig3_alzheimer	universe450
CD79A	Autism Spectrum Disorder	1.19	Novel	Novel	Novel	False	extra50_random	random50
CD79A	bipolar disorder	1.31	Novel	Novel	Novel	False	fig3_four_phenos	
CD79A	congenital heart disease	1.05	Novel	Novel	Novel	False	fig3_chd	universe509
CD79A	developmental disorder	1.67	Hypothesized	Novel	Hypothesized	False	fig3_four_phenos	
CD79A	epilepsy	1.12	Novel	Novel	Novel	False	fig3_four_phenos	
CD79A	schizophrenia	1.06	Novel	Novel	Novel	False	extra50_random	random50
CD79A	type 2 diabetes	1.38	Novel	Novel	Novel	False	fig3_four_phenos	
CDK13	Alzheimer's disease	1.09	Novel	Novel	Novel	False	fig3_alzheimer	universe450
CDK13	Autism Spectrum Disorder	3.3	Existing	Existing	Existing	True	asc_ref299	
CDK13	bipolar disorder	1.36	Novel	Novel	Novel	False	asc_ref299	
CDK13	congenital heart disease	3.92	Established	Established	Established	True	fig3_chd	universe509
CDK13	developmental disorder	3.97	Established	Established	Established	True	asc_ref299	
CDK13	epilepsy	3.23	Existing	Existing	Existing	True	asc_ref299	
CDK13	schizophrenia	1.4	Novel	Novel	Novel	False	asc_ref299	
CDK13	type 2 diabetes	2.21	Hypothesized	Existing	Hypothesized	False	asc_ref299	
CDK2AP2	Alzheimer's disease	1.19	Novel	Novel	Novel	False	random50_ann2	random50_ann2
CDK2AP2	Autism Spectrum Disorder	1.24	Novel	Novel	Novel	False	random50_ann2	random50_ann2
CDK2AP2	bipolar disorder	1.12	Novel	Novel	Novel	False	random50_ann2	random50_ann2
CDK2AP2	congenital heart disease	1.37	Novel	Novel	Novel	False	fig3_chd	universe509
CDK2AP2	developmental disorder	1.81	Hypothesized	Hypothesized	Hypothesized	False	random50_ann2	random50_ann2
CDK2AP2	epilepsy	1.14	Novel	Novel	Novel	False	random50_ann2	random50_ann2
CDK2AP2	schizophrenia	1.14	Novel	Novel	Novel	False	random50_ann2	random50_ann2
CDK2AP2	type 2 diabetes	1.43	Novel	Novel	Novel	False	random50_ann2	random50_ann2
CDX2	Alzheimer's disease	1.57	Hypothesized	Novel	Hypothesized	False	fig3_alzheimer	universe450
CDX2	Autism Spectrum Disorder	1.93	Hypothesized	Hypothesized	Hypothesized	False	random50_ann	random50_ann
CDX2	bipolar disorder	1.14	Novel	Novel	Novel	False	random50_ann	random50_ann
CDX2	congenital heart disease	1.4	Novel	Novel	Novel	False	fig3_chd	universe509
CDX2	developmental disorder	2.88	Existing	Existing	Existing	True	random50_ann	random50_ann
CDX2	epilepsy	1.22	Novel	Novel	Novel	False	random50_ann	random50_ann
CDX2	schizophrenia	1.24	Novel	Novel	Novel	False	random50_ann	random50_ann
CDX2	type 2 diabetes	1.95	Hypothesized	Hypothesized	Hypothesized	False	random50_ann	random50_ann
CEACAM4	Alzheimer's disease	1.13	Novel	Novel	Novel	False	fig3_alzheimer	universe450
CEACAM4	Autism Spectrum Disorder	1.13	Novel	Novel	Novel	False	extra50_random	random50
CEACAM4	bipolar disorder	1.06	Novel	Novel	Novel	False	fig3_four_phenos	
CEACAM4	congenital heart disease	1.13	Novel	Novel	Novel	False	fig3_chd	universe509
CEACAM4	developmental disorder	1.06	Novel	Novel	Novel	False	fig3_four_phenos	
CEACAM4	epilepsy	1.15	Novel	Novel	Novel	False	fig3_four_phenos	
CEACAM4	schizophrenia	1.13	Novel	Novel	Novel	False	extra50_random	random50
CEACAM4	type 2 diabetes	1.12	Novel	Novel	Novel	False	fig3_four_phenos	
CELF4	Alzheimer's disease	1.69	Hypothesized	Hypothesized	Hypothesized	False	fig3_alzheimer	universe450
CELF4	Autism Spectrum Disorder	2.85	Existing	Existing	Existing	True	asc_ref299	
CELF4	bipolar disorder	1.94	Hypothesized	Hypothesized	Hypothesized	False	asc_ref299	
CELF4	congenital heart disease	2.26	Hypothesized	Hypothesized	Hypothesized	False	fig3_chd	universe509
CELF4	developmental disorder	3.15	Existing	Existing	Existing	True	asc_ref299	
CELF4	epilepsy	3.04	Existing	Existing	Existing	True	asc_ref299	
CELF4	schizophrenia	2.22	Hypothesized	Hypothesized	Hypothesized	False	asc_ref299	
CELF4	type 2 diabetes	2.68	Existing	Existing	Existing	True	asc_ref299	
CERT1	Alzheimer's disease	2.06	Hypothesized	Hypothesized	Hypothesized	False	fig3_alzheimer	universe450
CERT1	Autism Spectrum Disorder	2.56	Existing	Existing	Existing	True	asc_ref299	
CERT1	bipolar disorder	1.36	Novel	Novel	Novel	False	asc_ref299	
CERT1	congenital heart disease	1.38	Novel	Novel	Novel	False	fig3_chd	universe509
CERT1	developmental disorder	3.92	Established	Established	Established	True	asc_ref299	
CERT1	epilepsy	2.94	Existing	Existing	Existing	True	asc_ref299	
CERT1	schizophrenia	1.53	Hypothesized	Novel	Hypothesized	False	asc_ref299	
CERT1	type 2 diabetes	1.94	Hypothesized	Hypothesized	Hypothesized	False	asc_ref299	
CETN1	Alzheimer's disease	1.11	Novel	Novel	Novel	False	fig3_alzheimer	universe450
CETN1	Autism Spectrum Disorder	1.17	Novel	Novel	Novel	False	extra50_random	random50
CETN1	bipolar disorder	1.06	Novel	Novel	Novel	False	fig3_four_phenos	
CETN1	congenital heart disease	1.22	Novel	Novel	Novel	False	fig3_chd	universe509
CETN1	developmental disorder	1.81	Hypothesized	Hypothesized	Hypothesized	False	fig3_four_phenos	
CETN1	epilepsy	1.06	Novel	Novel	Novel	False	fig3_four_phenos	
CETN1	schizophrenia	1.06	Novel	Novel	Novel	False	extra50_random	random50
CETN1	type 2 diabetes	1.06	Novel	Novel	Novel	False	fig3_four_phenos	
CGGBP1	Alzheimer's disease	1.11	Novel	Novel	Novel	False	fig3_alzheimer	universe450
CGGBP1	Autism Spectrum Disorder	1.84	Hypothesized	Hypothesized	Hypothesized	False	asd_extra101	random
CGGBP1	bipolar disorder	1.17	Novel	Novel	Novel	False	fig3_four_phenos	
CGGBP1	congenital heart disease	1.08	Novel	Novel	Novel	False	fig3_chd	universe509
CGGBP1	developmental disorder	1.96	Hypothesized	Hypothesized	Hypothesized	False	fig3_four_phenos	
CGGBP1	epilepsy	1.36	Novel	Novel	Novel	False	fig3_four_phenos	
CGGBP1	schizophrenia	1.17	Novel	Novel	Novel	False	scz_extra101	random
CGGBP1	type 2 diabetes	1.12	Novel	Novel	Novel	False	fig3_four_phenos	
CGREF1	Alzheimer's disease	1.1	Novel	Novel	Novel	False	fig3_alzheimer	universe450
CGREF1	Autism Spectrum Disorder	1.74	Hypothesized	Novel	Hypothesized	False	asc_ref299	
CGREF1	bipolar disorder	2.28	Hypothesized	Existing	Hypothesized	False	asc_ref299	
CGREF1	congenital heart disease	1.06	Novel	Novel	Novel	False	fig3_chd	universe509
CGREF1	developmental disorder	2.71	Existing	Existing	Existing	True	asc_ref299	
CGREF1	epilepsy	1.42	Novel	Novel	Novel	False	asc_ref299	
CGREF1	schizophrenia	2.87	Existing	Existing	Existing	True	asc_ref299	
CGREF1	type 2 diabetes	1.96	Hypothesized	Hypothesized	Hypothesized	False	asc_ref299	
CGRRF1	Alzheimer's disease	1.07	Novel	Novel	Novel	False	fig3_alzheimer	universe450
CGRRF1	Autism Spectrum Disorder	1.06	Novel	Novel	Novel	False	extra50_random	random50
CGRRF1	bipolar disorder	1.05	Novel	Novel	Novel	False	fig3_four_phenos	
CGRRF1	congenital heart disease	1.07	Novel	Novel	Novel	False	fig3_chd	universe509
CGRRF1	developmental disorder	1.12	Novel	Novel	Novel	False	fig3_four_phenos	
CGRRF1	epilepsy	1.06	Novel	Novel	Novel	False	fig3_four_phenos	
CGRRF1	schizophrenia	1.05	Novel	Novel	Novel	False	extra50_random	random50
CGRRF1	type 2 diabetes	1.48	Novel	Novel	Novel	False	fig3_four_phenos	
CHAMP1	Alzheimer's disease	1.09	Novel	Novel	Novel	False	fig3_alzheimer	universe450
CHAMP1	Autism Spectrum Disorder	3.63	Established	Established	Established	True	asc_ref299	
CHAMP1	bipolar disorder	1.27	Novel	Novel	Novel	False	asc_ref299	
CHAMP1	congenital heart disease	1.55	Hypothesized	Novel	Hypothesized	False	fig3_chd	universe509
CHAMP1	developmental disorder	3.97	Established	Established	Established	True	asc_ref299	
CHAMP1	epilepsy	3.45	Existing	Established	Existing	True	asc_ref299	
CHAMP1	schizophrenia	1.45	Novel	Novel	Novel	False	asc_ref299	
CHAMP1	type 2 diabetes	1.39	Novel	Novel	Novel	False	asc_ref299	
CHD2	Alzheimer's disease	2.68	Existing	Existing	Existing	True	fig3_alzheimer	universe450
CHD2	Autism Spectrum Disorder	3.67	Established	Established	Established	True	asc_ref299	
CHD2	bipolar disorder	2.69	Existing	Existing	Existing	True	asc_ref299	
CHD2	congenital heart disease	1.7	Hypothesized	Hypothesized	Hypothesized	False	fig3_chd	universe509
CHD2	developmental disorder	3.94	Established	Established	Established	True	asc_ref299	
CHD2	epilepsy	3.95	Established	Established	Established	True	asc_ref299	
CHD2	schizophrenia	3.03	Existing	Existing	Existing	True	asc_ref299	
CHD2	type 2 diabetes	1.06	Novel	Novel	Novel	False	asc_ref299	
CHD4	Alzheimer's disease	2.08	Hypothesized	Hypothesized	Hypothesized	False	fig3_chd	pcgc_sig60
CHD4	Autism Spectrum Disorder	2.95	Existing	Existing	Existing	True	fig3_chd	pcgc_sig60
CHD4	bipolar disorder	1.41	Novel	Novel	Novel	False	fig3_chd	pcgc_sig60
CHD4	congenital heart disease	3.78	Established	Established	Established	True	fig3_chd	pcgc_sig60
CHD4	developmental disorder	3.94	Established	Established	Established	True	fig3_chd	pcgc_sig60
CHD4	epilepsy	3.05	Existing	Existing	Existing	True	fig3_chd	pcgc_sig60
CHD4	schizophrenia	1.77	Hypothesized	Hypothesized	Hypothesized	False	fig3_chd	pcgc_sig60
CHD4	type 2 diabetes	2.14	Hypothesized	Hypothesized	Hypothesized	False	fig3_chd	pcgc_sig60
CHD7	Alzheimer's disease	2.09	Hypothesized	Hypothesized	Hypothesized	False	fig3_alzheimer	universe450
CHD7	Autism Spectrum Disorder	3.17	Existing	Existing	Existing	True	asc_ref299	
CHD7	bipolar disorder	1.44	Novel	Novel	Novel	False	asc_ref299	
CHD7	congenital heart disease	3.9	Established	Established	Established	True	fig3_chd	universe509
CHD7	developmental disorder	3.94	Established	Established	Established	True	asc_ref299	
CHD7	epilepsy	2.75	Existing	Existing	Existing	True	asc_ref299	
CHD7	schizophrenia	2.63	Existing	Existing	Existing	True	asc_ref299	
CHD7	type 2 diabetes	2.28	Hypothesized	Existing	Hypothesized	False	asc_ref299	
CHD8	Alzheimer's disease	1.85	Hypothesized	Hypothesized	Hypothesized	False	fig3_alzheimer	universe450
CHD8	Autism Spectrum Disorder	3.94	Established	Established	Established	True	asc_ref299	
CHD8	bipolar disorder	2.09	Hypothesized	Hypothesized	Hypothesized	False	asc_ref299	
CHD8	congenital heart disease	2.01	Hypothesized	Hypothesized	Hypothesized	False	fig3_chd	universe509
CHD8	developmental disorder	3.92	Established	Established	Established	True	asc_ref299	
CHD8	epilepsy	3.18	Existing	Existing	Existing	True	asc_ref299	
CHD8	schizophrenia	3.03	Existing	Existing	Existing	True	asc_ref299	
CHD8	type 2 diabetes	1.11	Novel	Novel	Novel	False	asc_ref299	
CHKA	Alzheimer's disease	1.33	Novel	Novel	Novel	False	fig3_alzheimer	universe450
CHKA	Autism Spectrum Disorder	2.48	Hypothesized	Existing	Hypothesized	False	random50_ann	random50_ann
CHKA	bipolar disorder	1.45	Novel	Novel	Novel	False	random50_ann	random50_ann
CHKA	congenital heart disease	1.43	Novel	Novel	Novel	False	fig3_chd	universe509
CHKA	developmental disorder	3.49	Existing	Established	Existing	True	random50_ann	random50_ann
CHKA	epilepsy	3.49	Existing	Established	Existing	True	random50_ann	random50_ann
CHKA	schizophrenia	1.41	Novel	Novel	Novel	False	random50_ann	random50_ann
CHKA	type 2 diabetes	2.7	Existing	Existing	Existing	True	random50_ann	random50_ann
CHRM4	Alzheimer's disease	2.1	Hypothesized	Hypothesized	Hypothesized	False	fig3_alzheimer	universe450
CHRM4	Autism Spectrum Disorder	2.08	Hypothesized	Hypothesized	Hypothesized	False	asc_ref299	
CHRM4	bipolar disorder	2.22	Hypothesized	Hypothesized	Hypothesized	False	asc_ref299	
CHRM4	congenital heart disease	1.22	Novel	Novel	Novel	False	fig3_chd	universe509
CHRM4	developmental disorder	2.09	Hypothesized	Hypothesized	Hypothesized	False	asc_ref299	
CHRM4	epilepsy	1.45	Novel	Novel	Novel	False	asc_ref299	
CHRM4	schizophrenia	2.87	Existing	Existing	Existing	True	asc_ref299	
CHRM4	type 2 diabetes	2.63	Existing	Existing	Existing	True	asc_ref299	
CIC	Alzheimer's disease	1.98	Hypothesized	Hypothesized	Hypothesized	False	fig3_alzheimer	universe450
CIC	Autism Spectrum Disorder	3.57	Established	Established	Established	True	asc_ref299	
CIC	bipolar disorder	1.34	Novel	Novel	Novel	False	asc_ref299	
CIC	congenital heart disease	2.36	Hypothesized	Existing	Hypothesized	False	fig3_chd	universe509
CIC	developmental disorder	3.67	Established	Established	Established	True	asc_ref299	
CIC	epilepsy	3.35	Existing	Established	Existing	True	asc_ref299	
CIC	schizophrenia	2.24	Hypothesized	Hypothesized	Hypothesized	False	asc_ref299	
CIC	type 2 diabetes	1.19	Novel	Novel	Novel	False	asc_ref299	
CLASP1	Alzheimer's disease	1.32	Novel	Novel	Novel	False	fig3_alzheimer	universe450
CLASP1	Autism Spectrum Disorder	2.09	Hypothesized	Hypothesized	Hypothesized	False	asd_extra101	random
CLASP1	bipolar disorder	1.25	Novel	Novel	Novel	False	fig3_four_phenos	
CLASP1	congenital heart disease	1.24	Novel	Novel	Novel	False	fig3_chd	universe509
CLASP1	developmental disorder	2.84	Existing	Existing	Existing	True	fig3_four_phenos	
CLASP1	epilepsy	2.74	Existing	Existing	Existing	True	fig3_four_phenos	
CLASP1	schizophrenia	1.99	Hypothesized	Hypothesized	Hypothesized	False	scz_extra101	random
CLASP1	type 2 diabetes	1.06	Novel	Novel	Novel	False	fig3_four_phenos	
CLSTN2	Alzheimer's disease	2.56	Existing	Existing	Existing	True	fig3_alzheimer	universe450
CLSTN2	Autism Spectrum Disorder	2.7	Existing	Existing	Existing	True	random50_ann	random50_ann
CLSTN2	bipolar disorder	1.82	Hypothesized	Hypothesized	Hypothesized	False	random50_ann	random50_ann
CLSTN2	congenital heart disease	1.1	Novel	Novel	Novel	False	fig3_chd	universe509
CLSTN2	developmental disorder	2.56	Existing	Existing	Existing	True	random50_ann	random50_ann
CLSTN2	epilepsy	1.48	Novel	Novel	Novel	False	random50_ann	random50_ann
CLSTN2	schizophrenia	1.73	Hypothesized	Hypothesized	Hypothesized	False	random50_ann	random50_ann
CLSTN2	type 2 diabetes	1.73	Hypothesized	Hypothesized	Hypothesized	False	random50_ann	random50_ann
CLTC	Alzheimer's disease	1.95	Hypothesized	Hypothesized	Hypothesized	False	fig3_alzheimer	universe450
CLTC	Autism Spectrum Disorder	2.54	Existing	Existing	Existing	True	asc_ref299	
CLTC	bipolar disorder	1.48	Novel	Novel	Novel	False	asc_ref299	
CLTC	congenital heart disease	2.19	Hypothesized	Existing	Hypothesized	False	fig3_chd	universe509
CLTC	developmental disorder	3.95	Established	Established	Established	True	asc_ref299	
CLTC	epilepsy	3.86	Established	Established	Established	True	asc_ref299	
CLTC	schizophrenia	2.67	Existing	Existing	Existing	True	asc_ref299	
CLTC	type 2 diabetes	1.84	Hypothesized	Hypothesized	Hypothesized	False	asc_ref299	
CLUH	Alzheimer's disease	1.44	Novel	Novel	Novel	False	fig3_chd	pcgc_sig60
CLUH	Autism Spectrum Disorder	1.38	Novel	Novel	Novel	False	fig3_chd	pcgc_sig60
CLUH	bipolar disorder	1.46	Novel	Novel	Novel	False	fig3_chd	pcgc_sig60
CLUH	congenital heart disease	1.17	Novel	Novel	Novel	False	fig3_chd	pcgc_sig60
CLUH	developmental disorder	1.89	Hypothesized	Hypothesized	Hypothesized	False	fig3_chd	pcgc_sig60
CLUH	epilepsy	1.44	Novel	Novel	Novel	False	fig3_chd	pcgc_sig60
CLUH	schizophrenia	2.1	Hypothesized	Hypothesized	Hypothesized	False	fig3_chd	pcgc_sig60
CLUH	type 2 diabetes	1.48	Novel	Novel	Novel	False	fig3_chd	pcgc_sig60
CNOT1	Alzheimer's disease	1.24	Novel	Novel	Novel	False	fig3_alzheimer	universe450
CNOT1	Autism Spectrum Disorder	3.21	Existing	Existing	Existing	True	asc_ref299	
CNOT1	bipolar disorder	2.58	Existing	Existing	Existing	True	asc_ref299	
CNOT1	congenital heart disease	2.07	Hypothesized	Hypothesized	Hypothesized	False	fig3_chd	universe509
CNOT1	developmental disorder	3.95	Established	Established	Established	True	asc_ref299	
CNOT1	epilepsy	3.33	Existing	Established	Existing	True	asc_ref299	
CNOT1	schizophrenia	2.01	Hypothesized	Hypothesized	Hypothesized	False	asc_ref299	
CNOT1	type 2 diabetes	2.44	Hypothesized	Hypothesized	Hypothesized	False	asc_ref299	
CNOT3	Alzheimer's disease	1.16	Novel	Novel	Novel	False	fig3_alzheimer	universe450
CNOT3	Autism Spectrum Disorder	3.78	Established	Established	Established	True	asc_ref299	
CNOT3	bipolar disorder	1.45	Novel	Novel	Novel	False	asc_ref299	
CNOT3	congenital heart disease	2.54	Existing	Existing	Existing	True	fig3_chd	universe509
CNOT3	developmental disorder	3.97	Established	Established	Established	True	asc_ref299	
CNOT3	epilepsy	3.29	Existing	Established	Existing	True	asc_ref299	
CNOT3	schizophrenia	1.48	Novel	Novel	Novel	False	asc_ref299	
CNOT3	type 2 diabetes	1.99	Hypothesized	Hypothesized	Hypothesized	False	asc_ref299	
CRAMP1	Alzheimer's disease	1.29	Novel	Novel	Novel	False	fig3_alzheimer	universe450
CRAMP1	Autism Spectrum Disorder	1.38	Novel	Novel	Novel	False	asc_ref299	
CRAMP1	bipolar disorder	1.12	Novel	Novel	Novel	False	asc_ref299	
CRAMP1	congenital heart disease	1.22	Novel	Novel	Novel	False	fig3_chd	universe509
CRAMP1	developmental disorder	2.03	Hypothesized	Hypothesized	Hypothesized	False	asc_ref299	
CRAMP1	epilepsy	1.17	Novel	Novel	Novel	False	asc_ref299	
CRAMP1	schizophrenia	1.17	Novel	Novel	Novel	False	asc_ref299	
CRAMP1	type 2 diabetes	1.09	Novel	Novel	Novel	False	asc_ref299	
CREBBP	Alzheimer's disease	2.61	Existing	Existing	Existing	True	fig3_alzheimer	universe450
CREBBP	Autism Spectrum Disorder	3.34	Existing	Established	Existing	True	asc_ref299	
CREBBP	bipolar disorder	2.4	Hypothesized	Existing	Hypothesized	False	asc_ref299	
CREBBP	congenital heart disease	3.17	Existing	Existing	Existing	True	fig3_chd	universe509
CREBBP	developmental disorder	3.94	Established	Established	Established	True	asc_ref299	
CREBBP	epilepsy	3.74	Established	Established	Established	True	asc_ref299	
CREBBP	schizophrenia	2.21	Hypothesized	Hypothesized	Hypothesized	False	asc_ref299	
CREBBP	type 2 diabetes	2.63	Existing	Existing	Existing	True	asc_ref299	
CRTC3	Alzheimer's disease	1.52	Hypothesized	Novel	Hypothesized	False	fig3_alzheimer	universe450
CRTC3	Autism Spectrum Disorder	1.92	Hypothesized	Hypothesized	Hypothesized	False	random50_ann	random50_ann
CRTC3	bipolar disorder	2.74	Existing	Existing	Existing	True	random50_ann	random50_ann
CRTC3	congenital heart disease	1.39	Novel	Novel	Novel	False	fig3_chd	universe509
CRTC3	developmental disorder	2.01	Hypothesized	Hypothesized	Hypothesized	False	random50_ann	random50_ann
CRTC3	epilepsy	1.34	Novel	Novel	Novel	False	random50_ann	random50_ann
CRTC3	schizophrenia	2.16	Hypothesized	Hypothesized	Hypothesized	False	random50_ann	random50_ann
CRTC3	type 2 diabetes	2.55	Existing	Existing	Existing	True	random50_ann	random50_ann
CSNK1E	Alzheimer's disease	2.09	Hypothesized	Hypothesized	Hypothesized	False	fig3_alzheimer	universe450
CSNK1E	Autism Spectrum Disorder	2.21	Hypothesized	Hypothesized	Hypothesized	False	asc_ref299	
CSNK1E	bipolar disorder	2.58	Existing	Existing	Existing	True	asc_ref299	
CSNK1E	congenital heart disease	1.39	Novel	Novel	Novel	False	fig3_chd	universe509
CSNK1E	developmental disorder	3.08	Existing	Existing	Existing	True	asc_ref299	
CSNK1E	epilepsy	3.29	Existing	Existing	Existing	True	asc_ref299	
CSNK1E	schizophrenia	2.71	Existing	Existing	Existing	True	asc_ref299	
CSNK1E	type 2 diabetes	2.53	Existing	Existing	Existing	True	asc_ref299	
CSNK2A1	Alzheimer's disease	1.29	Novel	Novel	Novel	False	fig3_alzheimer	universe450
CSNK2A1	Autism Spectrum Disorder	3.36	Existing	Established	Existing	True	asc_ref299	
CSNK2A1	bipolar disorder	1.5	Hypothesized	Novel	Hypothesized	False	asc_ref299	
CSNK2A1	congenital heart disease	3.07	Existing	Existing	Existing	True	fig3_chd	universe509
CSNK2A1	developmental disorder	3.97	Established	Established	Established	True	asc_ref299	
CSNK2A1	epilepsy	3.44	Existing	Established	Existing	True	asc_ref299	
CSNK2A1	schizophrenia	1.99	Hypothesized	Hypothesized	Hypothesized	False	asc_ref299	
CSNK2A1	type 2 diabetes	2.04	Hypothesized	Hypothesized	Hypothesized	False	asc_ref299	
CTCF	Alzheimer's disease	2.18	Hypothesized	Hypothesized	Hypothesized	False	fig3_alzheimer	universe450
CTCF	Autism Spectrum Disorder	3.19	Existing	Existing	Existing	True	asc_ref299	
CTCF	bipolar disorder	2.06	Hypothesized	Hypothesized	Hypothesized	False	asc_ref299	
CTCF	congenital heart disease	2.77	Existing	Existing	Existing	True	fig3_chd	universe509
CTCF	developmental disorder	3.97	Established	Established	Established	True	asc_ref299	
CTCF	epilepsy	3.0	Existing	Existing	Existing	True	asc_ref299	
CTCF	schizophrenia	2.69	Existing	Existing	Existing	True	asc_ref299	
CTCF	type 2 diabetes	2.22	Hypothesized	Hypothesized	Hypothesized	False	asc_ref299	
CTNNB1	Alzheimer's disease	2.34	Hypothesized	Hypothesized	Hypothesized	False	fig3_alzheimer	universe450
CTNNB1	Autism Spectrum Disorder	3.65	Established	Established	Established	True	asc_ref299	
CTNNB1	bipolar disorder	2.31	Hypothesized	Hypothesized	Hypothesized	False	asc_ref299	
CTNNB1	congenital heart disease	3.12	Existing	Existing	Existing	True	fig3_chd	universe509
CTNNB1	developmental disorder	3.97	Established	Established	Established	True	asc_ref299	
CTNNB1	epilepsy	2.49	Hypothesized	Hypothesized	Hypothesized	False	asc_ref299	
CTNNB1	schizophrenia	2.79	Existing	Existing	Existing	True	asc_ref299	
CTNNB1	type 2 diabetes	2.83	Existing	Existing	Existing	True	asc_ref299	
CTNND2	Alzheimer's disease	2.73	Existing	Existing	Existing	True	random50_ann2	random50_ann2
CTNND2	Autism Spectrum Disorder	3.24	Existing	Existing	Existing	True	random50_ann2	random50_ann2
CTNND2	bipolar disorder	2.12	Hypothesized	Hypothesized	Hypothesized	False	random50_ann2	random50_ann2
CTNND2	congenital heart disease	1.38	Novel	Novel	Novel	False	fig3_chd	universe509
CTNND2	developmental disorder	3.52	Established	Established	Established	True	random50_ann2	random50_ann2
CTNND2	epilepsy	2.85	Existing	Existing	Existing	True	random50_ann2	random50_ann2
CTNND2	schizophrenia	2.96	Existing	Existing	Existing	True	random50_ann2	random50_ann2
CTNND2	type 2 diabetes	2.29	Hypothesized	Existing	Hypothesized	False	random50_ann2	random50_ann2
CUL1	Alzheimer's disease	2.11	Hypothesized	Hypothesized	Hypothesized	False	fig3_alzheimer	universe450
CUL1	Autism Spectrum Disorder	2.57	Existing	Existing	Existing	True	asc_ref299	
CUL1	bipolar disorder	2.11	Hypothesized	Hypothesized	Hypothesized	False	asc_ref299	
CUL1	congenital heart disease	1.91	Hypothesized	Hypothesized	Hypothesized	False	fig3_chd	universe509
CUL1	developmental disorder	3.03	Existing	Existing	Existing	True	asc_ref299	
CUL1	epilepsy	2.58	Existing	Existing	Existing	True	asc_ref299	
CUL1	schizophrenia	2.98	Existing	Existing	Existing	True	asc_ref299	
CUL1	type 2 diabetes	2.03	Hypothesized	Hypothesized	Hypothesized	False	asc_ref299	
CUL3	Alzheimer's disease	2.08	Hypothesized	Hypothesized	Hypothesized	False	fig3_alzheimer	universe450
CUL3	Autism Spectrum Disorder	3.86	Established	Established	Established	True	asc_ref299	
CUL3	bipolar disorder	2.67	Existing	Existing	Existing	True	asc_ref299	
CUL3	congenital heart disease	2.73	Existing	Existing	Existing	True	fig3_chd	universe509
CUL3	developmental disorder	3.94	Established	Established	Established	True	asc_ref299	
CUL3	epilepsy	3.83	Established	Established	Established	True	asc_ref299	
CUL3	schizophrenia	2.74	Existing	Existing	Existing	True	asc_ref299	
CUL3	type 2 diabetes	2.04	Hypothesized	Hypothesized	Hypothesized	False	asc_ref299	
CWF19L2	Alzheimer's disease	1.14	Novel	Novel	Novel	False	fig3_alzheimer	universe450
CWF19L2	Autism Spectrum Disorder	1.05	Novel	Novel	Novel	False	extra50_random	random50
CWF19L2	bipolar disorder	1.09	Novel	Novel	Novel	False	fig3_four_phenos	
CWF19L2	congenital heart disease	1.16	Novel	Novel	Novel	False	fig3_chd	universe509
CWF19L2	developmental disorder	1.47	Novel	Novel	Novel	False	fig3_four_phenos	
CWF19L2	epilepsy	1.46	Novel	Novel	Novel	False	fig3_four_phenos	
CWF19L2	schizophrenia	1.13	Novel	Novel	Novel	False	extra50_random	random50
CWF19L2	type 2 diabetes	1.13	Novel	Novel	Novel	False	fig3_four_phenos	
CXXC1	Alzheimer's disease	1.17	Novel	Novel	Novel	False	fig3_alzheimer	universe450
CXXC1	Autism Spectrum Disorder	1.47	Novel	Novel	Novel	False	asc_ref299	
CXXC1	bipolar disorder	1.11	Novel	Novel	Novel	False	asc_ref299	
CXXC1	congenital heart disease	1.49	Novel	Novel	Novel	False	fig3_chd	universe509
CXXC1	developmental disorder	2.01	Hypothesized	Hypothesized	Hypothesized	False	asc_ref299	
CXXC1	epilepsy	1.22	Novel	Novel	Novel	False	asc_ref299	
CXXC1	schizophrenia	1.43	Novel	Novel	Novel	False	asc_ref299	
CXXC1	type 2 diabetes	1.43	Novel	Novel	Novel	False	asc_ref299	
CYP2C8	Alzheimer's disease	1.92	Hypothesized	Hypothesized	Hypothesized	False	random50_ann2	random50_ann2
CYP2C8	Autism Spectrum Disorder	1.06	Novel	Novel	Novel	False	random50_ann2	random50_ann2
CYP2C8	bipolar disorder	1.11	Novel	Novel	Novel	False	random50_ann2	random50_ann2
CYP2C8	congenital heart disease	1.38	Novel	Novel	Novel	False	fig3_chd	universe509
CYP2C8	developmental disorder	1.7	Hypothesized	Hypothesized	Hypothesized	False	random50_ann2	random50_ann2
CYP2C8	epilepsy	2.31	Hypothesized	Existing	Hypothesized	False	random50_ann2	random50_ann2
CYP2C8	schizophrenia	1.68	Hypothesized	Hypothesized	Hypothesized	False	random50_ann2	random50_ann2
CYP2C8	type 2 diabetes	2.72	Existing	Existing	Existing	True	random50_ann2	random50_ann2
CYP3A4	Alzheimer's disease	2.01	Hypothesized	Hypothesized	Hypothesized	False	fig3_alzheimer	universe450
CYP3A4	Autism Spectrum Disorder	1.88	Hypothesized	Hypothesized	Hypothesized	False	random50_ann	random50_ann
CYP3A4	bipolar disorder	2.14	Hypothesized	Existing	Hypothesized	False	random50_ann	random50_ann
CYP3A4	congenital heart disease	1.26	Novel	Novel	Novel	False	fig3_chd	universe509
CYP3A4	developmental disorder	3.45	Existing	Established	Existing	True	random50_ann	random50_ann
CYP3A4	epilepsy	2.76	Existing	Existing	Existing	True	random50_ann	random50_ann
CYP3A4	schizophrenia	2.79	Existing	Existing	Existing	True	random50_ann	random50_ann
CYP3A4	type 2 diabetes	2.9	Existing	Existing	Existing	True	random50_ann	random50_ann
DAGLA	Alzheimer's disease	2.0	Hypothesized	Hypothesized	Hypothesized	False	fig3_alzheimer	universe450
DAGLA	Autism Spectrum Disorder	2.91	Existing	Existing	Existing	True	asc_ref299	
DAGLA	bipolar disorder	2.61	Existing	Existing	Existing	True	asc_ref299	
DAGLA	congenital heart disease	1.14	Novel	Novel	Novel	False	fig3_chd	universe509
DAGLA	developmental disorder	3.54	Established	Established	Established	True	asc_ref299	
DAGLA	epilepsy	2.76	Existing	Existing	Existing	True	asc_ref299	
DAGLA	schizophrenia	2.74	Existing	Existing	Existing	True	asc_ref299	
DAGLA	type 2 diabetes	1.98	Hypothesized	Hypothesized	Hypothesized	False	asc_ref299	
DCLK3	Alzheimer's disease	1.99	Hypothesized	Hypothesized	Hypothesized	False	fig3_alzheimer	universe450
DCLK3	Autism Spectrum Disorder	1.8	Hypothesized	Hypothesized	Hypothesized	False	asd_extra101	random
DCLK3	bipolar disorder	2.99	Existing	Existing	Existing	True	fig3_four_phenos	
DCLK3	congenital heart disease	1.13	Novel	Novel	Novel	False	fig3_chd	universe509
DCLK3	developmental disorder	1.98	Hypothesized	Hypothesized	Hypothesized	False	fig3_four_phenos	
DCLK3	epilepsy	1.83	Hypothesized	Hypothesized	Hypothesized	False	fig3_four_phenos	
DCLK3	schizophrenia	2.26	Hypothesized	Hypothesized	Hypothesized	False	scz_extra101	random
DCLK3	type 2 diabetes	1.64	Hypothesized	Novel	Hypothesized	False	fig3_four_phenos	
DCTN2	Alzheimer's disease	1.38	Novel	Novel	Novel	False	random50_ann2	random50_ann2
DCTN2	Autism Spectrum Disorder	2.42	Hypothesized	Existing	Hypothesized	False	random50_ann2	random50_ann2
DCTN2	bipolar disorder	1.59	Hypothesized	Novel	Hypothesized	False	random50_ann2	random50_ann2
DCTN2	congenital heart disease	1.25	Novel	Novel	Novel	False	fig3_chd	universe509
DCTN2	developmental disorder	2.58	Existing	Existing	Existing	True	random50_ann2	random50_ann2
DCTN2	epilepsy	1.79	Hypothesized	Hypothesized	Hypothesized	False	random50_ann2	random50_ann2
DCTN2	schizophrenia	2.37	Hypothesized	Existing	Hypothesized	False	random50_ann2	random50_ann2
DCTN2	type 2 diabetes	2.02	Hypothesized	Hypothesized	Hypothesized	False	random50_ann2	random50_ann2
DDX28	Alzheimer's disease	1.09	Novel	Novel	Novel	False	fig3_alzheimer	universe450
DDX28	Autism Spectrum Disorder	1.06	Novel	Novel	Novel	False	asd_extra101	random
DDX28	bipolar disorder	1.06	Novel	Novel	Novel	False	fig3_four_phenos	
DDX28	congenital heart disease	1.07	Novel	Novel	Novel	False	fig3_chd	universe509
DDX28	developmental disorder	1.43	Novel	Novel	Novel	False	fig3_four_phenos	
DDX28	epilepsy	1.19	Novel	Novel	Novel	False	fig3_four_phenos	
DDX28	schizophrenia	1.06	Novel	Novel	Novel	False	scz_extra101	random
DDX28	type 2 diabetes	1.22	Novel	Novel	Novel	False	fig3_four_phenos	
DDX3X	Alzheimer's disease	2.12	Hypothesized	Hypothesized	Hypothesized	False	fig3_chd	pcgc_sig60
DDX3X	Autism Spectrum Disorder	3.67	Established	Established	Established	True	fig3_chd	pcgc_sig60
DDX3X	bipolar disorder	1.41	Novel	Novel	Novel	False	fig3_chd	pcgc_sig60
DDX3X	congenital heart disease	2.76	Existing	Existing	Existing	True	fig3_chd	pcgc_sig60
DDX3X	developmental disorder	3.97	Established	Established	Established	True	fig3_chd	pcgc_sig60
DDX3X	epilepsy	3.62	Established	Established	Established	True	fig3_chd	pcgc_sig60
DDX3X	schizophrenia	1.45	Novel	Novel	Novel	False	fig3_chd	pcgc_sig60
DDX3X	type 2 diabetes	2.03	Hypothesized	Hypothesized	Hypothesized	False	fig3_chd	pcgc_sig60
DEAF1	Alzheimer's disease	1.17	Novel	Novel	Novel	False	fig3_alzheimer	universe450
DEAF1	Autism Spectrum Disorder	3.65	Established	Established	Established	True	asc_ref299	
DEAF1	bipolar disorder	1.96	Hypothesized	Hypothesized	Hypothesized	False	asc_ref299	
DEAF1	congenital heart disease	1.17	Novel	Novel	Novel	False	fig3_chd	universe509
DEAF1	developmental disorder	3.97	Established	Established	Established	True	asc_ref299	
DEAF1	epilepsy	3.6	Established	Established	Established	True	asc_ref299	
DEAF1	schizophrenia	1.62	Hypothesized	Novel	Hypothesized	False	asc_ref299	
DEAF1	type 2 diabetes	1.5	Hypothesized	Novel	Hypothesized	False	asc_ref299	
DEPDC5	Alzheimer's disease	1.17	Novel	Novel	Novel	False	fig3_alzheimer	universe450
DEPDC5	Autism Spectrum Disorder	2.86	Existing	Existing	Existing	True	asc_ref299	
DEPDC5	bipolar disorder	1.31	Novel	Novel	Novel	False	asc_ref299	
DEPDC5	congenital heart disease	1.59	Hypothesized	Novel	Hypothesized	False	fig3_chd	universe509
DEPDC5	developmental disorder	3.47	Existing	Established	Existing	True	asc_ref299	
DEPDC5	epilepsy	3.97	Established	Established	Established	True	asc_ref299	
DEPDC5	schizophrenia	1.56	Hypothesized	Novel	Hypothesized	False	asc_ref299	
DEPDC5	type 2 diabetes	1.99	Hypothesized	Hypothesized	Hypothesized	False	asc_ref299	
DGKE	Alzheimer's disease	1.33	Novel	Novel	Novel	False	fig3_alzheimer	universe450
DGKE	Autism Spectrum Disorder	1.39	Novel	Novel	Novel	False	extra50_random	random50
DGKE	bipolar disorder	1.45	Novel	Novel	Novel	False	fig3_four_phenos	
DGKE	congenital heart disease	1.1	Novel	Novel	Novel	False	fig3_chd	universe509
DGKE	developmental disorder	2.31	Hypothesized	Existing	Hypothesized	False	fig3_four_phenos	
DGKE	epilepsy	1.36	Novel	Novel	Novel	False	fig3_four_phenos	
DGKE	schizophrenia	1.38	Novel	Novel	Novel	False	extra50_random	random50
DGKE	type 2 diabetes	1.67	Hypothesized	Novel	Hypothesized	False	fig3_four_phenos	
DHDDS	Alzheimer's disease	1.44	Novel	Novel	Novel	False	fig3_alzheimer	universe450
DHDDS	Autism Spectrum Disorder	3.03	Existing	Existing	Existing	True	asc_ref299	
DHDDS	bipolar disorder	1.43	Novel	Novel	Novel	False	asc_ref299	
DHDDS	congenital heart disease	1.2	Novel	Novel	Novel	False	fig3_chd	universe509
DHDDS	developmental disorder	3.95	Established	Established	Established	True	asc_ref299	
DHDDS	epilepsy	3.95	Established	Established	Established	True	asc_ref299	
DHDDS	schizophrenia	1.37	Novel	Novel	Novel	False	asc_ref299	
DHDDS	type 2 diabetes	1.09	Novel	Novel	Novel	False	asc_ref299	
DIP2C	Alzheimer's disease	1.29	Novel	Novel	Novel	False	fig3_alzheimer	universe450
DIP2C	Autism Spectrum Disorder	2.9	Existing	Existing	Existing	True	asc_ref299	
DIP2C	bipolar disorder	1.34	Novel	Novel	Novel	False	asc_ref299	
DIP2C	congenital heart disease	3.0	Existing	Existing	Existing	True	fig3_chd	universe509
DIP2C	developmental disorder	3.28	Existing	Existing	Existing	True	asc_ref299	
DIP2C	epilepsy	2.81	Existing	Existing	Existing	True	asc_ref299	
DIP2C	schizophrenia	1.49	Novel	Novel	Novel	False	asc_ref299	
DIP2C	type 2 diabetes	2.27	Hypothesized	Hypothesized	Hypothesized	False	asc_ref299	
DLG4	Alzheimer's disease	1.99	Hypothesized	Hypothesized	Hypothesized	False	fig3_alzheimer	universe450
DLG4	Autism Spectrum Disorder	3.44	Existing	Established	Existing	True	asc_ref299	
DLG4	bipolar disorder	1.72	Hypothesized	Novel	Hypothesized	False	asc_ref299	
DLG4	congenital heart disease	1.14	Novel	Novel	Novel	False	fig3_chd	universe509
DLG4	developmental disorder	3.95	Established	Established	Established	True	asc_ref299	
DLG4	epilepsy	3.86	Established	Established	Established	True	asc_ref299	
DLG4	schizophrenia	2.74	Existing	Existing	Existing	True	asc_ref299	
DLG4	type 2 diabetes	1.05	Novel	Novel	Novel	False	asc_ref299	
DLGAP3	Alzheimer's disease	1.97	Hypothesized	Hypothesized	Hypothesized	False	fig3_alzheimer	universe450
DLGAP3	Autism Spectrum Disorder	2.18	Hypothesized	Hypothesized	Hypothesized	False	asc_ref299	
DLGAP3	bipolar disorder	2.05	Hypothesized	Hypothesized	Hypothesized	False	asc_ref299	
DLGAP3	congenital heart disease	1.05	Novel	Novel	Novel	False	fig3_chd	universe509
DLGAP3	developmental disorder	2.44	Hypothesized	Existing	Hypothesized	False	asc_ref299	
DLGAP3	epilepsy	2.04	Hypothesized	Hypothesized	Hypothesized	False	asc_ref299	
DLGAP3	schizophrenia	2.67	Existing	Existing	Existing	True	asc_ref299	
DLGAP3	type 2 diabetes	1.06	Novel	Novel	Novel	False	asc_ref299	
DLL1	Alzheimer's disease	2.04	Hypothesized	Hypothesized	Hypothesized	False	fig3_alzheimer	universe450
DLL1	Autism Spectrum Disorder	3.09	Existing	Existing	Existing	True	asc_ref299	
DLL1	bipolar disorder	2.13	Hypothesized	Hypothesized	Hypothesized	False	asc_ref299	
DLL1	congenital heart disease	2.08	Hypothesized	Hypothesized	Hypothesized	False	fig3_chd	universe509
DLL1	developmental disorder	3.79	Established	Established	Established	True	asc_ref299	
DLL1	epilepsy	3.15	Existing	Existing	Existing	True	asc_ref299	
DLL1	schizophrenia	2.21	Hypothesized	Hypothesized	Hypothesized	False	asc_ref299	
DLL1	type 2 diabetes	2.23	Hypothesized	Hypothesized	Hypothesized	False	asc_ref299	
DLX5	Alzheimer's disease	1.33	Novel	Novel	Novel	False	fig3_alzheimer	universe450
DLX5	Autism Spectrum Disorder	2.65	Existing	Existing	Existing	True	random50_ann	random50_ann
DLX5	bipolar disorder	1.44	Novel	Novel	Novel	False	random50_ann	random50_ann
DLX5	congenital heart disease	1.44	Novel	Novel	Novel	False	fig3_chd	universe509
DLX5	developmental disorder	3.63	Established	Established	Established	True	random50_ann	random50_ann
DLX5	epilepsy	2.25	Hypothesized	Hypothesized	Hypothesized	False	random50_ann	random50_ann
DLX5	schizophrenia	2.11	Hypothesized	Hypothesized	Hypothesized	False	random50_ann	random50_ann
DLX5	type 2 diabetes	1.66	Hypothesized	Hypothesized	Hypothesized	False	random50_ann	random50_ann
DNAJC7	Alzheimer's disease	2.03	Hypothesized	Hypothesized	Hypothesized	False	fig3_alzheimer	universe450
DNAJC7	Autism Spectrum Disorder	1.17	Novel	Novel	Novel	False	random50_ann	random50_ann
DNAJC7	bipolar disorder	1.09	Novel	Novel	Novel	False	random50_ann	random50_ann
DNAJC7	congenital heart disease	1.06	Novel	Novel	Novel	False	fig3_chd	universe509
DNAJC7	developmental disorder	1.31	Novel	Novel	Novel	False	random50_ann	random50_ann
DNAJC7	epilepsy	1.26	Novel	Novel	Novel	False	random50_ann	random50_ann
DNAJC7	schizophrenia	1.16	Novel	Novel	Novel	False	random50_ann	random50_ann
DNAJC7	type 2 diabetes	1.09	Novel	Novel	Novel	False	random50_ann	random50_ann
DNM1	Alzheimer's disease	2.14	Hypothesized	Hypothesized	Hypothesized	False	fig3_alzheimer	universe450
DNM1	Autism Spectrum Disorder	2.9	Existing	Existing	Existing	True	asc_ref299	
DNM1	bipolar disorder	2.01	Hypothesized	Hypothesized	Hypothesized	False	asc_ref299	
DNM1	congenital heart disease	1.06	Novel	Novel	Novel	False	fig3_chd	universe509
DNM1	developmental disorder	3.95	Established	Established	Established	True	asc_ref299	
DNM1	epilepsy	3.96	Established	Established	Established	True	asc_ref299	
DNM1	schizophrenia	2.16	Hypothesized	Hypothesized	Hypothesized	False	asc_ref299	
DNM1	type 2 diabetes	1.09	Novel	Novel	Novel	False	asc_ref299	
DNMT3A	Alzheimer's disease	2.75	Existing	Existing	Existing	True	fig3_alzheimer	universe450
DNMT3A	Autism Spectrum Disorder	3.59	Established	Established	Established	True	asc_ref299	
DNMT3A	bipolar disorder	1.79	Hypothesized	Hypothesized	Hypothesized	False	asc_ref299	
DNMT3A	congenital heart disease	2.7	Existing	Existing	Existing	True	fig3_chd	universe509
DNMT3A	developmental disorder	3.95	Established	Established	Established	True	asc_ref299	
DNMT3A	epilepsy	3.3	Existing	Established	Existing	True	asc_ref299	
DNMT3A	schizophrenia	2.7	Existing	Existing	Existing	True	asc_ref299	
DNMT3A	type 2 diabetes	2.7	Existing	Existing	Existing	True	asc_ref299	
DSCAM	Alzheimer's disease	2.04	Hypothesized	Hypothesized	Hypothesized	False	fig3_alzheimer	universe450
DSCAM	Autism Spectrum Disorder	3.42	Existing	Established	Existing	True	asc_ref299	
DSCAM	bipolar disorder	2.8	Existing	Existing	Existing	True	asc_ref299	
DSCAM	congenital heart disease	2.74	Existing	Existing	Existing	True	fig3_chd	universe509
DSCAM	developmental disorder	3.27	Existing	Existing	Existing	True	asc_ref299	
DSCAM	epilepsy	2.12	Hypothesized	Hypothesized	Hypothesized	False	asc_ref299	
DSCAM	schizophrenia	2.24	Hypothesized	Hypothesized	Hypothesized	False	asc_ref299	
DSCAM	type 2 diabetes	1.14	Novel	Novel	Novel	False	asc_ref299	
DTX3L	Alzheimer's disease	2.03	Hypothesized	Hypothesized	Hypothesized	False	random50_ann2	random50_ann2
DTX3L	Autism Spectrum Disorder	1.09	Novel	Novel	Novel	False	random50_ann2	random50_ann2
DTX3L	bipolar disorder	1.07	Novel	Novel	Novel	False	random50_ann2	random50_ann2
DTX3L	congenital heart disease	2.35	Hypothesized	Existing	Hypothesized	False	fig3_chd	universe509
DTX3L	developmental disorder	1.36	Novel	Novel	Novel	False	random50_ann2	random50_ann2
DTX3L	epilepsy	1.06	Novel	Novel	Novel	False	random50_ann2	random50_ann2
DTX3L	schizophrenia	1.14	Novel	Novel	Novel	False	random50_ann2	random50_ann2
DTX3L	type 2 diabetes	1.91	Hypothesized	Hypothesized	Hypothesized	False	random50_ann2	random50_ann2
DYNC1H1	Alzheimer's disease	2.01	Hypothesized	Hypothesized	Hypothesized	False	fig3_alzheimer	universe450
DYNC1H1	Autism Spectrum Disorder	2.83	Existing	Existing	Existing	True	asc_ref299	
DYNC1H1	bipolar disorder	1.31	Novel	Novel	Novel	False	asc_ref299	
DYNC1H1	congenital heart disease	1.26	Novel	Novel	Novel	False	fig3_chd	universe509
DYNC1H1	developmental disorder	3.95	Established	Established	Established	True	asc_ref299	
DYNC1H1	epilepsy	3.96	Established	Established	Established	True	asc_ref299	
DYNC1H1	schizophrenia	1.28	Novel	Novel	Novel	False	asc_ref299	
DYNC1H1	type 2 diabetes	1.05	Novel	Novel	Novel	False	asc_ref299	
DYRK1A	Alzheimer's disease	2.66	Existing	Existing	Existing	True	fig3_alzheimer	universe450
DYRK1A	Autism Spectrum Disorder	3.92	Established	Established	Established	True	asc_ref299	
DYRK1A	bipolar disorder	1.42	Novel	Novel	Novel	False	asc_ref299	
DYRK1A	congenital heart disease	2.85	Existing	Existing	Existing	True	fig3_chd	universe509
DYRK1A	developmental disorder	3.97	Established	Established	Established	True	asc_ref299	
DYRK1A	epilepsy	3.91	Established	Established	Established	True	asc_ref299	
DYRK1A	schizophrenia	1.4	Novel	Novel	Novel	False	asc_ref299	
DYRK1A	type 2 diabetes	2.12	Hypothesized	Hypothesized	Hypothesized	False	asc_ref299	
EBF3	Alzheimer's disease	2.59	Existing	Existing	Existing	True	fig3_alzheimer	universe450
EBF3	Autism Spectrum Disorder	3.48	Existing	Established	Existing	True	asc_ref299	
EBF3	bipolar disorder	1.34	Novel	Novel	Novel	False	asc_ref299	
EBF3	congenital heart disease	1.45	Novel	Novel	Novel	False	fig3_chd	universe509
EBF3	developmental disorder	3.97	Established	Established	Established	True	asc_ref299	
EBF3	epilepsy	2.62	Existing	Existing	Existing	True	asc_ref299	
EBF3	schizophrenia	1.45	Novel	Novel	Novel	False	asc_ref299	
EBF3	type 2 diabetes	1.06	Novel	Novel	Novel	False	asc_ref299	
EBNA1BP2	Alzheimer's disease	1.06	Novel	Novel	Novel	False	random50_ann2	random50_ann2
EBNA1BP2	Autism Spectrum Disorder	1.06	Novel	Novel	Novel	False	random50_ann2	random50_ann2
EBNA1BP2	bipolar disorder	1.06	Novel	Novel	Novel	False	random50_ann2	random50_ann2
EBNA1BP2	congenital heart disease	1.07	Novel	Novel	Novel	False	fig3_chd	universe509
EBNA1BP2	developmental disorder	1.37	Novel	Novel	Novel	False	random50_ann2	random50_ann2
EBNA1BP2	epilepsy	1.06	Novel	Novel	Novel	False	random50_ann2	random50_ann2
EBNA1BP2	schizophrenia	1.06	Novel	Novel	Novel	False	random50_ann2	random50_ann2
EBNA1BP2	type 2 diabetes	1.06	Novel	Novel	Novel	False	random50_ann2	random50_ann2
ECE2	Alzheimer's disease	2.85	Existing	Existing	Existing	True	fig3_alzheimer	gencc9_ad
ECE2	Autism Spectrum Disorder	2.04	Hypothesized	Hypothesized	Hypothesized	False	fig3_alzheimer	gencc9_ad
ECE2	bipolar disorder	1.32	Novel	Novel	Novel	False	fig3_alzheimer	gencc9_ad
ECE2	congenital heart disease	1.99	Hypothesized	Hypothesized	Hypothesized	False	fig3_chd	universe509
ECE2	developmental disorder	2.88	Existing	Existing	Existing	True	fig3_alzheimer	gencc9_ad
ECE2	epilepsy	2.67	Existing	Existing	Existing	True	fig3_alzheimer	gencc9_ad
ECE2	schizophrenia	1.53	Hypothesized	Novel	Hypothesized	False	fig3_alzheimer	gencc9_ad
ECE2	type 2 diabetes	2.2	Hypothesized	Existing	Hypothesized	False	fig3_alzheimer	gencc9_ad
EEF1A2	Alzheimer's disease	1.32	Novel	Novel	Novel	False	fig3_alzheimer	universe450
EEF1A2	Autism Spectrum Disorder	3.38	Existing	Established	Existing	True	asc_ref299	
EEF1A2	bipolar disorder	1.36	Novel	Novel	Novel	False	asc_ref299	
EEF1A2	congenital heart disease	2.93	Existing	Existing	Existing	True	fig3_chd	universe509
EEF1A2	developmental disorder	3.97	Established	Established	Established	True	asc_ref299	
EEF1A2	epilepsy	3.97	Established	Established	Established	True	asc_ref299	
EEF1A2	schizophrenia	1.38	Novel	Novel	Novel	False	asc_ref299	
EEF1A2	type 2 diabetes	1.09	Novel	Novel	Novel	False	asc_ref299	
EEF1B2	Alzheimer's disease	1.14	Novel	Novel	Novel	False	fig3_alzheimer	universe450
EEF1B2	Autism Spectrum Disorder	2.62	Existing	Existing	Existing	True	random50_ann	random50_ann
EEF1B2	bipolar disorder	1.36	Novel	Novel	Novel	False	random50_ann	random50_ann
EEF1B2	congenital heart disease	1.43	Novel	Novel	Novel	False	fig3_chd	universe509
EEF1B2	developmental disorder	3.86	Established	Established	Established	True	random50_ann	random50_ann
EEF1B2	epilepsy	3.28	Existing	Existing	Existing	True	random50_ann	random50_ann
EEF1B2	schizophrenia	1.43	Novel	Novel	Novel	False	random50_ann	random50_ann
EEF1B2	type 2 diabetes	1.06	Novel	Novel	Novel	False	random50_ann	random50_ann
EFTUD2	Alzheimer's disease	2.03	Hypothesized	Hypothesized	Hypothesized	False	fig3_alzheimer	universe450
EFTUD2	Autism Spectrum Disorder	2.76	Existing	Existing	Existing	True	asc_ref299	
EFTUD2	bipolar disorder	1.14	Novel	Novel	Novel	False	asc_ref299	
EFTUD2	congenital heart disease	3.6	Established	Established	Established	True	fig3_chd	universe509
EFTUD2	developmental disorder	3.97	Established	Established	Established	True	asc_ref299	
EFTUD2	epilepsy	3.12	Existing	Existing	Existing	True	asc_ref299	
EFTUD2	schizophrenia	1.36	Novel	Novel	Novel	False	asc_ref299	
EFTUD2	type 2 diabetes	1.06	Novel	Novel	Novel	False	asc_ref299	
EGF	Alzheimer's disease	2.9	Existing	Existing	Existing	True	fig3_alzheimer	universe450
EGF	Autism Spectrum Disorder	2.79	Existing	Existing	Existing	True	extra50_random	random50
EGF	bipolar disorder	2.16	Hypothesized	Hypothesized	Hypothesized	False	fig3_four_phenos	
EGF	congenital heart disease	2.21	Hypothesized	Hypothesized	Hypothesized	False	fig3_chd	universe509
EGF	developmental disorder	2.79	Existing	Existing	Existing	True	fig3_four_phenos	
EGF	epilepsy	2.8	Existing	Existing	Existing	True	fig3_four_phenos	
EGF	schizophrenia	2.8	Existing	Existing	Existing	True	extra50_random	random50
EGF	type 2 diabetes	1.92	Hypothesized	Hypothesized	Hypothesized	False	fig3_four_phenos	
EGR3	Alzheimer's disease	2.11	Hypothesized	Hypothesized	Hypothesized	False	fig3_alzheimer	universe450
EGR3	Autism Spectrum Disorder	2.32	Hypothesized	Hypothesized	Hypothesized	False	asc_ref299	
EGR3	bipolar disorder	2.26	Hypothesized	Hypothesized	Hypothesized	False	asc_ref299	
EGR3	congenital heart disease	2.04	Hypothesized	Hypothesized	Hypothesized	False	fig3_chd	universe509
EGR3	developmental disorder	2.54	Existing	Existing	Existing	True	asc_ref299	
EGR3	epilepsy	2.08	Hypothesized	Hypothesized	Hypothesized	False	asc_ref299	
EGR3	schizophrenia	3.07	Existing	Existing	Existing	True	asc_ref299	
EGR3	type 2 diabetes	1.66	Hypothesized	Hypothesized	Hypothesized	False	asc_ref299	
EHMT1	Alzheimer's disease	2.11	Hypothesized	Hypothesized	Hypothesized	False	fig3_alzheimer	universe450
EHMT1	Autism Spectrum Disorder	3.6	Established	Established	Established	True	asc_ref299	
EHMT1	bipolar disorder	1.88	Hypothesized	Hypothesized	Hypothesized	False	asc_ref299	
EHMT1	congenital heart disease	3.53	Established	Established	Established	True	fig3_chd	universe509
EHMT1	developmental disorder	3.95	Established	Established	Established	True	asc_ref299	
EHMT1	epilepsy	3.54	Established	Established	Established	True	asc_ref299	
EHMT1	schizophrenia	2.93	Existing	Existing	Existing	True	asc_ref299	
EHMT1	type 2 diabetes	1.14	Novel	Novel	Novel	False	asc_ref299	
ELL	Alzheimer's disease	2.57	Existing	Existing	Existing	True	fig3_alzheimer	universe450
ELL	Autism Spectrum Disorder	1.53	Hypothesized	Novel	Hypothesized	False	extra50_random	random50
ELL	bipolar disorder	1.14	Novel	Novel	Novel	False	fig3_four_phenos	
ELL	congenital heart disease	1.25	Novel	Novel	Novel	False	fig3_chd	universe509
ELL	developmental disorder	1.95	Hypothesized	Hypothesized	Hypothesized	False	fig3_four_phenos	
ELL	epilepsy	1.39	Novel	Novel	Novel	False	fig3_four_phenos	
ELL	schizophrenia	1.66	Hypothesized	Novel	Hypothesized	False	extra50_random	random50
ELL	type 2 diabetes	2.08	Hypothesized	Hypothesized	Hypothesized	False	fig3_four_phenos	
ELMOD2	Alzheimer's disease	1.14	Novel	Novel	Novel	False	fig3_alzheimer	universe450
ELMOD2	Autism Spectrum Disorder	1.23	Novel	Novel	Novel	False	extra50_random	random50
ELMOD2	bipolar disorder	1.12	Novel	Novel	Novel	False	fig3_four_phenos	
ELMOD2	congenital heart disease	1.82	Hypothesized	Novel	Hypothesized	False	fig3_chd	universe509
ELMOD2	developmental disorder	1.66	Hypothesized	Novel	Hypothesized	False	fig3_four_phenos	
ELMOD2	epilepsy	1.26	Novel	Novel	Novel	False	fig3_four_phenos	
ELMOD2	schizophrenia	1.14	Novel	Novel	Novel	False	extra50_random	random50
ELMOD2	type 2 diabetes	1.06	Novel	Novel	Novel	False	fig3_four_phenos	
ELP6	Alzheimer's disease	1.66	Hypothesized	Hypothesized	Hypothesized	False	fig3_alzheimer	universe450
ELP6	Autism Spectrum Disorder	2.46	Hypothesized	Existing	Hypothesized	False	random50_ann	random50_ann
ELP6	bipolar disorder	1.41	Novel	Novel	Novel	False	random50_ann	random50_ann
ELP6	congenital heart disease	1.22	Novel	Novel	Novel	False	fig3_chd	universe509
ELP6	developmental disorder	2.95	Existing	Existing	Existing	True	random50_ann	random50_ann
ELP6	epilepsy	2.93	Existing	Existing	Existing	True	random50_ann	random50_ann
ELP6	schizophrenia	1.53	Hypothesized	Novel	Hypothesized	False	random50_ann	random50_ann
ELP6	type 2 diabetes	1.14	Novel	Novel	Novel	False	random50_ann	random50_ann
EMC7	Alzheimer's disease	1.13	Novel	Novel	Novel	False	fig3_alzheimer	universe450
EMC7	Autism Spectrum Disorder	1.13	Novel	Novel	Novel	False	asc_ref299	
EMC7	bipolar disorder	1.04	Novel	Novel	Novel	False	asc_ref299	
EMC7	congenital heart disease	1.09	Novel	Novel	Novel	False	fig3_chd	universe509
EMC7	developmental disorder	1.23	Novel	Novel	Novel	False	asc_ref299	
EMC7	epilepsy	1.06	Novel	Novel	Novel	False	asc_ref299	
EMC7	schizophrenia	1.13	Novel	Novel	Novel	False	asc_ref299	
EMC7	type 2 diabetes	1.09	Novel	Novel	Novel	False	asc_ref299	
EP300	Alzheimer's disease	2.78	Existing	Existing	Existing	True	fig3_alzheimer	universe450
EP300	Autism Spectrum Disorder	3.36	Existing	Established	Existing	True	asc_ref299	
EP300	bipolar disorder	1.36	Novel	Novel	Novel	False	asc_ref299	
EP300	congenital heart disease	3.08	Existing	Existing	Existing	True	fig3_chd	universe509
EP300	developmental disorder	3.94	Established	Established	Established	True	asc_ref299	
EP300	epilepsy	3.12	Existing	Existing	Existing	True	asc_ref299	
EP300	schizophrenia	2.76	Existing	Existing	Existing	True	asc_ref299	
EP300	type 2 diabetes	2.57	Existing	Existing	Existing	True	asc_ref299	
EP400	Alzheimer's disease	1.27	Novel	Novel	Novel	False	fig3_alzheimer	universe450
EP400	Autism Spectrum Disorder	2.72	Existing	Existing	Existing	True	asc_ref299	
EP400	bipolar disorder	2.09	Hypothesized	Hypothesized	Hypothesized	False	asc_ref299	
EP400	congenital heart disease	2.77	Existing	Existing	Existing	True	fig3_chd	universe509
EP400	developmental disorder	3.1	Existing	Existing	Existing	True	asc_ref299	
EP400	epilepsy	3.1	Existing	Existing	Existing	True	asc_ref299	
EP400	schizophrenia	2.94	Existing	Existing	Existing	True	asc_ref299	
EP400	type 2 diabetes	1.95	Hypothesized	Hypothesized	Hypothesized	False	asc_ref299	
EPB41L4B	Alzheimer's disease	1.06	Novel	Novel	Novel	False	random50_ann2	random50_ann2
EPB41L4B	Autism Spectrum Disorder	1.06	Novel	Novel	Novel	False	random50_ann2	random50_ann2
EPB41L4B	bipolar disorder	1.06	Novel	Novel	Novel	False	random50_ann2	random50_ann2
EPB41L4B	congenital heart disease	1.08	Novel	Novel	Novel	False	fig3_chd	universe509
EPB41L4B	developmental disorder	1.22	Novel	Novel	Novel	False	random50_ann2	random50_ann2
EPB41L4B	epilepsy	2.26	Hypothesized	Existing	Hypothesized	False	random50_ann2	random50_ann2
EPB41L4B	schizophrenia	1.06	Novel	Novel	Novel	False	random50_ann2	random50_ann2
EPB41L4B	type 2 diabetes	1.12	Novel	Novel	Novel	False	random50_ann2	random50_ann2
EPS8L2	Alzheimer's disease	1.09	Novel	Novel	Novel	False	fig3_alzheimer	universe450
EPS8L2	Autism Spectrum Disorder	1.08	Novel	Novel	Novel	False	extra50_random	random50
EPS8L2	bipolar disorder	1.06	Novel	Novel	Novel	False	fig3_four_phenos	
EPS8L2	congenital heart disease	1.17	Novel	Novel	Novel	False	fig3_chd	universe509
EPS8L2	developmental disorder	3.39	Existing	Established	Existing	True	fig3_four_phenos	
EPS8L2	epilepsy	1.06	Novel	Novel	Novel	False	fig3_four_phenos	
EPS8L2	schizophrenia	1.06	Novel	Novel	Novel	False	extra50_random	random50
EPS8L2	type 2 diabetes	1.38	Novel	Novel	Novel	False	fig3_four_phenos	
ERP44	Alzheimer's disease	1.55	Hypothesized	Novel	Hypothesized	False	fig3_alzheimer	universe450
ERP44	Autism Spectrum Disorder	1.73	Hypothesized	Hypothesized	Hypothesized	False	extra50_random	random50
ERP44	bipolar disorder	1.66	Hypothesized	Hypothesized	Hypothesized	False	fig3_four_phenos	
ERP44	congenital heart disease	2.04	Hypothesized	Hypothesized	Hypothesized	False	fig3_chd	universe509
ERP44	developmental disorder	1.95	Hypothesized	Hypothesized	Hypothesized	False	fig3_four_phenos	
ERP44	epilepsy	1.46	Novel	Novel	Novel	False	fig3_four_phenos	
ERP44	schizophrenia	1.56	Hypothesized	Novel	Hypothesized	False	extra50_random	random50
ERP44	type 2 diabetes	2.06	Hypothesized	Hypothesized	Hypothesized	False	fig3_four_phenos	
EXOSC7	Alzheimer's disease	1.17	Novel	Novel	Novel	False	fig3_alzheimer	universe450
EXOSC7	Autism Spectrum Disorder	1.44	Novel	Novel	Novel	False	random50_ann	random50_ann
EXOSC7	bipolar disorder	1.12	Novel	Novel	Novel	False	random50_ann	random50_ann
EXOSC7	congenital heart disease	1.36	Novel	Novel	Novel	False	fig3_chd	universe509
EXOSC7	developmental disorder	2.64	Existing	Existing	Existing	True	random50_ann	random50_ann
EXOSC7	epilepsy	2.05	Hypothesized	Hypothesized	Hypothesized	False	random50_ann	random50_ann
EXOSC7	schizophrenia	1.32	Novel	Novel	Novel	False	random50_ann	random50_ann
EXOSC7	type 2 diabetes	1.12	Novel	Novel	Novel	False	random50_ann	random50_ann
EXT1	Alzheimer's disease	2.07	Hypothesized	Hypothesized	Hypothesized	False	fig3_alzheimer	universe450
EXT1	Autism Spectrum Disorder	2.71	Existing	Existing	Existing	True	asc_ref299	
EXT1	bipolar disorder	1.06	Novel	Novel	Novel	False	asc_ref299	
EXT1	congenital heart disease	1.67	Hypothesized	Novel	Hypothesized	False	fig3_chd	universe509
EXT1	developmental disorder	3.82	Established	Established	Established	True	asc_ref299	
EXT1	epilepsy	1.97	Hypothesized	Novel	Hypothesized	False	asc_ref299	
EXT1	schizophrenia	1.12	Novel	Novel	Novel	False	asc_ref299	
EXT1	type 2 diabetes	2.57	Existing	Existing	Existing	True	asc_ref299	
F2RL3	Alzheimer's disease	2.14	Hypothesized	Hypothesized	Hypothesized	False	random50_ann2	random50_ann2
F2RL3	Autism Spectrum Disorder	1.05	Novel	Novel	Novel	False	random50_ann2	random50_ann2
F2RL3	bipolar disorder	1.17	Novel	Novel	Novel	False	random50_ann2	random50_ann2
F2RL3	congenital heart disease	1.14	Novel	Novel	Novel	False	fig3_chd	universe509
F2RL3	developmental disorder	1.12	Novel	Novel	Novel	False	random50_ann2	random50_ann2
F2RL3	epilepsy	1.14	Novel	Novel	Novel	False	random50_ann2	random50_ann2
F2RL3	schizophrenia	1.13	Novel	Novel	Novel	False	random50_ann2	random50_ann2
F2RL3	type 2 diabetes	2.12	Hypothesized	Hypothesized	Hypothesized	False	random50_ann2	random50_ann2
FABP1	Alzheimer's disease	2.24	Hypothesized	Hypothesized	Hypothesized	False	fig3_alzheimer	universe450
FABP1	Autism Spectrum Disorder	1.59	Hypothesized	Hypothesized	Hypothesized	False	asd_extra101	random
FABP1	bipolar disorder	1.32	Novel	Novel	Novel	False	fig3_four_phenos	
FABP1	congenital heart disease	1.36	Novel	Novel	Novel	False	fig3_chd	universe509
FABP1	developmental disorder	1.34	Novel	Novel	Novel	False	fig3_four_phenos	
FABP1	epilepsy	1.46	Novel	Novel	Novel	False	fig3_four_phenos	
FABP1	schizophrenia	1.22	Novel	Novel	Novel	False	scz_extra101	random
FABP1	type 2 diabetes	2.85	Existing	Existing	Existing	True	fig3_four_phenos	
FAM151A	Alzheimer's disease	1.17	Novel	Novel	Novel	False	fig3_alzheimer	universe450
FAM151A	Autism Spectrum Disorder	1.27	Novel	Novel	Novel	False	asd_extra101	random
FAM151A	bipolar disorder	1.12	Novel	Novel	Novel	False	fig3_four_phenos	
FAM151A	congenital heart disease	1.06	Novel	Novel	Novel	False	fig3_chd	universe509
FAM151A	developmental disorder	1.44	Novel	Novel	Novel	False	fig3_four_phenos	
FAM151A	epilepsy	1.16	Novel	Novel	Novel	False	fig3_four_phenos	
FAM151A	schizophrenia	1.22	Novel	Novel	Novel	False	scz_extra101	random
FAM151A	type 2 diabetes	2.23	Hypothesized	Hypothesized	Hypothesized	False	fig3_four_phenos	
FAM189B	Alzheimer's disease	1.13	Novel	Novel	Novel	False	fig3_alzheimer	universe450
FAM189B	Autism Spectrum Disorder	1.13	Novel	Novel	Novel	False	extra50_random	random50
FAM189B	bipolar disorder	1.05	Novel	Novel	Novel	False	fig3_four_phenos	
FAM189B	congenital heart disease	1.16	Novel	Novel	Novel	False	fig3_chd	universe509
FAM189B	developmental disorder	1.12	Novel	Novel	Novel	False	fig3_four_phenos	
FAM189B	epilepsy	1.06	Novel	Novel	Novel	False	fig3_four_phenos	
FAM189B	schizophrenia	1.05	Novel	Novel	Novel	False	extra50_random	random50
FAM189B	type 2 diabetes	1.92	Hypothesized	Novel	Hypothesized	False	fig3_four_phenos	
FAM47E-STBD1	Alzheimer's disease	1.13	Novel	Novel	Novel	False	fig3_alzheimer	universe450
FAM47E-STBD1	Autism Spectrum Disorder	1.13	Novel	Novel	Novel	False	extra50_random	random50
FAM47E-STBD1	bipolar disorder	1.1	Novel	Novel	Novel	False	fig3_four_phenos	
FAM47E-STBD1	congenital heart disease	1.07	Novel	Novel	Novel	False	fig3_chd	universe509
FAM47E-STBD1	developmental disorder	1.15	Novel	Novel	Novel	False	fig3_four_phenos	
FAM47E-STBD1	epilepsy	1.13	Novel	Novel	Novel	False	fig3_four_phenos	
FAM47E-STBD1	schizophrenia	1.2	Novel	Novel	Novel	False	extra50_random	random50
FAM47E-STBD1	type 2 diabetes	1.54	Hypothesized	Novel	Hypothesized	False	fig3_four_phenos	
FAM81B	Alzheimer's disease	1.13	Novel	Novel	Novel	False	fig3_alzheimer	universe450
FAM81B	Autism Spectrum Disorder	1.21	Novel	Novel	Novel	False	asd_extra101	random
FAM81B	bipolar disorder	1.13	Novel	Novel	Novel	False	fig3_four_phenos	
FAM81B	congenital heart disease	1.05	Novel	Novel	Novel	False	fig3_chd	universe509
FAM81B	developmental disorder	1.15	Novel	Novel	Novel	False	fig3_four_phenos	
FAM81B	epilepsy	1.21	Novel	Novel	Novel	False	fig3_four_phenos	
FAM81B	schizophrenia	1.13	Novel	Novel	Novel	False	scz_extra101	random
FAM81B	type 2 diabetes	1.13	Novel	Novel	Novel	False	fig3_four_phenos	
FBXO11	Alzheimer's disease	1.14	Novel	Novel	Novel	False	fig3_alzheimer	universe450
FBXO11	Autism Spectrum Disorder	3.3	Existing	Established	Existing	True	asc_ref299	
FBXO11	bipolar disorder	1.53	Hypothesized	Novel	Hypothesized	False	asc_ref299	
FBXO11	congenital heart disease	1.51	Hypothesized	Novel	Hypothesized	False	fig3_chd	universe509
FBXO11	developmental disorder	3.97	Established	Established	Established	True	asc_ref299	
FBXO11	epilepsy	3.22	Existing	Existing	Existing	True	asc_ref299	
FBXO11	schizophrenia	1.55	Hypothesized	Novel	Hypothesized	False	asc_ref299	
FBXO11	type 2 diabetes	1.26	Novel	Novel	Novel	False	asc_ref299	
FBXW11	Alzheimer's disease	2.07	Hypothesized	Hypothesized	Hypothesized	False	fig3_alzheimer	universe450
FBXW11	Autism Spectrum Disorder	2.38	Hypothesized	Hypothesized	Hypothesized	False	asc_ref299	
FBXW11	bipolar disorder	1.57	Hypothesized	Novel	Hypothesized	False	asc_ref299	
FBXW11	congenital heart disease	2.1	Hypothesized	Hypothesized	Hypothesized	False	fig3_chd	universe509
FBXW11	developmental disorder	3.86	Established	Established	Established	True	asc_ref299	
FBXW11	epilepsy	2.97	Existing	Existing	Existing	True	asc_ref299	
FBXW11	schizophrenia	1.49	Novel	Novel	Novel	False	asc_ref299	
FBXW11	type 2 diabetes	1.41	Novel	Novel	Novel	False	asc_ref299	
FBXW7	Alzheimer's disease	2.1	Hypothesized	Hypothesized	Hypothesized	False	fig3_alzheimer	universe450
FBXW7	Autism Spectrum Disorder	2.79	Existing	Existing	Existing	True	asc_ref299	
FBXW7	bipolar disorder	1.49	Novel	Novel	Novel	False	asc_ref299	
FBXW7	congenital heart disease	1.83	Hypothesized	Hypothesized	Hypothesized	False	fig3_chd	universe509
FBXW7	developmental disorder	3.95	Established	Established	Established	True	asc_ref299	
FBXW7	epilepsy	3.08	Existing	Existing	Existing	True	asc_ref299	
FBXW7	schizophrenia	2.25	Hypothesized	Hypothesized	Hypothesized	False	asc_ref299	
FBXW7	type 2 diabetes	3.02	Existing	Existing	Existing	True	asc_ref299	
FERD3L	Alzheimer's disease	1.99	Hypothesized	Hypothesized	Hypothesized	False	fig3_alzheimer	universe450
FERD3L	Autism Spectrum Disorder	1.74	Hypothesized	Hypothesized	Hypothesized	False	extra50_random	random50
FERD3L	bipolar disorder	1.29	Novel	Novel	Novel	False	fig3_four_phenos	
FERD3L	congenital heart disease	1.17	Novel	Novel	Novel	False	fig3_chd	universe509
FERD3L	developmental disorder	2.38	Hypothesized	Hypothesized	Hypothesized	False	fig3_four_phenos	
FERD3L	epilepsy	1.34	Novel	Novel	Novel	False	fig3_four_phenos	
FERD3L	schizophrenia	1.51	Hypothesized	Novel	Hypothesized	False	extra50_random	random50
FERD3L	type 2 diabetes	1.06	Novel	Novel	Novel	False	fig3_four_phenos	
FERMT2	Alzheimer's disease	3.17	Existing	Existing	Existing	True	random50_ann2	random50_ann2
FERMT2	Autism Spectrum Disorder	1.17	Novel	Novel	Novel	False	random50_ann2	random50_ann2
FERMT2	bipolar disorder	1.14	Novel	Novel	Novel	False	random50_ann2	random50_ann2
FERMT2	congenital heart disease	1.25	Novel	Novel	Novel	False	fig3_chd	universe509
FERMT2	developmental disorder	1.49	Novel	Novel	Novel	False	random50_ann2	random50_ann2
FERMT2	epilepsy	1.12	Novel	Novel	Novel	False	random50_ann2	random50_ann2
FERMT2	schizophrenia	1.26	Novel	Novel	Novel	False	random50_ann2	random50_ann2
FERMT2	type 2 diabetes	2.24	Hypothesized	Hypothesized	Hypothesized	False	random50_ann2	random50_ann2
FGD3	Alzheimer's disease	1.24	Novel	Novel	Novel	False	random50_ann2	random50_ann2
FGD3	Autism Spectrum Disorder	1.39	Novel	Novel	Novel	False	random50_ann2	random50_ann2
FGD3	bipolar disorder	1.14	Novel	Novel	Novel	False	random50_ann2	random50_ann2
FGD3	congenital heart disease	1.33	Novel	Novel	Novel	False	fig3_chd	universe509
FGD3	developmental disorder	2.04	Hypothesized	Hypothesized	Hypothesized	False	random50_ann2	random50_ann2
FGD3	epilepsy	1.17	Novel	Novel	Novel	False	random50_ann2	random50_ann2
FGD3	schizophrenia	1.25	Novel	Novel	Novel	False	random50_ann2	random50_ann2
FGD3	type 2 diabetes	1.12	Novel	Novel	Novel	False	random50_ann2	random50_ann2
FGF19	Alzheimer's disease	1.78	Hypothesized	Hypothesized	Hypothesized	False	fig3_alzheimer	universe450
FGF19	Autism Spectrum Disorder	1.49	Novel	Novel	Novel	False	asd_extra101	random
FGF19	bipolar disorder	1.08	Novel	Novel	Novel	False	fig3_four_phenos	
FGF19	congenital heart disease	1.32	Novel	Novel	Novel	False	fig3_chd	universe509
FGF19	developmental disorder	1.94	Hypothesized	Hypothesized	Hypothesized	False	fig3_four_phenos	
FGF19	epilepsy	1.58	Hypothesized	Hypothesized	Hypothesized	False	fig3_four_phenos	
FGF19	schizophrenia	1.66	Hypothesized	Hypothesized	Hypothesized	False	scz_extra101	random
FGF19	type 2 diabetes	2.22	Hypothesized	Hypothesized	Hypothesized	False	fig3_four_phenos	
FKBP1C	Alzheimer's disease	1.12	Novel	Novel	Novel	False	fig3_alzheimer	universe450
FKBP1C	Autism Spectrum Disorder	1.1	Novel	Novel	Novel	False	asd_extra101	random
FKBP1C	bipolar disorder	1.09	Novel	Novel	Novel	False	fig3_four_phenos	
FKBP1C	congenital heart disease	1.12	Novel	Novel	Novel	False	fig3_chd	universe509
FKBP1C	developmental disorder	1.09	Novel	Novel	Novel	False	fig3_four_phenos	
FKBP1C	epilepsy	1.09	Novel	Novel	Novel	False	fig3_four_phenos	
FKBP1C	schizophrenia	1.09	Novel	Novel	Novel	False	scz_extra101	random
FKBP1C	type 2 diabetes	1.09	Novel	Novel	Novel	False	fig3_four_phenos	
FKBPL	Alzheimer's disease	2.1	Hypothesized	Hypothesized	Hypothesized	False	fig3_alzheimer	universe450
FKBPL	Autism Spectrum Disorder	1.06	Novel	Novel	Novel	False	extra50_random	random50
FKBPL	bipolar disorder	1.06	Novel	Novel	Novel	False	fig3_four_phenos	
FKBPL	congenital heart disease	1.67	Hypothesized	Hypothesized	Hypothesized	False	fig3_chd	universe509
FKBPL	developmental disorder	1.96	Hypothesized	Hypothesized	Hypothesized	False	fig3_four_phenos	
FKBPL	epilepsy	1.06	Novel	Novel	Novel	False	fig3_four_phenos	
FKBPL	schizophrenia	1.31	Novel	Novel	Novel	False	extra50_random	random50
FKBPL	type 2 diabetes	2.11	Hypothesized	Hypothesized	Hypothesized	False	fig3_four_phenos	
FLT4	Alzheimer's disease	2.35	Hypothesized	Hypothesized	Hypothesized	False	fig3_chd	pcgc_sig60
FLT4	Autism Spectrum Disorder	1.8	Hypothesized	Hypothesized	Hypothesized	False	fig3_chd	pcgc_sig60
FLT4	bipolar disorder	1.06	Novel	Novel	Novel	False	fig3_chd	pcgc_sig60
FLT4	congenital heart disease	3.86	Established	Established	Established	True	fig3_chd	pcgc_sig60
FLT4	developmental disorder	3.77	Established	Established	Established	True	fig3_chd	pcgc_sig60
FLT4	epilepsy	1.9	Hypothesized	Hypothesized	Hypothesized	False	fig3_chd	pcgc_sig60
FLT4	schizophrenia	1.46	Novel	Novel	Novel	False	fig3_chd	pcgc_sig60
FLT4	type 2 diabetes	1.94	Hypothesized	Hypothesized	Hypothesized	False	fig3_chd	pcgc_sig60
FOXC2	Alzheimer's disease	1.85	Hypothesized	Hypothesized	Hypothesized	False	fig3_chd	pcgc_sig60
FOXC2	Autism Spectrum Disorder	1.12	Novel	Novel	Novel	False	fig3_chd	pcgc_sig60
FOXC2	bipolar disorder	1.06	Novel	Novel	Novel	False	fig3_chd	pcgc_sig60
FOXC2	congenital heart disease	3.09	Existing	Existing	Existing	True	fig3_chd	pcgc_sig60
FOXC2	developmental disorder	3.23	Existing	Established	Existing	True	fig3_chd	pcgc_sig60
FOXC2	epilepsy	1.26	Novel	Novel	Novel	False	fig3_chd	pcgc_sig60
FOXC2	schizophrenia	1.06	Novel	Novel	Novel	False	fig3_chd	pcgc_sig60
FOXC2	type 2 diabetes	2.78	Existing	Existing	Existing	True	fig3_chd	pcgc_sig60
FOXG1	Alzheimer's disease	2.05	Hypothesized	Hypothesized	Hypothesized	False	fig3_alzheimer	universe450
FOXG1	Autism Spectrum Disorder	3.4	Existing	Established	Existing	True	asc_ref299	
FOXG1	bipolar disorder	1.28	Novel	Novel	Novel	False	asc_ref299	
FOXG1	congenital heart disease	1.06	Novel	Novel	Novel	False	fig3_chd	universe509
FOXG1	developmental disorder	3.95	Established	Established	Established	True	asc_ref299	
FOXG1	epilepsy	3.76	Established	Established	Established	True	asc_ref299	
FOXG1	schizophrenia	2.66	Existing	Existing	Existing	True	asc_ref299	
FOXG1	type 2 diabetes	1.85	Hypothesized	Hypothesized	Hypothesized	False	asc_ref299	
FOXP1	Alzheimer's disease	2.0	Hypothesized	Hypothesized	Hypothesized	False	fig3_alzheimer	universe450
FOXP1	Autism Spectrum Disorder	3.86	Established	Established	Established	True	asc_ref299	
FOXP1	bipolar disorder	2.12	Hypothesized	Hypothesized	Hypothesized	False	asc_ref299	
FOXP1	congenital heart disease	3.14	Existing	Existing	Existing	True	fig3_chd	universe509
FOXP1	developmental disorder	3.95	Established	Established	Established	True	asc_ref299	
FOXP1	epilepsy	3.23	Existing	Existing	Existing	True	asc_ref299	
FOXP1	schizophrenia	2.87	Existing	Existing	Existing	True	asc_ref299	
FOXP1	type 2 diabetes	2.5	Hypothesized	Existing	Hypothesized	False	asc_ref299	
FOXP2	Alzheimer's disease	1.79	Hypothesized	Hypothesized	Hypothesized	False	fig3_alzheimer	universe450
FOXP2	Autism Spectrum Disorder	2.84	Existing	Existing	Existing	True	asc_ref299	
FOXP2	bipolar disorder	1.85	Hypothesized	Hypothesized	Hypothesized	False	asc_ref299	
FOXP2	congenital heart disease	1.06	Novel	Novel	Novel	False	fig3_chd	universe509
FOXP2	developmental disorder	3.91	Established	Established	Established	True	asc_ref299	
FOXP2	epilepsy	2.32	Hypothesized	Hypothesized	Hypothesized	False	asc_ref299	
FOXP2	schizophrenia	2.84	Existing	Existing	Existing	True	asc_ref299	
FOXP2	type 2 diabetes	1.83	Hypothesized	Hypothesized	Hypothesized	False	asc_ref299	
FYN	Alzheimer's disease	2.68	Existing	Existing	Existing	True	fig3_alzheimer	universe450
FYN	Autism Spectrum Disorder	2.23	Hypothesized	Hypothesized	Hypothesized	False	asc_ref299	
FYN	bipolar disorder	2.94	Existing	Existing	Existing	True	asc_ref299	
FYN	congenital heart disease	1.12	Novel	Novel	Novel	False	fig3_chd	universe509
FYN	developmental disorder	2.18	Hypothesized	Hypothesized	Hypothesized	False	asc_ref299	
FYN	epilepsy	2.15	Hypothesized	Hypothesized	Hypothesized	False	asc_ref299	
FYN	schizophrenia	2.63	Existing	Existing	Existing	True	asc_ref299	
FYN	type 2 diabetes	2.14	Hypothesized	Hypothesized	Hypothesized	False	asc_ref299	
FZD2	Alzheimer's disease	2.09	Hypothesized	Hypothesized	Hypothesized	False	fig3_alzheimer	universe450
FZD2	Autism Spectrum Disorder	1.38	Novel	Novel	Novel	False	extra50_random	random50
FZD2	bipolar disorder	1.27	Novel	Novel	Novel	False	fig3_four_phenos	
FZD2	congenital heart disease	1.92	Hypothesized	Hypothesized	Hypothesized	False	fig3_chd	universe509
FZD2	developmental disorder	3.94	Established	Established	Established	True	fig3_four_phenos	
FZD2	epilepsy	1.16	Novel	Novel	Novel	False	fig3_four_phenos	
FZD2	schizophrenia	1.35	Novel	Novel	Novel	False	extra50_random	random50
FZD2	type 2 diabetes	1.73	Hypothesized	Hypothesized	Hypothesized	False	fig3_four_phenos	
GABBR2	Alzheimer's disease	2.31	Hypothesized	Hypothesized	Hypothesized	False	fig3_alzheimer	universe450
GABBR2	Autism Spectrum Disorder	3.13	Existing	Existing	Existing	True	asc_ref299	
GABBR2	bipolar disorder	2.43	Hypothesized	Hypothesized	Hypothesized	False	asc_ref299	
GABBR2	congenital heart disease	1.86	Hypothesized	Novel	Hypothesized	False	fig3_chd	universe509
GABBR2	developmental disorder	3.91	Established	Established	Established	True	asc_ref299	
GABBR2	epilepsy	3.88	Established	Established	Established	True	asc_ref299	
GABBR2	schizophrenia	2.77	Existing	Existing	Existing	True	asc_ref299	
GABBR2	type 2 diabetes	1.88	Hypothesized	Hypothesized	Hypothesized	False	asc_ref299	
GABRA1	Alzheimer's disease	2.27	Hypothesized	Hypothesized	Hypothesized	False	fig3_alzheimer	universe450
GABRA1	Autism Spectrum Disorder	2.7	Existing	Existing	Existing	True	asc_ref299	
GABRA1	bipolar disorder	2.73	Existing	Existing	Existing	True	asc_ref299	
GABRA1	congenital heart disease	1.05	Novel	Novel	Novel	False	fig3_chd	universe509
GABRA1	developmental disorder	3.91	Established	Established	Established	True	asc_ref299	
GABRA1	epilepsy	3.94	Established	Established	Established	True	asc_ref299	
GABRA1	schizophrenia	2.93	Existing	Existing	Existing	True	asc_ref299	
GABRA1	type 2 diabetes	1.91	Hypothesized	Hypothesized	Hypothesized	False	asc_ref299	
GABRA4	Alzheimer's disease	1.82	Hypothesized	Hypothesized	Hypothesized	False	fig3_alzheimer	universe450
GABRA4	Autism Spectrum Disorder	3.05	Existing	Existing	Existing	True	asc_ref299	
GABRA4	bipolar disorder	2.93	Existing	Existing	Existing	True	asc_ref299	
GABRA4	congenital heart disease	1.06	Novel	Novel	Novel	False	fig3_chd	universe509
GABRA4	developmental disorder	3.55	Established	Established	Established	True	asc_ref299	
GABRA4	epilepsy	3.52	Established	Established	Established	True	asc_ref299	
GABRA4	schizophrenia	2.45	Hypothesized	Existing	Hypothesized	False	asc_ref299	
GABRA4	type 2 diabetes	2.71	Existing	Existing	Existing	True	asc_ref299	
GABRB3	Alzheimer's disease	2.18	Hypothesized	Hypothesized	Hypothesized	False	fig3_alzheimer	universe450
GABRB3	Autism Spectrum Disorder	3.0	Existing	Existing	Existing	True	asc_ref299	
GABRB3	bipolar disorder	2.84	Existing	Existing	Existing	True	asc_ref299	
GABRB3	congenital heart disease	1.2	Novel	Novel	Novel	False	fig3_chd	universe509
GABRB3	developmental disorder	3.94	Established	Established	Established	True	asc_ref299	
GABRB3	epilepsy	3.95	Established	Established	Established	True	asc_ref299	
GABRB3	schizophrenia	2.93	Existing	Existing	Existing	True	asc_ref299	
GABRB3	type 2 diabetes	1.5	Hypothesized	Novel	Hypothesized	False	asc_ref299	
GAL3ST2	Alzheimer's disease	2.69	Existing	Existing	Existing	True	fig3_alzheimer	universe450
GAL3ST2	Autism Spectrum Disorder	1.06	Novel	Novel	Novel	False	asd_extra101	random
GAL3ST2	bipolar disorder	1.09	Novel	Novel	Novel	False	fig3_four_phenos	
GAL3ST2	congenital heart disease	1.17	Novel	Novel	Novel	False	fig3_chd	universe509
GAL3ST2	developmental disorder	1.12	Novel	Novel	Novel	False	fig3_four_phenos	
GAL3ST2	epilepsy	1.1	Novel	Novel	Novel	False	fig3_four_phenos	
GAL3ST2	schizophrenia	1.1	Novel	Novel	Novel	False	scz_extra101	random
GAL3ST2	type 2 diabetes	1.1	Novel	Novel	Novel	False	fig3_four_phenos	
GANAB	Alzheimer's disease	1.81	Hypothesized	Hypothesized	Hypothesized	False	fig3_chd	pcgc_sig60
GANAB	Autism Spectrum Disorder	1.12	Novel	Novel	Novel	False	fig3_chd	pcgc_sig60
GANAB	bipolar disorder	1.05	Novel	Novel	Novel	False	fig3_chd	pcgc_sig60
GANAB	congenital heart disease	1.2	Novel	Novel	Novel	False	fig3_chd	pcgc_sig60
GANAB	developmental disorder	1.66	Hypothesized	Novel	Hypothesized	False	fig3_chd	pcgc_sig60
GANAB	epilepsy	1.05	Novel	Novel	Novel	False	fig3_chd	pcgc_sig60
GANAB	schizophrenia	2.09	Hypothesized	Hypothesized	Hypothesized	False	fig3_chd	pcgc_sig60
GANAB	type 2 diabetes	1.17	Novel	Novel	Novel	False	fig3_chd	pcgc_sig60
GATA4	Alzheimer's disease	2.06	Hypothesized	Hypothesized	Hypothesized	False	fig3_chd	pcgc_sig60
GATA4	Autism Spectrum Disorder	1.14	Novel	Novel	Novel	False	fig3_chd	pcgc_sig60
GATA4	bipolar disorder	2.58	Existing	Existing	Existing	True	fig3_chd	pcgc_sig60
GATA4	congenital heart disease	3.91	Established	Established	Established	True	fig3_chd	pcgc_sig60
GATA4	developmental disorder	3.48	Existing	Established	Existing	True	fig3_chd	pcgc_sig60
GATA4	epilepsy	1.39	Novel	Novel	Novel	False	fig3_chd	pcgc_sig60
GATA4	schizophrenia	2.17	Hypothesized	Hypothesized	Hypothesized	False	fig3_chd	pcgc_sig60
GATA4	type 2 diabetes	2.86	Existing	Existing	Existing	True	fig3_chd	pcgc_sig60
GATA6	Alzheimer's disease	1.91	Hypothesized	Hypothesized	Hypothesized	False	fig3_chd	pcgc_sig60
GATA6	Autism Spectrum Disorder	1.4	Novel	Novel	Novel	False	fig3_chd	pcgc_sig60
GATA6	bipolar disorder	1.06	Novel	Novel	Novel	False	fig3_chd	pcgc_sig60
GATA6	congenital heart disease	3.92	Established	Established	Established	True	fig3_chd	pcgc_sig60
GATA6	developmental disorder	3.65	Established	Established	Established	True	fig3_chd	pcgc_sig60
GATA6	epilepsy	1.35	Novel	Novel	Novel	False	fig3_chd	pcgc_sig60
GATA6	schizophrenia	1.09	Novel	Novel	Novel	False	fig3_chd	pcgc_sig60
GATA6	type 2 diabetes	2.99	Existing	Existing	Existing	True	fig3_chd	pcgc_sig60
GATAD2B	Alzheimer's disease	1.84	Hypothesized	Novel	Hypothesized	False	fig3_alzheimer	universe450
GATAD2B	Autism Spectrum Disorder	2.72	Existing	Existing	Existing	True	asc_ref299	
GATAD2B	bipolar disorder	1.4	Novel	Novel	Novel	False	asc_ref299	
GATAD2B	congenital heart disease	1.4	Novel	Novel	Novel	False	fig3_chd	universe509
GATAD2B	developmental disorder	3.97	Established	Established	Established	True	asc_ref299	
GATAD2B	epilepsy	3.17	Existing	Existing	Existing	True	asc_ref299	
GATAD2B	schizophrenia	1.53	Hypothesized	Novel	Hypothesized	False	asc_ref299	
GATAD2B	type 2 diabetes	1.06	Novel	Novel	Novel	False	asc_ref299	
GIGYF1	Alzheimer's disease	2.02	Hypothesized	Hypothesized	Hypothesized	False	fig3_alzheimer	universe450
GIGYF1	Autism Spectrum Disorder	3.45	Existing	Established	Existing	True	asc_ref299	
GIGYF1	bipolar disorder	1.44	Novel	Novel	Novel	False	asc_ref299	
GIGYF1	congenital heart disease	1.4	Novel	Novel	Novel	False	fig3_chd	universe509
GIGYF1	developmental disorder	3.32	Existing	Established	Existing	True	asc_ref299	
GIGYF1	epilepsy	1.91	Hypothesized	Hypothesized	Hypothesized	False	asc_ref299	
GIGYF1	schizophrenia	2.06	Hypothesized	Hypothesized	Hypothesized	False	asc_ref299	
GIGYF1	type 2 diabetes	3.57	Established	Established	Established	True	asc_ref299	
GNAI1	Alzheimer's disease	2.3	Hypothesized	Hypothesized	Hypothesized	False	fig3_alzheimer	universe450
GNAI1	Autism Spectrum Disorder	3.05	Existing	Existing	Existing	True	asc_ref299	
GNAI1	bipolar disorder	1.44	Novel	Novel	Novel	False	asc_ref299	
GNAI1	congenital heart disease	1.66	Hypothesized	Hypothesized	Hypothesized	False	fig3_chd	universe509
GNAI1	developmental disorder	3.91	Established	Established	Established	True	asc_ref299	
GNAI1	epilepsy	3.51	Established	Established	Established	True	asc_ref299	
GNAI1	schizophrenia	2.41	Hypothesized	Existing	Hypothesized	False	asc_ref299	
GNAI1	type 2 diabetes	1.81	Hypothesized	Hypothesized	Hypothesized	False	asc_ref299	
GNAO1	Alzheimer's disease	2.07	Hypothesized	Hypothesized	Hypothesized	False	fig3_alzheimer	universe450
GNAO1	Autism Spectrum Disorder	2.83	Existing	Existing	Existing	True	asc_ref299	
GNAO1	bipolar disorder	1.43	Novel	Novel	Novel	False	asc_ref299	
GNAO1	congenital heart disease	1.06	Novel	Novel	Novel	False	fig3_chd	universe509
GNAO1	developmental disorder	3.95	Established	Established	Established	True	asc_ref299	
GNAO1	epilepsy	3.95	Established	Established	Established	True	asc_ref299	
GNAO1	schizophrenia	2.22	Hypothesized	Hypothesized	Hypothesized	False	asc_ref299	
GNAO1	type 2 diabetes	1.91	Hypothesized	Hypothesized	Hypothesized	False	asc_ref299	
GNB1	Alzheimer's disease	1.19	Novel	Novel	Novel	False	fig3_alzheimer	universe450
GNB1	Autism Spectrum Disorder	2.67	Existing	Existing	Existing	True	asc_ref299	
GNB1	bipolar disorder	1.43	Novel	Novel	Novel	False	asc_ref299	
GNB1	congenital heart disease	1.56	Hypothesized	Novel	Hypothesized	False	fig3_chd	universe509
GNB1	developmental disorder	3.94	Established	Established	Established	True	asc_ref299	
GNB1	epilepsy	3.94	Established	Established	Established	True	asc_ref299	
GNB1	schizophrenia	1.54	Hypothesized	Novel	Hypothesized	False	asc_ref299	
GNB1	type 2 diabetes	2.52	Existing	Existing	Existing	True	asc_ref299	
GNRHR	Alzheimer's disease	2.08	Hypothesized	Hypothesized	Hypothesized	False	random50_ann2	random50_ann2
GNRHR	Autism Spectrum Disorder	1.06	Novel	Novel	Novel	False	random50_ann2	random50_ann2
GNRHR	bipolar disorder	1.06	Novel	Novel	Novel	False	random50_ann2	random50_ann2
GNRHR	congenital heart disease	1.14	Novel	Novel	Novel	False	fig3_chd	universe509
GNRHR	developmental disorder	3.75	Established	Established	Established	True	random50_ann2	random50_ann2
GNRHR	epilepsy	1.1	Novel	Novel	Novel	False	random50_ann2	random50_ann2
GNRHR	schizophrenia	1.06	Novel	Novel	Novel	False	random50_ann2	random50_ann2
GNRHR	type 2 diabetes	1.86	Hypothesized	Novel	Hypothesized	False	random50_ann2	random50_ann2
GOLGA6C	Alzheimer's disease	1.13	Novel	Novel	Novel	False	fig3_alzheimer	universe450
GOLGA6C	Autism Spectrum Disorder	1.13	Novel	Novel	Novel	False	asd_extra101	random
GOLGA6C	bipolar disorder	1.08	Novel	Novel	Novel	False	fig3_four_phenos	
GOLGA6C	congenital heart disease	1.09	Novel	Novel	Novel	False	fig3_chd	universe509
GOLGA6C	developmental disorder	1.15	Novel	Novel	Novel	False	fig3_four_phenos	
GOLGA6C	epilepsy	1.15	Novel	Novel	Novel	False	fig3_four_phenos	
GOLGA6C	schizophrenia	1.13	Novel	Novel	Novel	False	scz_extra101	random
GOLGA6C	type 2 diabetes	1.13	Novel	Novel	Novel	False	fig3_four_phenos	
GREM1	Alzheimer's disease	1.22	Novel	Novel	Novel	False	fig3_alzheimer	universe450
GREM1	Autism Spectrum Disorder	1.14	Novel	Novel	Novel	False	extra50_random	random50
GREM1	bipolar disorder	1.06	Novel	Novel	Novel	False	fig3_four_phenos	
GREM1	congenital heart disease	2.19	Hypothesized	Hypothesized	Hypothesized	False	fig3_chd	universe509
GREM1	developmental disorder	2.92	Existing	Existing	Existing	True	fig3_four_phenos	
GREM1	epilepsy	1.41	Novel	Novel	Novel	False	fig3_four_phenos	
GREM1	schizophrenia	2.04	Hypothesized	Hypothesized	Hypothesized	False	extra50_random	random50
GREM1	type 2 diabetes	2.34	Hypothesized	Hypothesized	Hypothesized	False	fig3_four_phenos	
GRHL3	Alzheimer's disease	1.06	Novel	Novel	Novel	False	fig3_alzheimer	universe450
GRHL3	Autism Spectrum Disorder	1.44	Novel	Novel	Novel	False	extra50_random	random50
GRHL3	bipolar disorder	1.43	Novel	Novel	Novel	False	fig3_four_phenos	
GRHL3	congenital heart disease	1.06	Novel	Novel	Novel	False	fig3_chd	universe509
GRHL3	developmental disorder	3.86	Established	Established	Established	True	fig3_four_phenos	
GRHL3	epilepsy	1.08	Novel	Novel	Novel	False	fig3_four_phenos	
GRHL3	schizophrenia	2.87	Existing	Existing	Existing	True	extra50_random	random50
GRHL3	type 2 diabetes	1.06	Novel	Novel	Novel	False	fig3_four_phenos	
GRIA2	Alzheimer's disease	2.21	Hypothesized	Hypothesized	Hypothesized	False	fig3_alzheimer	universe450
GRIA2	Autism Spectrum Disorder	3.55	Established	Established	Established	True	asc_ref299	
GRIA2	bipolar disorder	2.72	Existing	Existing	Existing	True	asc_ref299	
GRIA2	congenital heart disease	1.14	Novel	Novel	Novel	False	fig3_chd	universe509
GRIA2	developmental disorder	3.94	Established	Established	Established	True	asc_ref299	
GRIA2	epilepsy	3.91	Established	Established	Established	True	asc_ref299	
GRIA2	schizophrenia	2.9	Existing	Existing	Existing	True	asc_ref299	
GRIA2	type 2 diabetes	1.84	Hypothesized	Hypothesized	Hypothesized	False	asc_ref299	
GRIK3	Alzheimer's disease	1.98	Hypothesized	Hypothesized	Hypothesized	False	fig3_alzheimer	universe450
GRIK3	Autism Spectrum Disorder	2.75	Existing	Existing	Existing	True	asc_ref299	
GRIK3	bipolar disorder	2.57	Existing	Existing	Existing	True	asc_ref299	
GRIK3	congenital heart disease	1.06	Novel	Novel	Novel	False	fig3_chd	universe509
GRIK3	developmental disorder	2.74	Existing	Existing	Existing	True	asc_ref299	
GRIK3	epilepsy	2.11	Hypothesized	Hypothesized	Hypothesized	False	asc_ref299	
GRIK3	schizophrenia	3.02	Existing	Existing	Existing	True	asc_ref299	
GRIK3	type 2 diabetes	2.55	Existing	Existing	Existing	True	asc_ref299	
GRIN1	Alzheimer's disease	2.67	Existing	Existing	Existing	True	fig3_alzheimer	universe450
GRIN1	Autism Spectrum Disorder	3.03	Existing	Existing	Existing	True	asc_ref299	
GRIN1	bipolar disorder	2.9	Existing	Existing	Existing	True	asc_ref299	
GRIN1	congenital heart disease	1.06	Novel	Novel	Novel	False	fig3_chd	universe509
GRIN1	developmental disorder	3.95	Established	Established	Established	True	asc_ref299	
GRIN1	epilepsy	3.94	Established	Established	Established	True	asc_ref299	
GRIN1	schizophrenia	2.95	Existing	Existing	Existing	True	asc_ref299	
GRIN1	type 2 diabetes	2.45	Hypothesized	Existing	Hypothesized	False	asc_ref299	
GRIN2A	Alzheimer's disease	2.07	Hypothesized	Hypothesized	Hypothesized	False	fig3_alzheimer	universe450
GRIN2A	Autism Spectrum Disorder	3.1	Existing	Existing	Existing	True	asc_ref299	
GRIN2A	bipolar disorder	2.86	Existing	Existing	Existing	True	asc_ref299	
GRIN2A	congenital heart disease	1.21	Novel	Novel	Novel	False	fig3_chd	universe509
GRIN2A	developmental disorder	3.91	Established	Established	Established	True	asc_ref299	
GRIN2A	epilepsy	3.95	Established	Established	Established	True	asc_ref299	
GRIN2A	schizophrenia	3.68	Established	Established	Established	True	asc_ref299	
GRIN2A	type 2 diabetes	1.39	Novel	Novel	Novel	False	asc_ref299	
GRIN2B	Alzheimer's disease	2.91	Existing	Existing	Existing	True	fig3_alzheimer	universe450
GRIN2B	Autism Spectrum Disorder	3.8	Established	Established	Established	True	asc_ref299	
GRIN2B	bipolar disorder	2.93	Existing	Existing	Existing	True	asc_ref299	
GRIN2B	congenital heart disease	1.13	Novel	Novel	Novel	False	fig3_chd	universe509
GRIN2B	developmental disorder	3.94	Established	Established	Established	True	asc_ref299	
GRIN2B	epilepsy	3.92	Established	Established	Established	True	asc_ref299	
GRIN2B	schizophrenia	3.01	Existing	Existing	Existing	True	asc_ref299	
GRIN2B	type 2 diabetes	2.76	Existing	Existing	Existing	True	asc_ref299	
GRIN2C	Alzheimer's disease	2.84	Existing	Existing	Existing	True	fig3_alzheimer	gencc9_ad
GRIN2C	Autism Spectrum Disorder	2.18	Hypothesized	Hypothesized	Hypothesized	False	fig3_alzheimer	gencc9_ad
GRIN2C	bipolar disorder	2.4	Hypothesized	Existing	Hypothesized	False	fig3_alzheimer	gencc9_ad
GRIN2C	congenital heart disease	1.06	Novel	Novel	Novel	False	fig3_chd	universe509
GRIN2C	developmental disorder	2.16	Hypothesized	Hypothesized	Hypothesized	False	fig3_alzheimer	gencc9_ad
GRIN2C	epilepsy	2.13	Hypothesized	Hypothesized	Hypothesized	False	fig3_alzheimer	gencc9_ad
GRIN2C	schizophrenia	2.3	Hypothesized	Hypothesized	Hypothesized	False	fig3_alzheimer	gencc9_ad
GRIN2C	type 2 diabetes	1.07	Novel	Novel	Novel	False	fig3_alzheimer	gencc9_ad
GSE1	Alzheimer's disease	2.49	Hypothesized	Existing	Hypothesized	False	fig3_alzheimer	universe450
GSE1	Autism Spectrum Disorder	3.14	Existing	Existing	Existing	True	asc_ref299	
GSE1	bipolar disorder	1.43	Novel	Novel	Novel	False	asc_ref299	
GSE1	congenital heart disease	1.34	Novel	Novel	Novel	False	fig3_chd	universe509
GSE1	developmental disorder	3.1	Existing	Existing	Existing	True	asc_ref299	
GSE1	epilepsy	1.96	Hypothesized	Hypothesized	Hypothesized	False	asc_ref299	
GSE1	schizophrenia	1.73	Hypothesized	Novel	Hypothesized	False	asc_ref299	
GSE1	type 2 diabetes	1.12	Novel	Novel	Novel	False	asc_ref299	
GSK3B	Alzheimer's disease	2.97	Existing	Existing	Existing	True	fig3_alzheimer	universe450
GSK3B	Autism Spectrum Disorder	3.2	Existing	Existing	Existing	True	asc_ref299	
GSK3B	bipolar disorder	2.84	Existing	Existing	Existing	True	asc_ref299	
GSK3B	congenital heart disease	2.07	Hypothesized	Hypothesized	Hypothesized	False	fig3_chd	universe509
GSK3B	developmental disorder	3.21	Existing	Existing	Existing	True	asc_ref299	
GSK3B	epilepsy	2.75	Existing	Existing	Existing	True	asc_ref299	
GSK3B	schizophrenia	2.89	Existing	Existing	Existing	True	asc_ref299	
GSK3B	type 2 diabetes	2.35	Hypothesized	Hypothesized	Hypothesized	False	asc_ref299	
H1-4	Alzheimer's disease	1.24	Novel	Novel	Novel	False	fig3_alzheimer	universe450
H1-4	Autism Spectrum Disorder	3.35	Existing	Established	Existing	True	asc_ref299	
H1-4	bipolar disorder	1.47	Novel	Novel	Novel	False	asc_ref299	
H1-4	congenital heart disease	1.44	Novel	Novel	Novel	False	fig3_chd	universe509
H1-4	developmental disorder	3.94	Established	Established	Established	True	asc_ref299	
H1-4	epilepsy	2.41	Hypothesized	Existing	Hypothesized	False	asc_ref299	
H1-4	schizophrenia	2.63	Existing	Existing	Existing	True	asc_ref299	
H1-4	type 2 diabetes	2.4	Hypothesized	Existing	Hypothesized	False	asc_ref299	
H4C7	Alzheimer's disease	1.17	Novel	Novel	Novel	False	fig3_alzheimer	universe450
H4C7	Autism Spectrum Disorder	1.21	Novel	Novel	Novel	False	asd_extra101	random
H4C7	bipolar disorder	1.09	Novel	Novel	Novel	False	fig3_four_phenos	
H4C7	congenital heart disease	1.12	Novel	Novel	Novel	False	fig3_chd	universe509
H4C7	developmental disorder	1.57	Hypothesized	Novel	Hypothesized	False	fig3_four_phenos	
H4C7	epilepsy	1.29	Novel	Novel	Novel	False	fig3_four_phenos	
H4C7	schizophrenia	1.13	Novel	Novel	Novel	False	scz_extra101	random
H4C7	type 2 diabetes	1.09	Novel	Novel	Novel	False	fig3_four_phenos	
HACD3	Alzheimer's disease	1.1	Novel	Novel	Novel	False	fig3_alzheimer	universe450
HACD3	Autism Spectrum Disorder	1.06	Novel	Novel	Novel	False	asd_extra101	random
HACD3	bipolar disorder	1.12	Novel	Novel	Novel	False	fig3_four_phenos	
HACD3	congenital heart disease	1.61	Hypothesized	Hypothesized	Hypothesized	False	fig3_chd	universe509
HACD3	developmental disorder	1.22	Novel	Novel	Novel	False	fig3_four_phenos	
HACD3	epilepsy	1.06	Novel	Novel	Novel	False	fig3_four_phenos	
HACD3	schizophrenia	1.12	Novel	Novel	Novel	False	scz_extra101	random
HACD3	type 2 diabetes	2.23	Hypothesized	Hypothesized	Hypothesized	False	fig3_four_phenos	
HAPLN1	Alzheimer's disease	2.05	Hypothesized	Hypothesized	Hypothesized	False	random50_ann2	random50_ann2
HAPLN1	Autism Spectrum Disorder	1.93	Hypothesized	Hypothesized	Hypothesized	False	random50_ann2	random50_ann2
HAPLN1	bipolar disorder	1.66	Hypothesized	Hypothesized	Hypothesized	False	random50_ann2	random50_ann2
HAPLN1	congenital heart disease	2.85	Existing	Existing	Existing	True	fig3_chd	universe509
HAPLN1	developmental disorder	2.88	Existing	Existing	Existing	True	random50_ann2	random50_ann2
HAPLN1	epilepsy	2.03	Hypothesized	Hypothesized	Hypothesized	False	random50_ann2	random50_ann2
HAPLN1	schizophrenia	2.08	Hypothesized	Hypothesized	Hypothesized	False	random50_ann2	random50_ann2
HAPLN1	type 2 diabetes	1.25	Novel	Novel	Novel	False	random50_ann2	random50_ann2
HARS2	Alzheimer's disease	1.17	Novel	Novel	Novel	False	fig3_alzheimer	universe450
HARS2	Autism Spectrum Disorder	1.43	Novel	Novel	Novel	False	extra50_random	random50
HARS2	bipolar disorder	1.17	Novel	Novel	Novel	False	fig3_four_phenos	
HARS2	congenital heart disease	1.14	Novel	Novel	Novel	False	fig3_chd	universe509
HARS2	developmental disorder	3.46	Existing	Established	Existing	True	fig3_four_phenos	
HARS2	epilepsy	1.72	Hypothesized	Novel	Hypothesized	False	fig3_four_phenos	
HARS2	schizophrenia	1.14	Novel	Novel	Novel	False	extra50_random	random50
HARS2	type 2 diabetes	1.17	Novel	Novel	Novel	False	fig3_four_phenos	
HAUS1	Alzheimer's disease	1.05	Novel	Novel	Novel	False	fig3_alzheimer	universe450
HAUS1	Autism Spectrum Disorder	1.1	Novel	Novel	Novel	False	asd_extra101	random
HAUS1	bipolar disorder	1.06	Novel	Novel	Novel	False	fig3_four_phenos	
HAUS1	congenital heart disease	1.09	Novel	Novel	Novel	False	fig3_chd	universe509
HAUS1	developmental disorder	1.44	Novel	Novel	Novel	False	fig3_four_phenos	
HAUS1	epilepsy	1.11	Novel	Novel	Novel	False	fig3_four_phenos	
HAUS1	schizophrenia	1.08	Novel	Novel	Novel	False	scz_extra101	random
HAUS1	type 2 diabetes	1.04	Novel	Novel	Novel	False	fig3_four_phenos	
HCN4	Alzheimer's disease	1.19	Novel	Novel	Novel	False	fig3_alzheimer	universe450
HCN4	Autism Spectrum Disorder	1.59	Hypothesized	Hypothesized	Hypothesized	False	asc_ref299	
HCN4	bipolar disorder	2.54	Existing	Existing	Existing	True	asc_ref299	
HCN4	congenital heart disease	3.0	Existing	Existing	Existing	True	fig3_chd	universe509
HCN4	developmental disorder	2.42	Hypothesized	Existing	Hypothesized	False	asc_ref299	
HCN4	epilepsy	3.17	Existing	Existing	Existing	True	asc_ref299	
HCN4	schizophrenia	2.64	Existing	Existing	Existing	True	asc_ref299	
HCN4	type 2 diabetes	1.97	Hypothesized	Hypothesized	Hypothesized	False	asc_ref299	
HDAC7	Alzheimer's disease	2.16	Hypothesized	Hypothesized	Hypothesized	False	fig3_chd	pcgc_sig60
HDAC7	Autism Spectrum Disorder	1.43	Novel	Novel	Novel	False	fig3_chd	pcgc_sig60
HDAC7	bipolar disorder	1.27	Novel	Novel	Novel	False	fig3_chd	pcgc_sig60
HDAC7	congenital heart disease	1.87	Hypothesized	Hypothesized	Hypothesized	False	fig3_chd	pcgc_sig60
HDAC7	developmental disorder	1.94	Hypothesized	Hypothesized	Hypothesized	False	fig3_chd	pcgc_sig60
HDAC7	epilepsy	1.88	Hypothesized	Hypothesized	Hypothesized	False	fig3_chd	pcgc_sig60
HDAC7	schizophrenia	1.52	Hypothesized	Novel	Hypothesized	False	fig3_chd	pcgc_sig60
HDAC7	type 2 diabetes	2.32	Hypothesized	Hypothesized	Hypothesized	False	fig3_chd	pcgc_sig60
HDAC9	Alzheimer's disease	2.41	Hypothesized	Hypothesized	Hypothesized	False	fig3_alzheimer	universe450
HDAC9	Autism Spectrum Disorder	2.77	Existing	Existing	Existing	True	asc_ref299	
HDAC9	bipolar disorder	1.78	Hypothesized	Hypothesized	Hypothesized	False	asc_ref299	
HDAC9	congenital heart disease	1.94	Hypothesized	Hypothesized	Hypothesized	False	fig3_chd	universe509
HDAC9	developmental disorder	2.71	Existing	Existing	Existing	True	asc_ref299	
HDAC9	epilepsy	2.05	Hypothesized	Hypothesized	Hypothesized	False	asc_ref299	
HDAC9	schizophrenia	2.84	Existing	Existing	Existing	True	asc_ref299	
HDAC9	type 2 diabetes	2.53	Existing	Existing	Existing	True	asc_ref299	
HEPN1	Alzheimer's disease	1.02	Novel	Novel	Novel	False	fig3_alzheimer	universe450
HEPN1	Autism Spectrum Disorder	1.02	Novel	Novel	Novel	False	asd_extra101	random
HEPN1	bipolar disorder	1.01	Novel	Novel	Novel	False	fig3_four_phenos	
HEPN1	congenital heart disease	1.02	Novel	Novel	Novel	False	fig3_chd	universe509
HEPN1	developmental disorder	1.04	Novel	Novel	Novel	False	fig3_four_phenos	
HEPN1	epilepsy	1.02	Novel	Novel	Novel	False	fig3_four_phenos	
HEPN1	schizophrenia	1.02	Novel	Novel	Novel	False	scz_extra101	random
HEPN1	type 2 diabetes	1.05	Novel	Novel	Novel	False	fig3_four_phenos	
HERC1	Alzheimer's disease	1.49	Novel	Novel	Novel	False	fig3_alzheimer	universe450
HERC1	Autism Spectrum Disorder	2.84	Existing	Existing	Existing	True	asc_ref299	
HERC1	bipolar disorder	1.92	Hypothesized	Hypothesized	Hypothesized	False	asc_ref299	
HERC1	congenital heart disease	1.51	Hypothesized	Novel	Hypothesized	False	fig3_chd	universe509
HERC1	developmental disorder	3.93	Established	Established	Established	True	asc_ref299	
HERC1	epilepsy	3.61	Established	Established	Established	True	asc_ref299	
HERC1	schizophrenia	2.95	Existing	Existing	Existing	True	asc_ref299	
HERC1	type 2 diabetes	1.59	Hypothesized	Novel	Hypothesized	False	asc_ref299	
HIVEP2	Alzheimer's disease	1.24	Novel	Novel	Novel	False	fig3_alzheimer	universe450
HIVEP2	Autism Spectrum Disorder	2.78	Existing	Existing	Existing	True	asc_ref299	
HIVEP2	bipolar disorder	2.0	Hypothesized	Hypothesized	Hypothesized	False	asc_ref299	
HIVEP2	congenital heart disease	1.43	Novel	Novel	Novel	False	fig3_chd	universe509
HIVEP2	developmental disorder	3.95	Established	Established	Established	True	asc_ref299	
HIVEP2	epilepsy	2.97	Existing	Existing	Existing	True	asc_ref299	
HIVEP2	schizophrenia	2.29	Hypothesized	Hypothesized	Hypothesized	False	asc_ref299	
HIVEP2	type 2 diabetes	1.38	Novel	Novel	Novel	False	asc_ref299	
HLA-DRA	Alzheimer's disease	2.86	Existing	Existing	Existing	True	random50_ann2	random50_ann2
HLA-DRA	Autism Spectrum Disorder	2.85	Existing	Existing	Existing	True	random50_ann2	random50_ann2
HLA-DRA	bipolar disorder	2.6	Existing	Existing	Existing	True	random50_ann2	random50_ann2
HLA-DRA	congenital heart disease	1.06	Novel	Novel	Novel	False	fig3_chd	universe509
HLA-DRA	developmental disorder	1.27	Novel	Novel	Novel	False	random50_ann2	random50_ann2
HLA-DRA	epilepsy	1.36	Novel	Novel	Novel	False	random50_ann2	random50_ann2
HLA-DRA	schizophrenia	2.69	Existing	Existing	Existing	True	random50_ann2	random50_ann2
HLA-DRA	type 2 diabetes	2.74	Existing	Existing	Existing	True	random50_ann2	random50_ann2
HNRNPD	Alzheimer's disease	2.04	Hypothesized	Hypothesized	Hypothesized	False	fig3_alzheimer	universe450
HNRNPD	Autism Spectrum Disorder	2.07	Hypothesized	Hypothesized	Hypothesized	False	asc_ref299	
HNRNPD	bipolar disorder	1.36	Novel	Novel	Novel	False	asc_ref299	
HNRNPD	congenital heart disease	1.43	Novel	Novel	Novel	False	fig3_chd	universe509
HNRNPD	developmental disorder	2.55	Existing	Existing	Existing	True	asc_ref299	
HNRNPD	epilepsy	2.35	Hypothesized	Existing	Hypothesized	False	asc_ref299	
HNRNPD	schizophrenia	1.81	Hypothesized	Hypothesized	Hypothesized	False	asc_ref299	
HNRNPD	type 2 diabetes	2.05	Hypothesized	Hypothesized	Hypothesized	False	asc_ref299	
HNRNPU	Alzheimer's disease	2.11	Hypothesized	Hypothesized	Hypothesized	False	fig3_alzheimer	universe450
HNRNPU	Autism Spectrum Disorder	3.32	Existing	Established	Existing	True	asc_ref299	
HNRNPU	bipolar disorder	1.26	Novel	Novel	Novel	False	asc_ref299	
HNRNPU	congenital heart disease	3.32	Existing	Established	Existing	True	fig3_chd	universe509
HNRNPU	developmental disorder	3.97	Established	Established	Established	True	asc_ref299	
HNRNPU	epilepsy	3.95	Established	Established	Established	True	asc_ref299	
HNRNPU	schizophrenia	1.49	Novel	Novel	Novel	False	asc_ref299	
HNRNPU	type 2 diabetes	1.06	Novel	Novel	Novel	False	asc_ref299	
HSF2	Alzheimer's disease	1.95	Hypothesized	Hypothesized	Hypothesized	False	fig3_alzheimer	universe450
HSF2	Autism Spectrum Disorder	2.22	Hypothesized	Hypothesized	Hypothesized	False	asc_ref299	
HSF2	bipolar disorder	1.37	Novel	Novel	Novel	False	asc_ref299	
HSF2	congenital heart disease	1.34	Novel	Novel	Novel	False	fig3_chd	universe509
HSF2	developmental disorder	2.6	Existing	Existing	Existing	True	asc_ref299	
HSF2	epilepsy	2.56	Existing	Existing	Existing	True	asc_ref299	
HSF2	schizophrenia	1.91	Hypothesized	Hypothesized	Hypothesized	False	asc_ref299	
HSF2	type 2 diabetes	1.11	Novel	Novel	Novel	False	asc_ref299	
ICAM5	Alzheimer's disease	2.07	Hypothesized	Hypothesized	Hypothesized	False	fig3_alzheimer	universe450
ICAM5	Autism Spectrum Disorder	2.07	Hypothesized	Hypothesized	Hypothesized	False	asd_extra101	random
ICAM5	bipolar disorder	1.7	Hypothesized	Hypothesized	Hypothesized	False	fig3_four_phenos	
ICAM5	congenital heart disease	1.6	Hypothesized	Novel	Hypothesized	False	fig3_chd	universe509
ICAM5	developmental disorder	2.26	Hypothesized	Hypothesized	Hypothesized	False	fig3_four_phenos	
ICAM5	epilepsy	2.09	Hypothesized	Hypothesized	Hypothesized	False	fig3_four_phenos	
ICAM5	schizophrenia	1.94	Hypothesized	Hypothesized	Hypothesized	False	scz_extra101	random
ICAM5	type 2 diabetes	1.67	Hypothesized	Hypothesized	Hypothesized	False	fig3_four_phenos	
IFT20	Alzheimer's disease	1.08	Novel	Novel	Novel	False	fig3_alzheimer	universe450
IFT20	Autism Spectrum Disorder	1.35	Novel	Novel	Novel	False	asd_extra101	random
IFT20	bipolar disorder	1.09	Novel	Novel	Novel	False	fig3_four_phenos	
IFT20	congenital heart disease	1.71	Hypothesized	Hypothesized	Hypothesized	False	fig3_chd	universe509
IFT20	developmental disorder	2.04	Hypothesized	Hypothesized	Hypothesized	False	fig3_four_phenos	
IFT20	epilepsy	1.27	Novel	Novel	Novel	False	fig3_four_phenos	
IFT20	schizophrenia	1.09	Novel	Novel	Novel	False	scz_extra101	random
IFT20	type 2 diabetes	1.19	Novel	Novel	Novel	False	fig3_four_phenos	
IKBKB	Alzheimer's disease	2.02	Hypothesized	Hypothesized	Hypothesized	False	fig3_alzheimer	universe450
IKBKB	Autism Spectrum Disorder	1.51	Hypothesized	Novel	Hypothesized	False	random50_ann	random50_ann
IKBKB	bipolar disorder	1.89	Hypothesized	Novel	Hypothesized	False	random50_ann	random50_ann
IKBKB	congenital heart disease	1.14	Novel	Novel	Novel	False	fig3_chd	universe509
IKBKB	developmental disorder	2.56	Existing	Existing	Existing	True	random50_ann	random50_ann
IKBKB	epilepsy	1.9	Hypothesized	Hypothesized	Hypothesized	False	random50_ann	random50_ann
IKBKB	schizophrenia	1.82	Hypothesized	Hypothesized	Hypothesized	False	random50_ann	random50_ann
IKBKB	type 2 diabetes	2.51	Existing	Existing	Existing	True	random50_ann	random50_ann
INTS6	Alzheimer's disease	1.27	Novel	Novel	Novel	False	fig3_alzheimer	universe450
INTS6	Autism Spectrum Disorder	3.05	Existing	Existing	Existing	True	asc_ref299	
INTS6	bipolar disorder	1.43	Novel	Novel	Novel	False	asc_ref299	
INTS6	congenital heart disease	2.06	Hypothesized	Hypothesized	Hypothesized	False	fig3_chd	universe509
INTS6	developmental disorder	3.15	Existing	Existing	Existing	True	asc_ref299	
INTS6	epilepsy	2.26	Hypothesized	Hypothesized	Hypothesized	False	asc_ref299	
INTS6	schizophrenia	2.3	Hypothesized	Existing	Hypothesized	False	asc_ref299	
INTS6	type 2 diabetes	1.88	Hypothesized	Hypothesized	Hypothesized	False	asc_ref299	
IQSEC1	Alzheimer's disease	2.56	Existing	Existing	Existing	True	fig3_alzheimer	universe450
IQSEC1	Autism Spectrum Disorder	2.47	Hypothesized	Hypothesized	Hypothesized	False	asc_ref299	
IQSEC1	bipolar disorder	1.83	Hypothesized	Hypothesized	Hypothesized	False	asc_ref299	
IQSEC1	congenital heart disease	1.24	Novel	Novel	Novel	False	fig3_chd	universe509
IQSEC1	developmental disorder	3.74	Established	Established	Established	True	asc_ref299	
IQSEC1	epilepsy	2.56	Existing	Existing	Existing	True	asc_ref299	
IQSEC1	schizophrenia	1.82	Hypothesized	Hypothesized	Hypothesized	False	asc_ref299	
IQSEC1	type 2 diabetes	2.08	Hypothesized	Existing	Hypothesized	False	asc_ref299	
IQSEC2	Alzheimer's disease	1.11	Novel	Novel	Novel	False	fig3_alzheimer	universe450
IQSEC2	Autism Spectrum Disorder	3.66	Established	Established	Established	True	asc_ref299	
IQSEC2	bipolar disorder	1.36	Novel	Novel	Novel	False	asc_ref299	
IQSEC2	congenital heart disease	1.05	Novel	Novel	Novel	False	fig3_chd	universe509
IQSEC2	developmental disorder	3.95	Established	Established	Established	True	asc_ref299	
IQSEC2	epilepsy	3.94	Established	Established	Established	True	asc_ref299	
IQSEC2	schizophrenia	2.6	Existing	Existing	Existing	True	asc_ref299	
IQSEC2	type 2 diabetes	1.05	Novel	Novel	Novel	False	asc_ref299	
IRF2BPL	Alzheimer's disease	1.33	Novel	Novel	Novel	False	fig3_alzheimer	universe450
IRF2BPL	Autism Spectrum Disorder	2.61	Existing	Existing	Existing	True	asc_ref299	
IRF2BPL	bipolar disorder	1.67	Hypothesized	Novel	Hypothesized	False	asc_ref299	
IRF2BPL	congenital heart disease	1.14	Novel	Novel	Novel	False	fig3_chd	universe509
IRF2BPL	developmental disorder	3.95	Established	Established	Established	True	asc_ref299	
IRF2BPL	epilepsy	3.94	Established	Established	Established	True	asc_ref299	
IRF2BPL	schizophrenia	1.69	Hypothesized	Novel	Hypothesized	False	asc_ref299	
IRF2BPL	type 2 diabetes	1.06	Novel	Novel	Novel	False	asc_ref299	
ITSN1	Alzheimer's disease	2.3	Hypothesized	Hypothesized	Hypothesized	False	fig3_alzheimer	universe450
ITSN1	Autism Spectrum Disorder	3.71	Established	Established	Established	True	asc_ref299	
ITSN1	bipolar disorder	1.69	Hypothesized	Hypothesized	Hypothesized	False	asc_ref299	
ITSN1	congenital heart disease	1.29	Novel	Novel	Novel	False	fig3_chd	universe509
ITSN1	developmental disorder	3.72	Established	Established	Established	True	asc_ref299	
ITSN1	epilepsy	2.96	Existing	Existing	Existing	True	asc_ref299	
ITSN1	schizophrenia	2.59	Existing	Existing	Existing	True	asc_ref299	
ITSN1	type 2 diabetes	1.17	Novel	Novel	Novel	False	asc_ref299	
ITSN2	Alzheimer's disease	2.02	Hypothesized	Hypothesized	Hypothesized	False	fig3_chd	pcgc_sig60
ITSN2	Autism Spectrum Disorder	2.07	Hypothesized	Hypothesized	Hypothesized	False	fig3_chd	pcgc_sig60
ITSN2	bipolar disorder	1.61	Hypothesized	Hypothesized	Hypothesized	False	fig3_chd	pcgc_sig60
ITSN2	congenital heart disease	1.39	Novel	Novel	Novel	False	fig3_chd	pcgc_sig60
ITSN2	developmental disorder	2.04	Hypothesized	Hypothesized	Hypothesized	False	fig3_chd	pcgc_sig60
ITSN2	epilepsy	1.51	Hypothesized	Novel	Hypothesized	False	fig3_chd	pcgc_sig60
ITSN2	schizophrenia	1.89	Hypothesized	Hypothesized	Hypothesized	False	fig3_chd	pcgc_sig60
ITSN2	type 2 diabetes	1.17	Novel	Novel	Novel	False	fig3_chd	pcgc_sig60
JAG1	Alzheimer's disease	2.09	Hypothesized	Hypothesized	Hypothesized	False	fig3_chd	pcgc_sig60
JAG1	Autism Spectrum Disorder	1.57	Hypothesized	Novel	Hypothesized	False	fig3_chd	pcgc_sig60
JAG1	bipolar disorder	1.14	Novel	Novel	Novel	False	fig3_chd	pcgc_sig60
JAG1	congenital heart disease	3.89	Established	Established	Established	True	fig3_chd	pcgc_sig60
JAG1	developmental disorder	3.9	Established	Established	Established	True	fig3_chd	pcgc_sig60
JAG1	epilepsy	2.08	Hypothesized	Existing	Hypothesized	False	fig3_chd	pcgc_sig60
JAG1	schizophrenia	2.19	Hypothesized	Hypothesized	Hypothesized	False	fig3_chd	pcgc_sig60
JAG1	type 2 diabetes	2.78	Existing	Existing	Existing	True	fig3_chd	pcgc_sig60
JARID2	Alzheimer's disease	2.78	Existing	Existing	Existing	True	fig3_alzheimer	universe450
JARID2	Autism Spectrum Disorder	3.44	Existing	Established	Existing	True	asc_ref299	
JARID2	bipolar disorder	1.64	Hypothesized	Novel	Hypothesized	False	asc_ref299	
JARID2	congenital heart disease	2.89	Existing	Existing	Existing	True	fig3_chd	universe509
JARID2	developmental disorder	3.92	Established	Established	Established	True	asc_ref299	
JARID2	epilepsy	2.27	Hypothesized	Existing	Hypothesized	False	asc_ref299	
JARID2	schizophrenia	2.72	Existing	Existing	Existing	True	asc_ref299	
JARID2	type 2 diabetes	1.98	Hypothesized	Hypothesized	Hypothesized	False	asc_ref299	
KANSL1	Alzheimer's disease	2.88	Existing	Existing	Existing	True	fig3_alzheimer	universe450
KANSL1	Autism Spectrum Disorder	3.05	Existing	Existing	Existing	True	asc_ref299	
KANSL1	bipolar disorder	1.28	Novel	Novel	Novel	False	asc_ref299	
KANSL1	congenital heart disease	3.17	Existing	Existing	Existing	True	fig3_chd	universe509
KANSL1	developmental disorder	3.94	Established	Established	Established	True	asc_ref299	
KANSL1	epilepsy	3.68	Established	Established	Established	True	asc_ref299	
KANSL1	schizophrenia	2.51	Existing	Existing	Existing	True	asc_ref299	
KANSL1	type 2 diabetes	1.31	Novel	Novel	Novel	False	asc_ref299	
KBTBD6	Alzheimer's disease	1.09	Novel	Novel	Novel	False	fig3_alzheimer	universe450
KBTBD6	Autism Spectrum Disorder	1.12	Novel	Novel	Novel	False	asc_ref299	
KBTBD6	bipolar disorder	1.05	Novel	Novel	Novel	False	asc_ref299	
KBTBD6	congenital heart disease	1.19	Novel	Novel	Novel	False	fig3_chd	universe509
KBTBD6	developmental disorder	1.26	Novel	Novel	Novel	False	asc_ref299	
KBTBD6	epilepsy	1.14	Novel	Novel	Novel	False	asc_ref299	
KBTBD6	schizophrenia	1.06	Novel	Novel	Novel	False	asc_ref299	
KBTBD6	type 2 diabetes	1.06	Novel	Novel	Novel	False	asc_ref299	
KCNA2	Alzheimer's disease	1.96	Hypothesized	Hypothesized	Hypothesized	False	fig3_alzheimer	universe450
KCNA2	Autism Spectrum Disorder	2.57	Existing	Existing	Existing	True	asc_ref299	
KCNA2	bipolar disorder	1.43	Novel	Novel	Novel	False	asc_ref299	
KCNA2	congenital heart disease	2.35	Hypothesized	Existing	Hypothesized	False	fig3_chd	universe509
KCNA2	developmental disorder	3.97	Established	Established	Established	True	asc_ref299	
KCNA2	epilepsy	3.97	Established	Established	Established	True	asc_ref299	
KCNA2	schizophrenia	2.01	Hypothesized	Hypothesized	Hypothesized	False	asc_ref299	
KCNA2	type 2 diabetes	2.28	Hypothesized	Hypothesized	Hypothesized	False	asc_ref299	
KCNB1	Alzheimer's disease	1.81	Hypothesized	Hypothesized	Hypothesized	False	fig3_alzheimer	universe450
KCNB1	Autism Spectrum Disorder	3.37	Existing	Established	Existing	True	asc_ref299	
KCNB1	bipolar disorder	2.71	Existing	Existing	Existing	True	asc_ref299	
KCNB1	congenital heart disease	2.0	Hypothesized	Novel	Hypothesized	False	fig3_chd	universe509
KCNB1	developmental disorder	3.97	Established	Established	Established	True	asc_ref299	
KCNB1	epilepsy	3.97	Established	Established	Established	True	asc_ref299	
KCNB1	schizophrenia	2.83	Existing	Existing	Existing	True	asc_ref299	
KCNB1	type 2 diabetes	2.78	Existing	Existing	Existing	True	asc_ref299	
KCND3	Alzheimer's disease	1.26	Novel	Novel	Novel	False	fig3_alzheimer	universe450
KCND3	Autism Spectrum Disorder	2.61	Existing	Existing	Existing	True	asc_ref299	
KCND3	bipolar disorder	1.73	Hypothesized	Hypothesized	Hypothesized	False	asc_ref299	
KCND3	congenital heart disease	2.13	Hypothesized	Novel	Hypothesized	False	fig3_chd	universe509
KCND3	developmental disorder	3.68	Established	Established	Established	True	asc_ref299	
KCND3	epilepsy	3.56	Established	Established	Established	True	asc_ref299	
KCND3	schizophrenia	2.68	Existing	Existing	Existing	True	asc_ref299	
KCND3	type 2 diabetes	1.95	Hypothesized	Hypothesized	Hypothesized	False	asc_ref299	
KCNK4	Alzheimer's disease	1.32	Novel	Novel	Novel	False	fig3_alzheimer	universe450
KCNK4	Autism Spectrum Disorder	2.4	Hypothesized	Existing	Hypothesized	False	random50_ann	random50_ann
KCNK4	bipolar disorder	2.73	Existing	Existing	Existing	True	random50_ann	random50_ann
KCNK4	congenital heart disease	1.5	Hypothesized	Novel	Hypothesized	False	fig3_chd	universe509
KCNK4	developmental disorder	3.92	Established	Established	Established	True	random50_ann	random50_ann
KCNK4	epilepsy	3.83	Established	Established	Established	True	random50_ann	random50_ann
KCNK4	schizophrenia	1.83	Hypothesized	Hypothesized	Hypothesized	False	random50_ann	random50_ann
KCNK4	type 2 diabetes	1.23	Novel	Novel	Novel	False	random50_ann	random50_ann
KCNMA1	Alzheimer's disease	2.81	Existing	Existing	Existing	True	fig3_alzheimer	universe450
KCNMA1	Autism Spectrum Disorder	3.06	Existing	Existing	Existing	True	asc_ref299	
KCNMA1	bipolar disorder	1.39	Novel	Novel	Novel	False	asc_ref299	
KCNMA1	congenital heart disease	1.64	Hypothesized	Novel	Hypothesized	False	fig3_chd	universe509
KCNMA1	developmental disorder	3.89	Established	Established	Established	True	asc_ref299	
KCNMA1	epilepsy	3.92	Established	Established	Established	True	asc_ref299	
KCNMA1	schizophrenia	2.13	Hypothesized	Hypothesized	Hypothesized	False	asc_ref299	
KCNMA1	type 2 diabetes	2.23	Hypothesized	Hypothesized	Hypothesized	False	asc_ref299	
KCNN3	Alzheimer's disease	1.95	Hypothesized	Hypothesized	Hypothesized	False	fig3_alzheimer	universe450
KCNN3	Autism Spectrum Disorder	2.57	Existing	Existing	Existing	True	asc_ref299	
KCNN3	bipolar disorder	2.15	Hypothesized	Hypothesized	Hypothesized	False	asc_ref299	
KCNN3	congenital heart disease	1.84	Hypothesized	Novel	Hypothesized	False	fig3_chd	universe509
KCNN3	developmental disorder	3.81	Established	Established	Established	True	asc_ref299	
KCNN3	epilepsy	2.63	Existing	Existing	Existing	True	asc_ref299	
KCNN3	schizophrenia	2.71	Existing	Existing	Existing	True	asc_ref299	
KCNN3	type 2 diabetes	1.95	Hypothesized	Hypothesized	Hypothesized	False	asc_ref299	
KCNQ2	Alzheimer's disease	2.05	Hypothesized	Hypothesized	Hypothesized	False	fig3_alzheimer	universe450
KCNQ2	Autism Spectrum Disorder	3.35	Existing	Established	Existing	True	asc_ref299	
KCNQ2	bipolar disorder	2.84	Existing	Existing	Existing	True	asc_ref299	
KCNQ2	congenital heart disease	1.25	Novel	Novel	Novel	False	fig3_chd	universe509
KCNQ2	developmental disorder	3.91	Established	Established	Established	True	asc_ref299	
KCNQ2	epilepsy	3.97	Established	Established	Established	True	asc_ref299	
KCNQ2	schizophrenia	2.07	Hypothesized	Hypothesized	Hypothesized	False	asc_ref299	
KCNQ2	type 2 diabetes	2.62	Existing	Existing	Existing	True	asc_ref299	
KCNQ3	Alzheimer's disease	2.49	Hypothesized	Existing	Hypothesized	False	fig3_alzheimer	universe450
KCNQ3	Autism Spectrum Disorder	3.65	Established	Established	Established	True	asc_ref299	
KCNQ3	bipolar disorder	2.44	Hypothesized	Existing	Hypothesized	False	asc_ref299	
KCNQ3	congenital heart disease	1.52	Hypothesized	Novel	Hypothesized	False	fig3_chd	universe509
KCNQ3	developmental disorder	3.91	Established	Established	Established	True	asc_ref299	
KCNQ3	epilepsy	3.92	Established	Established	Established	True	asc_ref299	
KCNQ3	schizophrenia	2.07	Hypothesized	Hypothesized	Hypothesized	False	asc_ref299	
KCNQ3	type 2 diabetes	1.09	Novel	Novel	Novel	False	asc_ref299	
KDM5B	Alzheimer's disease	1.45	Novel	Novel	Novel	False	fig3_alzheimer	universe450
KDM5B	Autism Spectrum Disorder	3.37	Existing	Established	Existing	True	asc_ref299	
KDM5B	bipolar disorder	1.85	Hypothesized	Hypothesized	Hypothesized	False	asc_ref299	
KDM5B	congenital heart disease	2.83	Existing	Existing	Existing	True	fig3_chd	universe509
KDM5B	developmental disorder	3.89	Established	Established	Established	True	asc_ref299	
KDM5B	epilepsy	2.23	Hypothesized	Hypothesized	Hypothesized	False	asc_ref299	
KDM5B	schizophrenia	2.09	Hypothesized	Hypothesized	Hypothesized	False	asc_ref299	
KDM5B	type 2 diabetes	1.43	Novel	Novel	Novel	False	asc_ref299	
KDM6B	Alzheimer's disease	2.03	Hypothesized	Hypothesized	Hypothesized	False	fig3_alzheimer	universe450
KDM6B	Autism Spectrum Disorder	3.45	Existing	Established	Existing	True	asc_ref299	
KDM6B	bipolar disorder	2.08	Hypothesized	Existing	Hypothesized	False	asc_ref299	
KDM6B	congenital heart disease	1.97	Hypothesized	Hypothesized	Hypothesized	False	fig3_chd	universe509
KDM6B	developmental disorder	3.92	Established	Established	Established	True	asc_ref299	
KDM6B	epilepsy	2.88	Existing	Existing	Existing	True	asc_ref299	
KDM6B	schizophrenia	2.63	Existing	Existing	Existing	True	asc_ref299	
KDM6B	type 2 diabetes	2.08	Hypothesized	Hypothesized	Hypothesized	False	asc_ref299	
KDR	Alzheimer's disease	2.31	Hypothesized	Hypothesized	Hypothesized	False	fig3_chd	pcgc_sig60
KDR	Autism Spectrum Disorder	2.08	Hypothesized	Hypothesized	Hypothesized	False	fig3_chd	pcgc_sig60
KDR	bipolar disorder	1.35	Novel	Novel	Novel	False	fig3_chd	pcgc_sig60
KDR	congenital heart disease	3.3	Existing	Established	Existing	True	fig3_chd	pcgc_sig60
KDR	developmental disorder	2.31	Hypothesized	Hypothesized	Hypothesized	False	fig3_chd	pcgc_sig60
KDR	epilepsy	2.06	Hypothesized	Hypothesized	Hypothesized	False	fig3_chd	pcgc_sig60
KDR	schizophrenia	2.8	Existing	Existing	Existing	True	fig3_chd	pcgc_sig60
KDR	type 2 diabetes	2.55	Existing	Existing	Existing	True	fig3_chd	pcgc_sig60
KHDC3L	Alzheimer's disease	1.05	Novel	Novel	Novel	False	random50_ann2	random50_ann2
KHDC3L	Autism Spectrum Disorder	1.52	Hypothesized	Novel	Hypothesized	False	random50_ann2	random50_ann2
KHDC3L	bipolar disorder	1.04	Novel	Novel	Novel	False	random50_ann2	random50_ann2
KHDC3L	congenital heart disease	2.46	Hypothesized	Existing	Hypothesized	False	fig3_chd	universe509
KHDC3L	developmental disorder	3.27	Existing	Established	Existing	True	random50_ann2	random50_ann2
KHDC3L	epilepsy	1.29	Novel	Novel	Novel	False	random50_ann2	random50_ann2
KHDC3L	schizophrenia	1.06	Novel	Novel	Novel	False	random50_ann2	random50_ann2
KHDC3L	type 2 diabetes	1.2	Novel	Novel	Novel	False	random50_ann2	random50_ann2
KIF1A	Alzheimer's disease	1.68	Hypothesized	Hypothesized	Hypothesized	False	fig3_alzheimer	universe450
KIF1A	Autism Spectrum Disorder	3.32	Existing	Existing	Existing	True	asc_ref299	
KIF1A	bipolar disorder	1.39	Novel	Novel	Novel	False	asc_ref299	
KIF1A	congenital heart disease	2.55	Existing	Existing	Existing	True	fig3_chd	universe509
KIF1A	developmental disorder	3.95	Established	Established	Established	True	asc_ref299	
KIF1A	epilepsy	3.64	Established	Established	Established	True	asc_ref299	
KIF1A	schizophrenia	2.04	Hypothesized	Hypothesized	Hypothesized	False	asc_ref299	
KIF1A	type 2 diabetes	1.53	Hypothesized	Novel	Hypothesized	False	asc_ref299	
KIRREL1	Alzheimer's disease	1.12	Novel	Novel	Novel	False	fig3_alzheimer	universe450
KIRREL1	Autism Spectrum Disorder	1.36	Novel	Novel	Novel	False	random50_ann	random50_ann
KIRREL1	bipolar disorder	1.19	Novel	Novel	Novel	False	random50_ann	random50_ann
KIRREL1	congenital heart disease	1.08	Novel	Novel	Novel	False	fig3_chd	universe509
KIRREL1	developmental disorder	3.17	Existing	Existing	Existing	True	random50_ann	random50_ann
KIRREL1	epilepsy	1.4	Novel	Novel	Novel	False	random50_ann	random50_ann
KIRREL1	schizophrenia	1.14	Novel	Novel	Novel	False	random50_ann	random50_ann
KIRREL1	type 2 diabetes	1.55	Hypothesized	Novel	Hypothesized	False	random50_ann	random50_ann
KLF2	Alzheimer's disease	2.09	Hypothesized	Hypothesized	Hypothesized	False	fig3_chd	pcgc_sig60
KLF2	Autism Spectrum Disorder	1.19	Novel	Novel	Novel	False	fig3_chd	pcgc_sig60
KLF2	bipolar disorder	1.14	Novel	Novel	Novel	False	fig3_chd	pcgc_sig60
KLF2	congenital heart disease	2.06	Hypothesized	Hypothesized	Hypothesized	False	fig3_chd	pcgc_sig60
KLF2	developmental disorder	2.06	Hypothesized	Hypothesized	Hypothesized	False	fig3_chd	pcgc_sig60
KLF2	epilepsy	2.09	Hypothesized	Hypothesized	Hypothesized	False	fig3_chd	pcgc_sig60
KLF2	schizophrenia	1.24	Novel	Novel	Novel	False	fig3_chd	pcgc_sig60
KLF2	type 2 diabetes	2.21	Hypothesized	Hypothesized	Hypothesized	False	fig3_chd	pcgc_sig60
KLK11	Alzheimer's disease	1.89	Hypothesized	Hypothesized	Hypothesized	False	random50_ann2	random50_ann2
KLK11	Autism Spectrum Disorder	1.24	Novel	Novel	Novel	False	random50_ann2	random50_ann2
KLK11	bipolar disorder	1.29	Novel	Novel	Novel	False	random50_ann2	random50_ann2
KLK11	congenital heart disease	1.75	Hypothesized	Hypothesized	Hypothesized	False	fig3_chd	universe509
KLK11	developmental disorder	3.39	Existing	Established	Existing	True	random50_ann2	random50_ann2
KLK11	epilepsy	1.32	Novel	Novel	Novel	False	random50_ann2	random50_ann2
KLK11	schizophrenia	1.38	Novel	Novel	Novel	False	random50_ann2	random50_ann2
KLK11	type 2 diabetes	1.06	Novel	Novel	Novel	False	random50_ann2	random50_ann2
KLK2	Alzheimer's disease	1.22	Novel	Novel	Novel	False	fig3_alzheimer	universe450
KLK2	Autism Spectrum Disorder	1.09	Novel	Novel	Novel	False	random50_ann	random50_ann
KLK2	bipolar disorder	1.06	Novel	Novel	Novel	False	random50_ann	random50_ann
KLK2	congenital heart disease	1.12	Novel	Novel	Novel	False	fig3_chd	universe509
KLK2	developmental disorder	1.25	Novel	Novel	Novel	False	random50_ann	random50_ann
KLK2	epilepsy	1.04	Novel	Novel	Novel	False	random50_ann	random50_ann
KLK2	schizophrenia	1.08	Novel	Novel	Novel	False	random50_ann	random50_ann
KLK2	type 2 diabetes	1.1	Novel	Novel	Novel	False	random50_ann	random50_ann
KMT2A	Alzheimer's disease	2.24	Hypothesized	Hypothesized	Hypothesized	False	fig3_alzheimer	universe450
KMT2A	Autism Spectrum Disorder	3.52	Established	Established	Established	True	asc_ref299	
KMT2A	bipolar disorder	1.3	Novel	Novel	Novel	False	asc_ref299	
KMT2A	congenital heart disease	3.19	Existing	Existing	Existing	True	fig3_chd	universe509
KMT2A	developmental disorder	3.97	Established	Established	Established	True	asc_ref299	
KMT2A	epilepsy	3.67	Established	Established	Established	True	asc_ref299	
KMT2A	schizophrenia	2.35	Hypothesized	Hypothesized	Hypothesized	False	asc_ref299	
KMT2A	type 2 diabetes	2.08	Hypothesized	Hypothesized	Hypothesized	False	asc_ref299	
KMT2C	Alzheimer's disease	1.17	Novel	Novel	Novel	False	fig3_alzheimer	universe450
KMT2C	Autism Spectrum Disorder	3.51	Established	Established	Established	True	asc_ref299	
KMT2C	bipolar disorder	2.56	Existing	Existing	Existing	True	asc_ref299	
KMT2C	congenital heart disease	2.74	Existing	Existing	Existing	True	fig3_chd	universe509
KMT2C	developmental disorder	3.95	Established	Established	Established	True	asc_ref299	
KMT2C	epilepsy	3.5	Established	Established	Established	True	asc_ref299	
KMT2C	schizophrenia	2.8	Existing	Existing	Existing	True	asc_ref299	
KMT2C	type 2 diabetes	2.0	Hypothesized	Hypothesized	Hypothesized	False	asc_ref299	
KMT2D	Alzheimer's disease	1.94	Hypothesized	Hypothesized	Hypothesized	False	fig3_alzheimer	universe450
KMT2D	Autism Spectrum Disorder	3.05	Existing	Existing	Existing	True	asc_ref299	
KMT2D	bipolar disorder	1.54	Hypothesized	Novel	Hypothesized	False	asc_ref299	
KMT2D	congenital heart disease	3.92	Established	Established	Established	True	fig3_chd	universe509
KMT2D	developmental disorder	3.96	Established	Established	Established	True	asc_ref299	
KMT2D	epilepsy	3.67	Established	Established	Established	True	asc_ref299	
KMT2D	schizophrenia	2.61	Existing	Existing	Existing	True	asc_ref299	
KMT2D	type 2 diabetes	2.14	Hypothesized	Hypothesized	Hypothesized	False	asc_ref299	
KMT2E	Alzheimer's disease	1.16	Novel	Novel	Novel	False	fig3_alzheimer	universe450
KMT2E	Autism Spectrum Disorder	3.67	Established	Established	Established	True	asc_ref299	
KMT2E	bipolar disorder	1.51	Hypothesized	Novel	Hypothesized	False	asc_ref299	
KMT2E	congenital heart disease	2.16	Hypothesized	Hypothesized	Hypothesized	False	fig3_chd	universe509
KMT2E	developmental disorder	3.94	Established	Established	Established	True	asc_ref299	
KMT2E	epilepsy	3.92	Established	Established	Established	True	asc_ref299	
KMT2E	schizophrenia	1.97	Hypothesized	Hypothesized	Hypothesized	False	asc_ref299	
KMT2E	type 2 diabetes	1.19	Novel	Novel	Novel	False	asc_ref299	
KMT5B	Alzheimer's disease	1.14	Novel	Novel	Novel	False	fig3_alzheimer	universe450
KMT5B	Autism Spectrum Disorder	3.75	Established	Established	Established	True	asc_ref299	
KMT5B	bipolar disorder	1.36	Novel	Novel	Novel	False	asc_ref299	
KMT5B	congenital heart disease	2.85	Existing	Existing	Existing	True	fig3_chd	universe509
KMT5B	developmental disorder	3.95	Established	Established	Established	True	asc_ref299	
KMT5B	epilepsy	1.96	Hypothesized	Hypothesized	Hypothesized	False	asc_ref299	
KMT5B	schizophrenia	1.79	Hypothesized	Novel	Hypothesized	False	asc_ref299	
KMT5B	type 2 diabetes	1.09	Novel	Novel	Novel	False	asc_ref299	
KRT13	Alzheimer's disease	1.05	Novel	Novel	Novel	False	fig3_chd	pcgc_sig60
KRT13	Autism Spectrum Disorder	1.05	Novel	Novel	Novel	False	fig3_chd	pcgc_sig60
KRT13	bipolar disorder	1.04	Novel	Novel	Novel	False	fig3_chd	pcgc_sig60
KRT13	congenital heart disease	1.06	Novel	Novel	Novel	False	fig3_chd	pcgc_sig60
KRT13	developmental disorder	3.5	Established	Established	Established	True	fig3_chd	pcgc_sig60
KRT13	epilepsy	1.05	Novel	Novel	Novel	False	fig3_chd	pcgc_sig60
KRT13	schizophrenia	1.05	Novel	Novel	Novel	False	fig3_chd	pcgc_sig60
KRT13	type 2 diabetes	1.06	Novel	Novel	Novel	False	fig3_chd	pcgc_sig60
L3MBTL3	Alzheimer's disease	1.25	Novel	Novel	Novel	False	fig3_alzheimer	universe450
L3MBTL3	Autism Spectrum Disorder	1.44	Novel	Novel	Novel	False	asd_extra101	random
L3MBTL3	bipolar disorder	1.28	Novel	Novel	Novel	False	fig3_four_phenos	
L3MBTL3	congenital heart disease	1.74	Hypothesized	Hypothesized	Hypothesized	False	fig3_chd	universe509
L3MBTL3	developmental disorder	1.88	Hypothesized	Hypothesized	Hypothesized	False	fig3_four_phenos	
L3MBTL3	epilepsy	1.28	Novel	Novel	Novel	False	fig3_four_phenos	
L3MBTL3	schizophrenia	1.38	Novel	Novel	Novel	False	scz_extra101	random
L3MBTL3	type 2 diabetes	2.86	Existing	Existing	Existing	True	fig3_four_phenos	
LAMB4	Alzheimer's disease	1.16	Novel	Novel	Novel	False	fig3_alzheimer	universe450
LAMB4	Autism Spectrum Disorder	1.44	Novel	Novel	Novel	False	asd_extra101	random
LAMB4	bipolar disorder	1.17	Novel	Novel	Novel	False	fig3_four_phenos	
LAMB4	congenital heart disease	1.31	Novel	Novel	Novel	False	fig3_chd	universe509
LAMB4	developmental disorder	2.36	Hypothesized	Hypothesized	Hypothesized	False	fig3_four_phenos	
LAMB4	epilepsy	1.25	Novel	Novel	Novel	False	fig3_four_phenos	
LAMB4	schizophrenia	1.19	Novel	Novel	Novel	False	scz_extra101	random
LAMB4	type 2 diabetes	1.06	Novel	Novel	Novel	False	fig3_four_phenos	
LAMC1	Alzheimer's disease	2.01	Hypothesized	Hypothesized	Hypothesized	False	random50_ann2	random50_ann2
LAMC1	Autism Spectrum Disorder	1.78	Hypothesized	Hypothesized	Hypothesized	False	random50_ann2	random50_ann2
LAMC1	bipolar disorder	1.09	Novel	Novel	Novel	False	random50_ann2	random50_ann2
LAMC1	congenital heart disease	2.44	Hypothesized	Existing	Hypothesized	False	fig3_chd	universe509
LAMC1	developmental disorder	2.88	Existing	Existing	Existing	True	random50_ann2	random50_ann2
LAMC1	epilepsy	2.06	Hypothesized	Hypothesized	Hypothesized	False	random50_ann2	random50_ann2
LAMC1	schizophrenia	1.54	Hypothesized	Novel	Hypothesized	False	random50_ann2	random50_ann2
LAMC1	type 2 diabetes	2.16	Hypothesized	Existing	Hypothesized	False	random50_ann2	random50_ann2
LARGE2	Alzheimer's disease	1.17	Novel	Novel	Novel	False	fig3_alzheimer	universe450
LARGE2	Autism Spectrum Disorder	1.56	Hypothesized	Novel	Hypothesized	False	asd_extra101	random
LARGE2	bipolar disorder	1.14	Novel	Novel	Novel	False	fig3_four_phenos	
LARGE2	congenital heart disease	1.41	Novel	Novel	Novel	False	fig3_chd	universe509
LARGE2	developmental disorder	2.03	Hypothesized	Hypothesized	Hypothesized	False	fig3_four_phenos	
LARGE2	epilepsy	1.79	Hypothesized	Hypothesized	Hypothesized	False	fig3_four_phenos	
LARGE2	schizophrenia	1.41	Novel	Novel	Novel	False	scz_extra101	random
LARGE2	type 2 diabetes	1.16	Novel	Novel	Novel	False	fig3_four_phenos	
LEMD3	Alzheimer's disease	1.93	Hypothesized	Hypothesized	Hypothesized	False	fig3_alzheimer	universe450
LEMD3	Autism Spectrum Disorder	1.52	Hypothesized	Novel	Hypothesized	False	asc_ref299	
LEMD3	bipolar disorder	1.17	Novel	Novel	Novel	False	asc_ref299	
LEMD3	congenital heart disease	1.67	Hypothesized	Novel	Hypothesized	False	fig3_chd	universe509
LEMD3	developmental disorder	2.87	Existing	Existing	Existing	True	asc_ref299	
LEMD3	epilepsy	1.05	Novel	Novel	Novel	False	asc_ref299	
LEMD3	schizophrenia	1.19	Novel	Novel	Novel	False	asc_ref299	
LEMD3	type 2 diabetes	1.15	Novel	Novel	Novel	False	asc_ref299	
LHX2	Alzheimer's disease	2.59	Existing	Existing	Existing	True	fig3_chd	pcgc_sig60
LHX2	Autism Spectrum Disorder	2.57	Existing	Existing	Existing	True	fig3_chd	pcgc_sig60
LHX2	bipolar disorder	1.41	Novel	Novel	Novel	False	fig3_chd	pcgc_sig60
LHX2	congenital heart disease	1.57	Hypothesized	Novel	Hypothesized	False	fig3_chd	pcgc_sig60
LHX2	developmental disorder	3.2	Existing	Existing	Existing	True	fig3_chd	pcgc_sig60
LHX2	epilepsy	2.63	Existing	Existing	Existing	True	fig3_chd	pcgc_sig60
LHX2	schizophrenia	2.13	Hypothesized	Hypothesized	Hypothesized	False	fig3_chd	pcgc_sig60
LHX2	type 2 diabetes	1.35	Novel	Novel	Novel	False	fig3_chd	pcgc_sig60
LIN9	Alzheimer's disease	1.29	Novel	Novel	Novel	False	fig3_alzheimer	universe450
LIN9	Autism Spectrum Disorder	1.22	Novel	Novel	Novel	False	extra50_random	random50
LIN9	bipolar disorder	1.14	Novel	Novel	Novel	False	fig3_four_phenos	
LIN9	congenital heart disease	1.3	Novel	Novel	Novel	False	fig3_chd	universe509
LIN9	developmental disorder	2.13	Hypothesized	Hypothesized	Hypothesized	False	fig3_four_phenos	
LIN9	epilepsy	1.84	Hypothesized	Novel	Hypothesized	False	fig3_four_phenos	
LIN9	schizophrenia	1.06	Novel	Novel	Novel	False	extra50_random	random50
LIN9	type 2 diabetes	1.17	Novel	Novel	Novel	False	fig3_four_phenos	
LITAF	Alzheimer's disease	1.31	Novel	Novel	Novel	False	fig3_alzheimer	universe450
LITAF	Autism Spectrum Disorder	1.06	Novel	Novel	Novel	False	extra50_random	random50
LITAF	bipolar disorder	1.05	Novel	Novel	Novel	False	fig3_four_phenos	
LITAF	congenital heart disease	1.14	Novel	Novel	Novel	False	fig3_chd	universe509
LITAF	developmental disorder	2.99	Existing	Existing	Existing	True	fig3_four_phenos	
LITAF	epilepsy	1.21	Novel	Novel	Novel	False	fig3_four_phenos	
LITAF	schizophrenia	1.06	Novel	Novel	Novel	False	extra50_random	random50
LITAF	type 2 diabetes	1.74	Hypothesized	Novel	Hypothesized	False	fig3_four_phenos	
LMTK3	Alzheimer's disease	1.92	Hypothesized	Hypothesized	Hypothesized	False	fig3_alzheimer	universe450
LMTK3	Autism Spectrum Disorder	2.25	Hypothesized	Hypothesized	Hypothesized	False	asc_ref299	
LMTK3	bipolar disorder	1.63	Hypothesized	Hypothesized	Hypothesized	False	asc_ref299	
LMTK3	congenital heart disease	1.08	Novel	Novel	Novel	False	fig3_chd	universe509
LMTK3	developmental disorder	2.24	Hypothesized	Hypothesized	Hypothesized	False	asc_ref299	
LMTK3	epilepsy	2.24	Hypothesized	Hypothesized	Hypothesized	False	asc_ref299	
LMTK3	schizophrenia	1.73	Hypothesized	Hypothesized	Hypothesized	False	asc_ref299	
LMTK3	type 2 diabetes	1.1	Novel	Novel	Novel	False	asc_ref299	
LRP1	Alzheimer's disease	2.79	Existing	Existing	Existing	True	fig3_alzheimer	universe450
LRP1	Autism Spectrum Disorder	3.02	Existing	Existing	Existing	True	asc_ref299	
LRP1	bipolar disorder	2.41	Hypothesized	Existing	Hypothesized	False	asc_ref299	
LRP1	congenital heart disease	3.59	Established	Established	Established	True	fig3_chd	universe509
LRP1	developmental disorder	3.12	Existing	Existing	Existing	True	asc_ref299	
LRP1	epilepsy	2.61	Existing	Existing	Existing	True	asc_ref299	
LRP1	schizophrenia	2.9	Existing	Existing	Existing	True	asc_ref299	
LRP1	type 2 diabetes	2.29	Hypothesized	Hypothesized	Hypothesized	False	asc_ref299	
LRRC3C	Alzheimer's disease	1.1	Novel	Novel	Novel	False	fig3_alzheimer	universe450
LRRC3C	Autism Spectrum Disorder	1.13	Novel	Novel	Novel	False	extra50_random	random50
LRRC3C	bipolar disorder	1.07	Novel	Novel	Novel	False	fig3_four_phenos	
LRRC3C	congenital heart disease	1.07	Novel	Novel	Novel	False	fig3_chd	universe509
LRRC3C	developmental disorder	1.15	Novel	Novel	Novel	False	fig3_four_phenos	
LRRC3C	epilepsy	1.09	Novel	Novel	Novel	False	fig3_four_phenos	
LRRC3C	schizophrenia	1.13	Novel	Novel	Novel	False	extra50_random	random50
LRRC3C	type 2 diabetes	1.16	Novel	Novel	Novel	False	fig3_four_phenos	
LRRC4	Alzheimer's disease	1.86	Hypothesized	Hypothesized	Hypothesized	False	fig3_alzheimer	universe450
LRRC4	Autism Spectrum Disorder	2.66	Existing	Existing	Existing	True	asc_ref299	
LRRC4	bipolar disorder	2.17	Hypothesized	Hypothesized	Hypothesized	False	asc_ref299	
LRRC4	congenital heart disease	1.14	Novel	Novel	Novel	False	fig3_chd	universe509
LRRC4	developmental disorder	2.57	Existing	Existing	Existing	True	asc_ref299	
LRRC4	epilepsy	2.07	Hypothesized	Hypothesized	Hypothesized	False	asc_ref299	
LRRC4	schizophrenia	2.17	Hypothesized	Hypothesized	Hypothesized	False	asc_ref299	
LRRC4	type 2 diabetes	1.46	Novel	Novel	Novel	False	asc_ref299	
LY6G5C	Alzheimer's disease	1.09	Novel	Novel	Novel	False	fig3_alzheimer	universe450
LY6G5C	Autism Spectrum Disorder	1.06	Novel	Novel	Novel	False	asd_extra101	random
LY6G5C	bipolar disorder	1.12	Novel	Novel	Novel	False	fig3_four_phenos	
LY6G5C	congenital heart disease	1.06	Novel	Novel	Novel	False	fig3_chd	universe509
LY6G5C	developmental disorder	1.1	Novel	Novel	Novel	False	fig3_four_phenos	
LY6G5C	epilepsy	1.17	Novel	Novel	Novel	False	fig3_four_phenos	
LY6G5C	schizophrenia	2.21	Hypothesized	Hypothesized	Hypothesized	False	scz_extra101	random
LY6G5C	type 2 diabetes	1.12	Novel	Novel	Novel	False	fig3_four_phenos	
LZTR1	Alzheimer's disease	1.27	Novel	Novel	Novel	False	fig3_chd	pcgc_sig60
LZTR1	Autism Spectrum Disorder	2.76	Existing	Existing	Existing	True	fig3_chd	pcgc_sig60
LZTR1	bipolar disorder	1.12	Novel	Novel	Novel	False	fig3_chd	pcgc_sig60
LZTR1	congenital heart disease	3.8	Established	Established	Established	True	fig3_chd	pcgc_sig60
LZTR1	developmental disorder	3.94	Established	Established	Established	True	fig3_chd	pcgc_sig60
LZTR1	epilepsy	1.43	Novel	Novel	Novel	False	fig3_chd	pcgc_sig60
LZTR1	schizophrenia	2.07	Hypothesized	Hypothesized	Hypothesized	False	fig3_chd	pcgc_sig60
LZTR1	type 2 diabetes	1.17	Novel	Novel	Novel	False	fig3_chd	pcgc_sig60
MAF	Alzheimer's disease	2.66	Existing	Existing	Existing	True	fig3_alzheimer	universe450
MAF	Autism Spectrum Disorder	2.99	Existing	Existing	Existing	True	asc_ref299	
MAF	bipolar disorder	1.25	Novel	Novel	Novel	False	asc_ref299	
MAF	congenital heart disease	1.4	Novel	Novel	Novel	False	fig3_chd	universe509
MAF	developmental disorder	3.88	Established	Established	Established	True	asc_ref299	
MAF	epilepsy	3.74	Established	Established	Established	True	asc_ref299	
MAF	schizophrenia	1.13	Novel	Novel	Novel	False	asc_ref299	
MAF	type 2 diabetes	2.06	Hypothesized	Hypothesized	Hypothesized	False	asc_ref299	
MAGEL2	Alzheimer's disease	1.08	Novel	Novel	Novel	False	fig3_alzheimer	universe450
MAGEL2	Autism Spectrum Disorder	3.89	Established	Established	Established	True	asc_ref299	
MAGEL2	bipolar disorder	1.36	Novel	Novel	Novel	False	asc_ref299	
MAGEL2	congenital heart disease	1.67	Hypothesized	Novel	Hypothesized	False	fig3_chd	universe509
MAGEL2	developmental disorder	3.95	Established	Established	Established	True	asc_ref299	
MAGEL2	epilepsy	2.81	Existing	Existing	Existing	True	asc_ref299	
MAGEL2	schizophrenia	2.5	Hypothesized	Existing	Hypothesized	False	asc_ref299	
MAGEL2	type 2 diabetes	2.15	Hypothesized	Hypothesized	Hypothesized	False	asc_ref299	
MANEAL	Alzheimer's disease	1.27	Novel	Novel	Novel	False	fig3_alzheimer	universe450
MANEAL	Autism Spectrum Disorder	1.17	Novel	Novel	Novel	False	extra50_random	random50
MANEAL	bipolar disorder	1.27	Novel	Novel	Novel	False	fig3_four_phenos	
MANEAL	congenital heart disease	1.06	Novel	Novel	Novel	False	fig3_chd	universe509
MANEAL	developmental disorder	2.51	Existing	Existing	Existing	True	fig3_four_phenos	
MANEAL	epilepsy	1.45	Novel	Novel	Novel	False	fig3_four_phenos	
MANEAL	schizophrenia	1.27	Novel	Novel	Novel	False	extra50_random	random50
MANEAL	type 2 diabetes	1.06	Novel	Novel	Novel	False	fig3_four_phenos	
MAP1A	Alzheimer's disease	2.05	Hypothesized	Hypothesized	Hypothesized	False	fig3_alzheimer	universe450
MAP1A	Autism Spectrum Disorder	3.09	Existing	Existing	Existing	True	asc_ref299	
MAP1A	bipolar disorder	2.02	Hypothesized	Hypothesized	Hypothesized	False	asc_ref299	
MAP1A	congenital heart disease	1.37	Novel	Novel	Novel	False	fig3_chd	universe509
MAP1A	developmental disorder	3.2	Existing	Existing	Existing	True	asc_ref299	
MAP1A	epilepsy	1.91	Hypothesized	Hypothesized	Hypothesized	False	asc_ref299	
MAP1A	schizophrenia	2.7	Existing	Existing	Existing	True	asc_ref299	
MAP1A	type 2 diabetes	1.75	Hypothesized	Hypothesized	Hypothesized	False	asc_ref299	
MAP1B	Alzheimer's disease	2.33	Hypothesized	Hypothesized	Hypothesized	False	fig3_alzheimer	universe450
MAP1B	Autism Spectrum Disorder	2.59	Existing	Existing	Existing	True	asc_ref299	
MAP1B	bipolar disorder	2.03	Hypothesized	Hypothesized	Hypothesized	False	asc_ref299	
MAP1B	congenital heart disease	1.39	Novel	Novel	Novel	False	fig3_chd	universe509
MAP1B	developmental disorder	3.92	Established	Established	Established	True	asc_ref299	
MAP1B	epilepsy	3.64	Established	Established	Established	True	asc_ref299	
MAP1B	schizophrenia	2.03	Hypothesized	Hypothesized	Hypothesized	False	asc_ref299	
MAP1B	type 2 diabetes	2.05	Hypothesized	Hypothesized	Hypothesized	False	asc_ref299	
MAP3K19	Alzheimer's disease	1.09	Novel	Novel	Novel	False	fig3_alzheimer	universe450
MAP3K19	Autism Spectrum Disorder	1.06	Novel	Novel	Novel	False	extra50_random	random50
MAP3K19	bipolar disorder	1.06	Novel	Novel	Novel	False	fig3_four_phenos	
MAP3K19	congenital heart disease	2.81	Existing	Existing	Existing	True	fig3_chd	universe509
MAP3K19	developmental disorder	2.39	Hypothesized	Existing	Hypothesized	False	fig3_four_phenos	
MAP3K19	epilepsy	1.06	Novel	Novel	Novel	False	fig3_four_phenos	
MAP3K19	schizophrenia	1.05	Novel	Novel	Novel	False	extra50_random	random50
MAP3K19	type 2 diabetes	1.12	Novel	Novel	Novel	False	fig3_four_phenos	
MAPK8IP3	Alzheimer's disease	2.2	Hypothesized	Hypothesized	Hypothesized	False	fig3_alzheimer	universe450
MAPK8IP3	Autism Spectrum Disorder	2.68	Existing	Existing	Existing	True	asc_ref299	
MAPK8IP3	bipolar disorder	1.37	Novel	Novel	Novel	False	asc_ref299	
MAPK8IP3	congenital heart disease	1.08	Novel	Novel	Novel	False	fig3_chd	universe509
MAPK8IP3	developmental disorder	3.95	Established	Established	Established	True	asc_ref299	
MAPK8IP3	epilepsy	2.66	Existing	Existing	Existing	True	asc_ref299	
MAPK8IP3	schizophrenia	1.41	Novel	Novel	Novel	False	asc_ref299	
MAPK8IP3	type 2 diabetes	1.22	Novel	Novel	Novel	False	asc_ref299	
MAPRE2	Alzheimer's disease	1.7	Hypothesized	Hypothesized	Hypothesized	False	fig3_alzheimer	universe450
MAPRE2	Autism Spectrum Disorder	2.14	Hypothesized	Hypothesized	Hypothesized	False	random50_ann	random50_ann
MAPRE2	bipolar disorder	1.19	Novel	Novel	Novel	False	random50_ann	random50_ann
MAPRE2	congenital heart disease	2.57	Existing	Existing	Existing	True	fig3_chd	universe509
MAPRE2	developmental disorder	3.82	Established	Established	Established	True	random50_ann	random50_ann
MAPRE2	epilepsy	2.84	Existing	Existing	Existing	True	random50_ann	random50_ann
MAPRE2	schizophrenia	1.66	Hypothesized	Hypothesized	Hypothesized	False	random50_ann	random50_ann
MAPRE2	type 2 diabetes	1.11	Novel	Novel	Novel	False	random50_ann	random50_ann
MARK2	Alzheimer's disease	2.66	Existing	Existing	Existing	True	fig3_alzheimer	universe450
MARK2	Autism Spectrum Disorder	3.86	Established	Established	Established	True	asc_ref299	
MARK2	bipolar disorder	2.84	Existing	Existing	Existing	True	asc_ref299	
MARK2	congenital heart disease	1.21	Novel	Novel	Novel	False	fig3_chd	universe509
MARK2	developmental disorder	3.86	Established	Established	Established	True	asc_ref299	
MARK2	epilepsy	3.38	Existing	Established	Existing	True	asc_ref299	
MARK2	schizophrenia	1.89	Hypothesized	Hypothesized	Hypothesized	False	asc_ref299	
MARK2	type 2 diabetes	2.04	Hypothesized	Hypothesized	Hypothesized	False	asc_ref299	
MBD5	Alzheimer's disease	2.38	Hypothesized	Existing	Hypothesized	False	fig3_alzheimer	universe450
MBD5	Autism Spectrum Disorder	3.71	Established	Established	Established	True	asc_ref299	
MBD5	bipolar disorder	2.89	Existing	Existing	Existing	True	asc_ref299	
MBD5	congenital heart disease	1.21	Novel	Novel	Novel	False	fig3_chd	universe509
MBD5	developmental disorder	3.91	Established	Established	Established	True	asc_ref299	
MBD5	epilepsy	3.85	Established	Established	Established	True	asc_ref299	
MBD5	schizophrenia	2.72	Existing	Existing	Existing	True	asc_ref299	
MBD5	type 2 diabetes	1.06	Novel	Novel	Novel	False	asc_ref299	
MCOLN2	Alzheimer's disease	1.66	Hypothesized	Hypothesized	Hypothesized	False	random50_ann2	random50_ann2
MCOLN2	Autism Spectrum Disorder	1.22	Novel	Novel	Novel	False	random50_ann2	random50_ann2
MCOLN2	bipolar disorder	1.22	Novel	Novel	Novel	False	random50_ann2	random50_ann2
MCOLN2	congenital heart disease	1.31	Novel	Novel	Novel	False	fig3_chd	universe509
MCOLN2	developmental disorder	1.74	Hypothesized	Hypothesized	Hypothesized	False	random50_ann2	random50_ann2
MCOLN2	epilepsy	1.75	Hypothesized	Hypothesized	Hypothesized	False	random50_ann2	random50_ann2
MCOLN2	schizophrenia	1.17	Novel	Novel	Novel	False	random50_ann2	random50_ann2
MCOLN2	type 2 diabetes	1.57	Hypothesized	Novel	Hypothesized	False	random50_ann2	random50_ann2
MECP2	Alzheimer's disease	2.31	Hypothesized	Hypothesized	Hypothesized	False	fig3_alzheimer	universe450
MECP2	Autism Spectrum Disorder	3.7	Established	Established	Established	True	asc_ref299	
MECP2	bipolar disorder	2.14	Hypothesized	Hypothesized	Hypothesized	False	asc_ref299	
MECP2	congenital heart disease	1.79	Hypothesized	Hypothesized	Hypothesized	False	fig3_chd	universe509
MECP2	developmental disorder	3.95	Established	Established	Established	True	asc_ref299	
MECP2	epilepsy	3.76	Established	Established	Established	True	asc_ref299	
MECP2	schizophrenia	3.06	Existing	Existing	Existing	True	asc_ref299	
MECP2	type 2 diabetes	2.04	Hypothesized	Hypothesized	Hypothesized	False	asc_ref299	
MED13	Alzheimer's disease	2.58	Existing	Existing	Existing	True	fig3_alzheimer	universe450
MED13	Autism Spectrum Disorder	3.42	Existing	Established	Existing	True	asc_ref299	
MED13	bipolar disorder	1.36	Novel	Novel	Novel	False	asc_ref299	
MED13	congenital heart disease	2.92	Existing	Existing	Existing	True	fig3_chd	universe509
MED13	developmental disorder	3.94	Established	Established	Established	True	asc_ref299	
MED13	epilepsy	3.19	Existing	Existing	Existing	True	asc_ref299	
MED13	schizophrenia	1.45	Novel	Novel	Novel	False	asc_ref299	
MED13	type 2 diabetes	2.0	Hypothesized	Hypothesized	Hypothesized	False	asc_ref299	
MED13L	Alzheimer's disease	1.44	Novel	Novel	Novel	False	fig3_alzheimer	universe450
MED13L	Autism Spectrum Disorder	3.15	Existing	Existing	Existing	True	asc_ref299	
MED13L	bipolar disorder	1.36	Novel	Novel	Novel	False	asc_ref299	
MED13L	congenital heart disease	3.55	Established	Established	Established	True	fig3_chd	universe509
MED13L	developmental disorder	3.97	Established	Established	Established	True	asc_ref299	
MED13L	epilepsy	3.67	Established	Established	Established	True	asc_ref299	
MED13L	schizophrenia	1.51	Hypothesized	Novel	Hypothesized	False	asc_ref299	
MED13L	type 2 diabetes	1.14	Novel	Novel	Novel	False	asc_ref299	
MEF2C	Alzheimer's disease	2.96	Existing	Existing	Existing	True	fig3_alzheimer	universe450
MEF2C	Autism Spectrum Disorder	3.57	Established	Established	Established	True	asc_ref299	
MEF2C	bipolar disorder	2.04	Hypothesized	Hypothesized	Hypothesized	False	asc_ref299	
MEF2C	congenital heart disease	3.37	Existing	Established	Existing	True	fig3_chd	universe509
MEF2C	developmental disorder	3.95	Established	Established	Established	True	asc_ref299	
MEF2C	epilepsy	3.88	Established	Established	Established	True	asc_ref299	
MEF2C	schizophrenia	2.76	Existing	Existing	Existing	True	asc_ref299	
MEF2C	type 2 diabetes	2.15	Hypothesized	Hypothesized	Hypothesized	False	asc_ref299	
MEIS2	Alzheimer's disease	2.34	Hypothesized	Hypothesized	Hypothesized	False	fig3_alzheimer	universe450
MEIS2	Autism Spectrum Disorder	3.29	Existing	Established	Existing	True	asc_ref299	
MEIS2	bipolar disorder	1.75	Hypothesized	Hypothesized	Hypothesized	False	asc_ref299	
MEIS2	congenital heart disease	3.91	Established	Established	Established	True	fig3_chd	universe509
MEIS2	developmental disorder	3.95	Established	Established	Established	True	asc_ref299	
MEIS2	epilepsy	1.66	Hypothesized	Novel	Hypothesized	False	asc_ref299	
MEIS2	schizophrenia	1.77	Hypothesized	Novel	Hypothesized	False	asc_ref299	
MEIS2	type 2 diabetes	1.4	Novel	Novel	Novel	False	asc_ref299	
MFAP3L	Alzheimer's disease	1.12	Novel	Novel	Novel	False	fig3_alzheimer	universe450
MFAP3L	Autism Spectrum Disorder	1.19	Novel	Novel	Novel	False	asd_extra101	random
MFAP3L	bipolar disorder	1.43	Novel	Novel	Novel	False	fig3_four_phenos	
MFAP3L	congenital heart disease	1.13	Novel	Novel	Novel	False	fig3_chd	universe509
MFAP3L	developmental disorder	1.4	Novel	Novel	Novel	False	fig3_four_phenos	
MFAP3L	epilepsy	1.08	Novel	Novel	Novel	False	fig3_four_phenos	
MFAP3L	schizophrenia	1.32	Novel	Novel	Novel	False	scz_extra101	random
MFAP3L	type 2 diabetes	1.28	Novel	Novel	Novel	False	fig3_four_phenos	
MGAT4C	Alzheimer's disease	2.6	Existing	Existing	Existing	True	fig3_alzheimer	universe450
MGAT4C	Autism Spectrum Disorder	2.11	Hypothesized	Hypothesized	Hypothesized	False	random50_ann	random50_ann
MGAT4C	bipolar disorder	1.32	Novel	Novel	Novel	False	random50_ann	random50_ann
MGAT4C	congenital heart disease	1.31	Novel	Novel	Novel	False	fig3_chd	universe509
MGAT4C	developmental disorder	1.69	Hypothesized	Novel	Hypothesized	False	random50_ann	random50_ann
MGAT4C	epilepsy	1.21	Novel	Novel	Novel	False	random50_ann	random50_ann
MGAT4C	schizophrenia	1.54	Hypothesized	Novel	Hypothesized	False	random50_ann	random50_ann
MGAT4C	type 2 diabetes	1.1	Novel	Novel	Novel	False	random50_ann	random50_ann
MIP	Alzheimer's disease	1.2	Novel	Novel	Novel	False	fig3_alzheimer	universe450
MIP	Autism Spectrum Disorder	1.2	Novel	Novel	Novel	False	extra50_random	random50
MIP	bipolar disorder	1.56	Hypothesized	Novel	Hypothesized	False	fig3_four_phenos	
MIP	congenital heart disease	1.06	Novel	Novel	Novel	False	fig3_chd	universe509
MIP	developmental disorder	3.38	Existing	Established	Existing	True	fig3_four_phenos	
MIP	epilepsy	1.21	Novel	Novel	Novel	False	fig3_four_phenos	
MIP	schizophrenia	1.16	Novel	Novel	Novel	False	extra50_random	random50
MIP	type 2 diabetes	1.13	Novel	Novel	Novel	False	fig3_four_phenos	
MKX	Alzheimer's disease	1.06	Novel	Novel	Novel	False	fig3_alzheimer	universe450
MKX	Autism Spectrum Disorder	1.95	Hypothesized	Hypothesized	Hypothesized	False	asc_ref299	
MKX	bipolar disorder	1.19	Novel	Novel	Novel	False	asc_ref299	
MKX	congenital heart disease	1.14	Novel	Novel	Novel	False	fig3_chd	universe509
MKX	developmental disorder	2.48	Hypothesized	Existing	Hypothesized	False	asc_ref299	
MKX	epilepsy	1.45	Novel	Novel	Novel	False	asc_ref299	
MKX	schizophrenia	1.16	Novel	Novel	Novel	False	asc_ref299	
MKX	type 2 diabetes	2.02	Hypothesized	Hypothesized	Hypothesized	False	asc_ref299	
MMRN1	Alzheimer's disease	1.58	Hypothesized	Novel	Hypothesized	False	random50_ann2	random50_ann2
MMRN1	Autism Spectrum Disorder	1.31	Novel	Novel	Novel	False	random50_ann2	random50_ann2
MMRN1	bipolar disorder	1.69	Hypothesized	Novel	Hypothesized	False	random50_ann2	random50_ann2
MMRN1	congenital heart disease	1.68	Hypothesized	Novel	Hypothesized	False	fig3_chd	universe509
MMRN1	developmental disorder	1.43	Novel	Novel	Novel	False	random50_ann2	random50_ann2
MMRN1	epilepsy	1.26	Novel	Novel	Novel	False	random50_ann2	random50_ann2
MMRN1	schizophrenia	1.17	Novel	Novel	Novel	False	random50_ann2	random50_ann2
MMRN1	type 2 diabetes	1.28	Novel	Novel	Novel	False	random50_ann2	random50_ann2
MRPL18	Alzheimer's disease	1.27	Novel	Novel	Novel	False	fig3_alzheimer	universe450
MRPL18	Autism Spectrum Disorder	1.19	Novel	Novel	Novel	False	asc_ref299	
MRPL18	bipolar disorder	1.22	Novel	Novel	Novel	False	asc_ref299	
MRPL18	congenital heart disease	1.44	Novel	Novel	Novel	False	fig3_chd	universe509
MRPL18	developmental disorder	1.91	Hypothesized	Hypothesized	Hypothesized	False	asc_ref299	
MRPL18	epilepsy	1.44	Novel	Novel	Novel	False	asc_ref299	
MRPL18	schizophrenia	1.17	Novel	Novel	Novel	False	asc_ref299	
MRPL18	type 2 diabetes	1.92	Hypothesized	Hypothesized	Hypothesized	False	asc_ref299	
MRPL49	Alzheimer's disease	1.41	Novel	Novel	Novel	False	fig3_alzheimer	universe450
MRPL49	Autism Spectrum Disorder	1.55	Hypothesized	Novel	Hypothesized	False	asd_extra101	random
MRPL49	bipolar disorder	1.41	Novel	Novel	Novel	False	fig3_four_phenos	
MRPL49	congenital heart disease	1.31	Novel	Novel	Novel	False	fig3_chd	universe509
MRPL49	developmental disorder	3.66	Established	Established	Established	True	fig3_four_phenos	
MRPL49	epilepsy	2.53	Existing	Existing	Existing	True	fig3_four_phenos	
MRPL49	schizophrenia	1.24	Novel	Novel	Novel	False	scz_extra101	random
MRPL49	type 2 diabetes	1.49	Novel	Novel	Novel	False	fig3_four_phenos	
MRPL54	Alzheimer's disease	1.17	Novel	Novel	Novel	False	random50_ann2	random50_ann2
MRPL54	Autism Spectrum Disorder	1.09	Novel	Novel	Novel	False	random50_ann2	random50_ann2
MRPL54	bipolar disorder	1.14	Novel	Novel	Novel	False	random50_ann2	random50_ann2
MRPL54	congenital heart disease	1.32	Novel	Novel	Novel	False	fig3_chd	universe509
MRPL54	developmental disorder	1.83	Hypothesized	Hypothesized	Hypothesized	False	random50_ann2	random50_ann2
MRPL54	epilepsy	1.29	Novel	Novel	Novel	False	random50_ann2	random50_ann2
MRPL54	schizophrenia	1.12	Novel	Novel	Novel	False	random50_ann2	random50_ann2
MRPL54	type 2 diabetes	1.27	Novel	Novel	Novel	False	random50_ann2	random50_ann2
MSL2	Alzheimer's disease	1.71	Hypothesized	Novel	Hypothesized	False	fig3_alzheimer	universe450
MSL2	Autism Spectrum Disorder	3.32	Existing	Established	Existing	True	asc_ref299	
MSL2	bipolar disorder	1.52	Hypothesized	Novel	Hypothesized	False	asc_ref299	
MSL2	congenital heart disease	1.8	Hypothesized	Novel	Hypothesized	False	fig3_chd	universe509
MSL2	developmental disorder	3.94	Established	Established	Established	True	asc_ref299	
MSL2	epilepsy	3.36	Existing	Established	Existing	True	asc_ref299	
MSL2	schizophrenia	1.53	Hypothesized	Novel	Hypothesized	False	asc_ref299	
MSL2	type 2 diabetes	1.06	Novel	Novel	Novel	False	asc_ref299	
MTOR	Alzheimer's disease	2.28	Hypothesized	Hypothesized	Hypothesized	False	fig3_alzheimer	universe450
MTOR	Autism Spectrum Disorder	2.51	Existing	Hypothesized	Existing	True	asc_ref299	
MTOR	bipolar disorder	2.24	Hypothesized	Hypothesized	Hypothesized	False	asc_ref299	
MTOR	congenital heart disease	2.76	Existing	Existing	Existing	True	fig3_chd	universe509
MTOR	developmental disorder	3.19	Existing	Existing	Existing	True	asc_ref299	
MTOR	epilepsy	3.78	Established	Established	Established	True	asc_ref299	
MTOR	schizophrenia	2.21	Hypothesized	Hypothesized	Hypothesized	False	asc_ref299	
MTOR	type 2 diabetes	2.86	Existing	Existing	Existing	True	asc_ref299	
MYH6	Alzheimer's disease	1.39	Novel	Novel	Novel	False	random50_ann2	random50_ann2
MYH6	Autism Spectrum Disorder	1.43	Novel	Novel	Novel	False	random50_ann2	random50_ann2
MYH6	bipolar disorder	1.05	Novel	Novel	Novel	False	random50_ann2	random50_ann2
MYH6	congenital heart disease	3.89	Established	Established	Established	True	fig3_chd	universe509
MYH6	developmental disorder	3.37	Existing	Established	Existing	True	random50_ann2	random50_ann2
MYH6	epilepsy	1.98	Hypothesized	Hypothesized	Hypothesized	False	random50_ann2	random50_ann2
MYH6	schizophrenia	1.39	Novel	Novel	Novel	False	random50_ann2	random50_ann2
MYH6	type 2 diabetes	2.21	Hypothesized	Hypothesized	Hypothesized	False	random50_ann2	random50_ann2
MYL6B	Alzheimer's disease	1.05	Novel	Novel	Novel	False	fig3_alzheimer	universe450
MYL6B	Autism Spectrum Disorder	1.12	Novel	Novel	Novel	False	asd_extra101	random
MYL6B	bipolar disorder	1.05	Novel	Novel	Novel	False	fig3_four_phenos	
MYL6B	congenital heart disease	1.53	Hypothesized	Novel	Hypothesized	False	fig3_chd	universe509
MYL6B	developmental disorder	1.9	Hypothesized	Hypothesized	Hypothesized	False	fig3_four_phenos	
MYL6B	epilepsy	1.14	Novel	Novel	Novel	False	fig3_four_phenos	
MYL6B	schizophrenia	1.13	Novel	Novel	Novel	False	scz_extra101	random
MYL6B	type 2 diabetes	1.14	Novel	Novel	Novel	False	fig3_four_phenos	
MYRF	Alzheimer's disease	2.23	Hypothesized	Hypothesized	Hypothesized	False	fig3_chd	pcgc_sig60
MYRF	Autism Spectrum Disorder	2.08	Hypothesized	Hypothesized	Hypothesized	False	fig3_chd	pcgc_sig60
MYRF	bipolar disorder	2.31	Hypothesized	Existing	Hypothesized	False	fig3_chd	pcgc_sig60
MYRF	congenital heart disease	3.94	Established	Established	Established	True	fig3_chd	pcgc_sig60
MYRF	developmental disorder	3.86	Established	Established	Established	True	fig3_chd	pcgc_sig60
MYRF	epilepsy	2.93	Existing	Existing	Existing	True	fig3_chd	pcgc_sig60
MYRF	schizophrenia	1.81	Hypothesized	Hypothesized	Hypothesized	False	fig3_chd	pcgc_sig60
MYRF	type 2 diabetes	1.5	Hypothesized	Novel	Hypothesized	False	fig3_chd	pcgc_sig60
MYT1L	Alzheimer's disease	1.86	Hypothesized	Hypothesized	Hypothesized	False	fig3_alzheimer	universe450
MYT1L	Autism Spectrum Disorder	3.83	Established	Established	Established	True	asc_ref299	
MYT1L	bipolar disorder	2.01	Hypothesized	Hypothesized	Hypothesized	False	asc_ref299	
MYT1L	congenital heart disease	1.14	Novel	Novel	Novel	False	fig3_chd	universe509
MYT1L	developmental disorder	3.94	Established	Established	Established	True	asc_ref299	
MYT1L	epilepsy	3.71	Established	Established	Established	True	asc_ref299	
MYT1L	schizophrenia	3.0	Existing	Existing	Existing	True	asc_ref299	
MYT1L	type 2 diabetes	2.87	Existing	Existing	Existing	True	asc_ref299	
NAA15	Alzheimer's disease	1.09	Novel	Novel	Novel	False	fig3_alzheimer	universe450
NAA15	Autism Spectrum Disorder	3.74	Established	Established	Established	True	asc_ref299	
NAA15	bipolar disorder	1.31	Novel	Novel	Novel	False	asc_ref299	
NAA15	congenital heart disease	3.51	Established	Established	Established	True	fig3_chd	universe509
NAA15	developmental disorder	3.97	Established	Established	Established	True	asc_ref299	
NAA15	epilepsy	3.19	Existing	Existing	Existing	True	asc_ref299	
NAA15	schizophrenia	1.51	Hypothesized	Novel	Hypothesized	False	asc_ref299	
NAA15	type 2 diabetes	2.85	Existing	Existing	Existing	True	asc_ref299	
NACC1	Alzheimer's disease	1.19	Novel	Novel	Novel	False	fig3_alzheimer	universe450
NACC1	Autism Spectrum Disorder	2.86	Existing	Existing	Existing	True	asc_ref299	
NACC1	bipolar disorder	1.37	Novel	Novel	Novel	False	asc_ref299	
NACC1	congenital heart disease	1.26	Novel	Novel	Novel	False	fig3_chd	universe509
NACC1	developmental disorder	3.92	Established	Established	Established	True	asc_ref299	
NACC1	epilepsy	3.91	Established	Established	Established	True	asc_ref299	
NACC1	schizophrenia	1.46	Novel	Novel	Novel	False	asc_ref299	
NACC1	type 2 diabetes	1.32	Novel	Novel	Novel	False	asc_ref299	
NBEA	Alzheimer's disease	2.37	Hypothesized	Existing	Hypothesized	False	fig3_alzheimer	universe450
NBEA	Autism Spectrum Disorder	3.31	Existing	Existing	Existing	True	asc_ref299	
NBEA	bipolar disorder	2.7	Existing	Existing	Existing	True	asc_ref299	
NBEA	congenital heart disease	1.19	Novel	Novel	Novel	False	fig3_chd	universe509
NBEA	developmental disorder	3.92	Established	Established	Established	True	asc_ref299	
NBEA	epilepsy	3.92	Established	Established	Established	True	asc_ref299	
NBEA	schizophrenia	2.38	Hypothesized	Existing	Hypothesized	False	asc_ref299	
NBEA	type 2 diabetes	2.59	Existing	Existing	Existing	True	asc_ref299	
NCKAP1	Alzheimer's disease	2.09	Hypothesized	Hypothesized	Hypothesized	False	fig3_alzheimer	universe450
NCKAP1	Autism Spectrum Disorder	3.72	Established	Established	Established	True	asc_ref299	
NCKAP1	bipolar disorder	1.75	Hypothesized	Hypothesized	Hypothesized	False	asc_ref299	
NCKAP1	congenital heart disease	2.88	Existing	Existing	Existing	True	fig3_chd	universe509
NCKAP1	developmental disorder	3.86	Established	Established	Established	True	asc_ref299	
NCKAP1	epilepsy	3.03	Existing	Existing	Existing	True	asc_ref299	
NCKAP1	schizophrenia	2.16	Hypothesized	Hypothesized	Hypothesized	False	asc_ref299	
NCKAP1	type 2 diabetes	1.16	Novel	Novel	Novel	False	asc_ref299	
NDUFA3	Alzheimer's disease	1.48	Novel	Novel	Novel	False	fig3_alzheimer	universe450
NDUFA3	Autism Spectrum Disorder	1.39	Novel	Novel	Novel	False	random50_ann	random50_ann
NDUFA3	bipolar disorder	1.27	Novel	Novel	Novel	False	random50_ann	random50_ann
NDUFA3	congenital heart disease	1.5	Hypothesized	Novel	Hypothesized	False	fig3_chd	universe509
NDUFA3	developmental disorder	3.42	Existing	Established	Existing	True	random50_ann	random50_ann
NDUFA3	epilepsy	2.68	Existing	Existing	Existing	True	random50_ann	random50_ann
NDUFA3	schizophrenia	1.27	Novel	Novel	Novel	False	random50_ann	random50_ann
NDUFA3	type 2 diabetes	1.49	Novel	Novel	Novel	False	random50_ann	random50_ann
NEK10	Alzheimer's disease	1.14	Novel	Novel	Novel	False	fig3_alzheimer	universe450
NEK10	Autism Spectrum Disorder	1.36	Novel	Novel	Novel	False	random50_ann	random50_ann
NEK10	bipolar disorder	1.06	Novel	Novel	Novel	False	random50_ann	random50_ann
NEK10	congenital heart disease	1.79	Hypothesized	Hypothesized	Hypothesized	False	fig3_chd	universe509
NEK10	developmental disorder	2.56	Existing	Existing	Existing	True	random50_ann	random50_ann
NEK10	epilepsy	1.22	Novel	Novel	Novel	False	random50_ann	random50_ann
NEK10	schizophrenia	1.14	Novel	Novel	Novel	False	random50_ann	random50_ann
NEK10	type 2 diabetes	1.29	Novel	Novel	Novel	False	random50_ann	random50_ann
NEXMIF	Alzheimer's disease	1.05	Novel	Novel	Novel	False	fig3_alzheimer	universe450
NEXMIF	Autism Spectrum Disorder	3.76	Established	Established	Established	True	asc_ref299	
NEXMIF	bipolar disorder	1.18	Novel	Novel	Novel	False	asc_ref299	
NEXMIF	congenital heart disease	1.17	Novel	Novel	Novel	False	fig3_chd	universe509
NEXMIF	developmental disorder	3.95	Established	Established	Established	True	asc_ref299	
NEXMIF	epilepsy	3.94	Established	Established	Established	True	asc_ref299	
NEXMIF	schizophrenia	1.42	Novel	Novel	Novel	False	asc_ref299	
NEXMIF	type 2 diabetes	2.64	Existing	Existing	Existing	True	asc_ref299	
NF1	Alzheimer's disease	2.61	Existing	Existing	Existing	True	fig3_alzheimer	universe450
NF1	Autism Spectrum Disorder	3.6	Established	Established	Established	True	asc_ref299	
NF1	bipolar disorder	2.38	Hypothesized	Existing	Hypothesized	False	asc_ref299	
NF1	congenital heart disease	3.64	Established	Established	Established	True	fig3_chd	universe509
NF1	developmental disorder	3.55	Established	Established	Established	True	asc_ref299	
NF1	epilepsy	3.26	Existing	Existing	Existing	True	asc_ref299	
NF1	schizophrenia	1.51	Hypothesized	Novel	Hypothesized	False	asc_ref299	
NF1	type 2 diabetes	2.86	Existing	Existing	Existing	True	asc_ref299	
NFIB	Alzheimer's disease	2.24	Hypothesized	Hypothesized	Hypothesized	False	fig3_alzheimer	universe450
NFIB	Autism Spectrum Disorder	3.3	Existing	Established	Existing	True	asc_ref299	
NFIB	bipolar disorder	2.42	Hypothesized	Existing	Hypothesized	False	asc_ref299	
NFIB	congenital heart disease	1.74	Hypothesized	Hypothesized	Hypothesized	False	fig3_chd	universe509
NFIB	developmental disorder	3.79	Established	Established	Established	True	asc_ref299	
NFIB	epilepsy	2.08	Hypothesized	Hypothesized	Hypothesized	False	asc_ref299	
NFIB	schizophrenia	2.43	Hypothesized	Existing	Hypothesized	False	asc_ref299	
NFIB	type 2 diabetes	1.56	Hypothesized	Novel	Hypothesized	False	asc_ref299	
NFIX	Alzheimer's disease	1.06	Novel	Novel	Novel	False	random50_ann2	random50_ann2
NFIX	Autism Spectrum Disorder	3.03	Existing	Existing	Existing	True	random50_ann2	random50_ann2
NFIX	bipolar disorder	2.87	Existing	Existing	Existing	True	random50_ann2	random50_ann2
NFIX	congenital heart disease	2.26	Hypothesized	Existing	Hypothesized	False	fig3_chd	universe509
NFIX	developmental disorder	3.95	Established	Established	Established	True	random50_ann2	random50_ann2
NFIX	epilepsy	3.11	Existing	Existing	Existing	True	random50_ann2	random50_ann2
NFIX	schizophrenia	1.48	Novel	Novel	Novel	False	random50_ann2	random50_ann2
NFIX	type 2 diabetes	1.12	Novel	Novel	Novel	False	random50_ann2	random50_ann2
NGFR	Alzheimer's disease	2.89	Existing	Existing	Existing	True	fig3_chd	pcgc_sig60
NGFR	Autism Spectrum Disorder	2.26	Hypothesized	Hypothesized	Hypothesized	False	fig3_chd	pcgc_sig60
NGFR	bipolar disorder	2.04	Hypothesized	Hypothesized	Hypothesized	False	fig3_chd	pcgc_sig60
NGFR	congenital heart disease	1.29	Novel	Novel	Novel	False	fig3_chd	pcgc_sig60
NGFR	developmental disorder	2.09	Hypothesized	Hypothesized	Hypothesized	False	fig3_chd	pcgc_sig60
NGFR	epilepsy	2.07	Hypothesized	Hypothesized	Hypothesized	False	fig3_chd	pcgc_sig60
NGFR	schizophrenia	2.99	Existing	Existing	Existing	True	fig3_chd	pcgc_sig60
NGFR	type 2 diabetes	2.17	Hypothesized	Hypothesized	Hypothesized	False	fig3_chd	pcgc_sig60
NKX2-5	Alzheimer's disease	1.17	Novel	Novel	Novel	False	fig3_chd	pcgc_sig60
NKX2-5	Autism Spectrum Disorder	1.06	Novel	Novel	Novel	False	fig3_chd	pcgc_sig60
NKX2-5	bipolar disorder	1.06	Novel	Novel	Novel	False	fig3_chd	pcgc_sig60
NKX2-5	congenital heart disease	3.95	Established	Established	Established	True	fig3_chd	pcgc_sig60
NKX2-5	developmental disorder	3.41	Existing	Established	Existing	True	fig3_chd	pcgc_sig60
NKX2-5	epilepsy	1.12	Novel	Novel	Novel	False	fig3_chd	pcgc_sig60
NKX2-5	schizophrenia	1.14	Novel	Novel	Novel	False	fig3_chd	pcgc_sig60
NKX2-5	type 2 diabetes	1.43	Novel	Novel	Novel	False	fig3_chd	pcgc_sig60
NLGN2	Alzheimer's disease	2.07	Hypothesized	Hypothesized	Hypothesized	False	fig3_alzheimer	universe450
NLGN2	Autism Spectrum Disorder	2.78	Existing	Existing	Existing	True	asc_ref299	
NLGN2	bipolar disorder	2.14	Hypothesized	Hypothesized	Hypothesized	False	asc_ref299	
NLGN2	congenital heart disease	1.17	Novel	Novel	Novel	False	fig3_chd	universe509
NLGN2	developmental disorder	3.13	Existing	Existing	Existing	True	asc_ref299	
NLGN2	epilepsy	2.76	Existing	Existing	Existing	True	asc_ref299	
NLGN2	schizophrenia	2.81	Existing	Existing	Existing	True	asc_ref299	
NLGN2	type 2 diabetes	2.41	Hypothesized	Existing	Hypothesized	False	asc_ref299	
NODAL	Alzheimer's disease	1.19	Novel	Novel	Novel	False	fig3_chd	pcgc_sig60
NODAL	Autism Spectrum Disorder	1.63	Hypothesized	Novel	Hypothesized	False	fig3_chd	pcgc_sig60
NODAL	bipolar disorder	1.8	Hypothesized	Hypothesized	Hypothesized	False	fig3_chd	pcgc_sig60
NODAL	congenital heart disease	3.83	Established	Established	Established	True	fig3_chd	pcgc_sig60
NODAL	developmental disorder	3.34	Existing	Established	Existing	True	fig3_chd	pcgc_sig60
NODAL	epilepsy	1.65	Hypothesized	Novel	Hypothesized	False	fig3_chd	pcgc_sig60
NODAL	schizophrenia	1.44	Novel	Novel	Novel	False	fig3_chd	pcgc_sig60
NODAL	type 2 diabetes	1.69	Hypothesized	Hypothesized	Hypothesized	False	fig3_chd	pcgc_sig60
NOL4L	Alzheimer's disease	1.14	Novel	Novel	Novel	False	fig3_alzheimer	universe450
NOL4L	Autism Spectrum Disorder	1.33	Novel	Novel	Novel	False	asd_extra101	random
NOL4L	bipolar disorder	1.22	Novel	Novel	Novel	False	fig3_four_phenos	
NOL4L	congenital heart disease	1.41	Novel	Novel	Novel	False	fig3_chd	universe509
NOL4L	developmental disorder	1.36	Novel	Novel	Novel	False	fig3_four_phenos	
NOL4L	epilepsy	1.22	Novel	Novel	Novel	False	fig3_four_phenos	
NOL4L	schizophrenia	1.22	Novel	Novel	Novel	False	scz_extra101	random
NOL4L	type 2 diabetes	1.12	Novel	Novel	Novel	False	fig3_four_phenos	
NOTCH1	Alzheimer's disease	2.18	Hypothesized	Hypothesized	Hypothesized	False	fig3_chd	pcgc_sig60
NOTCH1	Autism Spectrum Disorder	2.2	Hypothesized	Hypothesized	Hypothesized	False	fig3_chd	pcgc_sig60
NOTCH1	bipolar disorder	2.17	Hypothesized	Hypothesized	Hypothesized	False	fig3_chd	pcgc_sig60
NOTCH1	congenital heart disease	3.92	Established	Established	Established	True	fig3_chd	pcgc_sig60
NOTCH1	developmental disorder	3.81	Established	Established	Established	True	fig3_chd	pcgc_sig60
NOTCH1	epilepsy	2.69	Existing	Existing	Existing	True	fig3_chd	pcgc_sig60
NOTCH1	schizophrenia	2.35	Hypothesized	Hypothesized	Hypothesized	False	fig3_chd	pcgc_sig60
NOTCH1	type 2 diabetes	2.48	Hypothesized	Existing	Hypothesized	False	fig3_chd	pcgc_sig60
NPHS2	Alzheimer's disease	1.12	Novel	Novel	Novel	False	fig3_alzheimer	universe450
NPHS2	Autism Spectrum Disorder	1.02	Novel	Novel	Novel	False	random50_ann	random50_ann
NPHS2	bipolar disorder	1.04	Novel	Novel	Novel	False	random50_ann	random50_ann
NPHS2	congenital heart disease	2.99	Existing	Existing	Existing	True	fig3_chd	universe509
NPHS2	developmental disorder	1.52	Hypothesized	Novel	Hypothesized	False	random50_ann	random50_ann
NPHS2	epilepsy	1.59	Hypothesized	Novel	Hypothesized	False	random50_ann	random50_ann
NPHS2	schizophrenia	1.12	Novel	Novel	Novel	False	random50_ann	random50_ann
NPHS2	type 2 diabetes	1.96	Hypothesized	Hypothesized	Hypothesized	False	random50_ann	random50_ann
NPRL3	Alzheimer's disease	1.09	Novel	Novel	Novel	False	fig3_alzheimer	universe450
NPRL3	Autism Spectrum Disorder	2.12	Hypothesized	Hypothesized	Hypothesized	False	asc_ref299	
NPRL3	bipolar disorder	1.36	Novel	Novel	Novel	False	asc_ref299	
NPRL3	congenital heart disease	1.32	Novel	Novel	Novel	False	fig3_chd	universe509
NPRL3	developmental disorder	3.54	Established	Established	Established	True	asc_ref299	
NPRL3	epilepsy	3.94	Established	Established	Established	True	asc_ref299	
NPRL3	schizophrenia	1.17	Novel	Novel	Novel	False	asc_ref299	
NPRL3	type 2 diabetes	1.37	Novel	Novel	Novel	False	asc_ref299	
NPTX1	Alzheimer's disease	2.34	Hypothesized	Hypothesized	Hypothesized	False	fig3_alzheimer	universe450
NPTX1	Autism Spectrum Disorder	2.25	Hypothesized	Hypothesized	Hypothesized	False	asd_extra101	random
NPTX1	bipolar disorder	2.02	Hypothesized	Hypothesized	Hypothesized	False	fig3_four_phenos	
NPTX1	congenital heart disease	1.09	Novel	Novel	Novel	False	fig3_chd	universe509
NPTX1	developmental disorder	3.03	Existing	Existing	Existing	True	fig3_four_phenos	
NPTX1	epilepsy	1.99	Hypothesized	Hypothesized	Hypothesized	False	fig3_four_phenos	
NPTX1	schizophrenia	2.22	Hypothesized	Hypothesized	Hypothesized	False	scz_extra101	random
NPTX1	type 2 diabetes	1.92	Hypothesized	Hypothesized	Hypothesized	False	fig3_four_phenos	
NR2F1	Alzheimer's disease	1.8	Hypothesized	Hypothesized	Hypothesized	False	fig3_alzheimer	universe450
NR2F1	Autism Spectrum Disorder	3.54	Established	Established	Established	True	asc_ref299	
NR2F1	bipolar disorder	1.27	Novel	Novel	Novel	False	asc_ref299	
NR2F1	congenital heart disease	1.26	Novel	Novel	Novel	False	fig3_chd	universe509
NR2F1	developmental disorder	3.95	Established	Established	Established	True	asc_ref299	
NR2F1	epilepsy	3.86	Established	Established	Established	True	asc_ref299	
NR2F1	schizophrenia	1.44	Novel	Novel	Novel	False	asc_ref299	
NR2F1	type 2 diabetes	2.15	Hypothesized	Hypothesized	Hypothesized	False	asc_ref299	
NR2F6	Alzheimer's disease	2.09	Hypothesized	Hypothesized	Hypothesized	False	fig3_alzheimer	universe450
NR2F6	Autism Spectrum Disorder	1.64	Hypothesized	Hypothesized	Hypothesized	False	extra50_random	random50
NR2F6	bipolar disorder	1.87	Hypothesized	Hypothesized	Hypothesized	False	fig3_four_phenos	
NR2F6	congenital heart disease	1.41	Novel	Novel	Novel	False	fig3_chd	universe509
NR2F6	developmental disorder	2.04	Hypothesized	Hypothesized	Hypothesized	False	fig3_four_phenos	
NR2F6	epilepsy	1.32	Novel	Novel	Novel	False	fig3_four_phenos	
NR2F6	schizophrenia	2.54	Existing	Existing	Existing	True	extra50_random	random50
NR2F6	type 2 diabetes	1.17	Novel	Novel	Novel	False	fig3_four_phenos	
NR3C2	Alzheimer's disease	2.52	Existing	Existing	Existing	True	fig3_alzheimer	universe450
NR3C2	Autism Spectrum Disorder	3.0	Existing	Existing	Existing	True	asc_ref299	
NR3C2	bipolar disorder	2.69	Existing	Existing	Existing	True	asc_ref299	
NR3C2	congenital heart disease	1.26	Novel	Novel	Novel	False	fig3_chd	universe509
NR3C2	developmental disorder	2.84	Existing	Existing	Existing	True	asc_ref299	
NR3C2	epilepsy	1.59	Hypothesized	Novel	Hypothesized	False	asc_ref299	
NR3C2	schizophrenia	2.79	Existing	Existing	Existing	True	asc_ref299	
NR3C2	type 2 diabetes	2.29	Hypothesized	Hypothesized	Hypothesized	False	asc_ref299	
NR4A2	Alzheimer's disease	2.15	Hypothesized	Hypothesized	Hypothesized	False	fig3_alzheimer	universe450
NR4A2	Autism Spectrum Disorder	3.21	Existing	Existing	Existing	True	asc_ref299	
NR4A2	bipolar disorder	2.55	Existing	Existing	Existing	True	asc_ref299	
NR4A2	congenital heart disease	1.67	Hypothesized	Novel	Hypothesized	False	fig3_chd	universe509
NR4A2	developmental disorder	3.92	Established	Established	Established	True	asc_ref299	
NR4A2	epilepsy	3.73	Established	Established	Established	True	asc_ref299	
NR4A2	schizophrenia	2.84	Existing	Existing	Existing	True	asc_ref299	
NR4A2	type 2 diabetes	2.24	Hypothesized	Hypothesized	Hypothesized	False	asc_ref299	
NR6A1	Alzheimer's disease	1.86	Hypothesized	Hypothesized	Hypothesized	False	fig3_chd	pcgc_sig60
NR6A1	Autism Spectrum Disorder	1.59	Hypothesized	Novel	Hypothesized	False	fig3_chd	pcgc_sig60
NR6A1	bipolar disorder	1.11	Novel	Novel	Novel	False	fig3_chd	pcgc_sig60
NR6A1	congenital heart disease	1.97	Hypothesized	Hypothesized	Hypothesized	False	fig3_chd	pcgc_sig60
NR6A1	developmental disorder	3.82	Established	Established	Established	True	fig3_chd	pcgc_sig60
NR6A1	epilepsy	1.41	Novel	Novel	Novel	False	fig3_chd	pcgc_sig60
NR6A1	schizophrenia	1.89	Hypothesized	Hypothesized	Hypothesized	False	fig3_chd	pcgc_sig60
NR6A1	type 2 diabetes	1.09	Novel	Novel	Novel	False	fig3_chd	pcgc_sig60
NRXN1	Alzheimer's disease	2.51	Existing	Existing	Existing	True	fig3_alzheimer	universe450
NRXN1	Autism Spectrum Disorder	3.63	Established	Established	Established	True	asc_ref299	
NRXN1	bipolar disorder	2.77	Existing	Existing	Existing	True	asc_ref299	
NRXN1	congenital heart disease	1.62	Hypothesized	Novel	Hypothesized	False	fig3_chd	universe509
NRXN1	developmental disorder	3.66	Established	Established	Established	True	asc_ref299	
NRXN1	epilepsy	3.46	Existing	Established	Existing	True	asc_ref299	
NRXN1	schizophrenia	3.47	Existing	Established	Existing	True	asc_ref299	
NRXN1	type 2 diabetes	1.91	Hypothesized	Hypothesized	Hypothesized	False	asc_ref299	
NRXN3	Alzheimer's disease	2.83	Existing	Existing	Existing	True	fig3_alzheimer	universe450
NRXN3	Autism Spectrum Disorder	3.07	Existing	Existing	Existing	True	asc_ref299	
NRXN3	bipolar disorder	2.59	Existing	Existing	Existing	True	asc_ref299	
NRXN3	congenital heart disease	2.48	Hypothesized	Existing	Hypothesized	False	fig3_chd	universe509
NRXN3	developmental disorder	3.08	Existing	Existing	Existing	True	asc_ref299	
NRXN3	epilepsy	2.7	Existing	Existing	Existing	True	asc_ref299	
NRXN3	schizophrenia	2.85	Existing	Existing	Existing	True	asc_ref299	
NRXN3	type 2 diabetes	2.68	Existing	Existing	Existing	True	asc_ref299	
NSD1	Alzheimer's disease	1.19	Novel	Novel	Novel	False	fig3_alzheimer	universe450
NSD1	Autism Spectrum Disorder	3.38	Existing	Established	Existing	True	asc_ref299	
NSD1	bipolar disorder	1.27	Novel	Novel	Novel	False	asc_ref299	
NSD1	congenital heart disease	3.59	Established	Established	Established	True	fig3_chd	universe509
NSD1	developmental disorder	3.97	Established	Established	Established	True	asc_ref299	
NSD1	epilepsy	3.58	Established	Established	Established	True	asc_ref299	
NSD1	schizophrenia	1.53	Hypothesized	Novel	Hypothesized	False	asc_ref299	
NSD1	type 2 diabetes	1.25	Novel	Novel	Novel	False	asc_ref299	
NSD2	Alzheimer's disease	1.11	Novel	Novel	Novel	False	fig3_alzheimer	universe450
NSD2	Autism Spectrum Disorder	3.08	Existing	Existing	Existing	True	asc_ref299	
NSD2	bipolar disorder	1.17	Novel	Novel	Novel	False	asc_ref299	
NSD2	congenital heart disease	2.87	Existing	Existing	Existing	True	fig3_chd	universe509
NSD2	developmental disorder	3.94	Established	Established	Established	True	asc_ref299	
NSD2	epilepsy	2.34	Hypothesized	Existing	Hypothesized	False	asc_ref299	
NSD2	schizophrenia	2.75	Existing	Existing	Existing	True	asc_ref299	
NSD2	type 2 diabetes	2.12	Hypothesized	Hypothesized	Hypothesized	False	asc_ref299	
NTPCR	Alzheimer's disease	1.12	Novel	Novel	Novel	False	fig3_alzheimer	universe450
NTPCR	Autism Spectrum Disorder	1.13	Novel	Novel	Novel	False	extra50_random	random50
NTPCR	bipolar disorder	1.09	Novel	Novel	Novel	False	fig3_four_phenos	
NTPCR	congenital heart disease	1.14	Novel	Novel	Novel	False	fig3_chd	universe509
NTPCR	developmental disorder	1.41	Novel	Novel	Novel	False	fig3_four_phenos	
NTPCR	epilepsy	1.09	Novel	Novel	Novel	False	fig3_four_phenos	
NTPCR	schizophrenia	1.09	Novel	Novel	Novel	False	extra50_random	random50
NTPCR	type 2 diabetes	1.12	Novel	Novel	Novel	False	fig3_four_phenos	
OGA	Alzheimer's disease	2.07	Hypothesized	Hypothesized	Hypothesized	False	random50_ann2	random50_ann2
OGA	Autism Spectrum Disorder	2.01	Hypothesized	Hypothesized	Hypothesized	False	random50_ann2	random50_ann2
OGA	bipolar disorder	1.31	Novel	Novel	Novel	False	random50_ann2	random50_ann2
OGA	congenital heart disease	1.61	Hypothesized	Novel	Hypothesized	False	fig3_chd	universe509
OGA	developmental disorder	2.12	Hypothesized	Hypothesized	Hypothesized	False	random50_ann2	random50_ann2
OGA	epilepsy	2.09	Hypothesized	Hypothesized	Hypothesized	False	random50_ann2	random50_ann2
OGA	schizophrenia	1.45	Novel	Novel	Novel	False	random50_ann2	random50_ann2
OGA	type 2 diabetes	2.79	Existing	Existing	Existing	True	random50_ann2	random50_ann2
OR10G9	Alzheimer's disease	1.13	Novel	Novel	Novel	False	fig3_alzheimer	universe450
OR10G9	Autism Spectrum Disorder	1.13	Novel	Novel	Novel	False	random50_ann	random50_ann
OR10G9	bipolar disorder	1.13	Novel	Novel	Novel	False	random50_ann	random50_ann
OR10G9	congenital heart disease	1.07	Novel	Novel	Novel	False	fig3_chd	universe509
OR10G9	developmental disorder	1.07	Novel	Novel	Novel	False	random50_ann	random50_ann
OR10G9	epilepsy	1.09	Novel	Novel	Novel	False	random50_ann	random50_ann
OR10G9	schizophrenia	1.09	Novel	Novel	Novel	False	random50_ann	random50_ann
OR10G9	type 2 diabetes	1.09	Novel	Novel	Novel	False	random50_ann	random50_ann
OR4K17	Alzheimer's disease	1.09	Novel	Novel	Novel	False	random50_ann2	random50_ann2
OR4K17	Autism Spectrum Disorder	1.08	Novel	Novel	Novel	False	random50_ann2	random50_ann2
OR4K17	bipolar disorder	1.07	Novel	Novel	Novel	False	random50_ann2	random50_ann2
OR4K17	congenital heart disease	1.07	Novel	Novel	Novel	False	fig3_chd	universe509
OR4K17	developmental disorder	1.05	Novel	Novel	Novel	False	random50_ann2	random50_ann2
OR4K17	epilepsy	1.07	Novel	Novel	Novel	False	random50_ann2	random50_ann2
OR4K17	schizophrenia	1.09	Novel	Novel	Novel	False	random50_ann2	random50_ann2
OR4K17	type 2 diabetes	1.07	Novel	Novel	Novel	False	random50_ann2	random50_ann2
OR8G5	Alzheimer's disease	1.13	Novel	Novel	Novel	False	random50_ann2	random50_ann2
OR8G5	Autism Spectrum Disorder	1.13	Novel	Novel	Novel	False	random50_ann2	random50_ann2
OR8G5	bipolar disorder	1.13	Novel	Novel	Novel	False	random50_ann2	random50_ann2
OR8G5	congenital heart disease	1.07	Novel	Novel	Novel	False	fig3_chd	universe509
OR8G5	developmental disorder	1.07	Novel	Novel	Novel	False	random50_ann2	random50_ann2
OR8G5	epilepsy	1.07	Novel	Novel	Novel	False	random50_ann2	random50_ann2
OR8G5	schizophrenia	1.09	Novel	Novel	Novel	False	random50_ann2	random50_ann2
OR8G5	type 2 diabetes	1.13	Novel	Novel	Novel	False	random50_ann2	random50_ann2
PACS1	Alzheimer's disease	1.25	Novel	Novel	Novel	False	fig3_alzheimer	universe450
PACS1	Autism Spectrum Disorder	3.47	Existing	Established	Existing	True	asc_ref299	
PACS1	bipolar disorder	2.77	Existing	Existing	Existing	True	asc_ref299	
PACS1	congenital heart disease	3.78	Established	Established	Established	True	fig3_chd	universe509
PACS1	developmental disorder	3.95	Established	Established	Established	True	asc_ref299	
PACS1	epilepsy	3.78	Established	Established	Established	True	asc_ref299	
PACS1	schizophrenia	1.55	Hypothesized	Novel	Hypothesized	False	asc_ref299	
PACS1	type 2 diabetes	1.06	Novel	Novel	Novel	False	asc_ref299	
PAX3	Alzheimer's disease	2.46	Hypothesized	Existing	Hypothesized	False	fig3_alzheimer	universe450
PAX3	Autism Spectrum Disorder	2.45	Hypothesized	Existing	Hypothesized	False	random50_ann	random50_ann
PAX3	bipolar disorder	1.56	Hypothesized	Novel	Hypothesized	False	random50_ann	random50_ann
PAX3	congenital heart disease	2.37	Hypothesized	Hypothesized	Hypothesized	False	fig3_chd	universe509
PAX3	developmental disorder	3.84	Established	Established	Established	True	random50_ann	random50_ann
PAX3	epilepsy	1.81	Hypothesized	Hypothesized	Hypothesized	False	random50_ann	random50_ann
PAX3	schizophrenia	1.16	Novel	Novel	Novel	False	random50_ann	random50_ann
PAX3	type 2 diabetes	1.69	Hypothesized	Hypothesized	Hypothesized	False	random50_ann	random50_ann
PBX1	Alzheimer's disease	2.09	Hypothesized	Hypothesized	Hypothesized	False	fig3_alzheimer	universe450
PBX1	Autism Spectrum Disorder	2.17	Hypothesized	Hypothesized	Hypothesized	False	asc_ref299	
PBX1	bipolar disorder	1.17	Novel	Novel	Novel	False	asc_ref299	
PBX1	congenital heart disease	3.72	Established	Established	Established	True	fig3_chd	universe509
PBX1	developmental disorder	3.94	Established	Established	Established	True	asc_ref299	
PBX1	epilepsy	1.49	Novel	Novel	Novel	False	asc_ref299	
PBX1	schizophrenia	1.41	Novel	Novel	Novel	False	asc_ref299	
PBX1	type 2 diabetes	2.73	Existing	Existing	Existing	True	asc_ref299	
PCBD1	Alzheimer's disease	1.17	Novel	Novel	Novel	False	fig3_alzheimer	universe450
PCBD1	Autism Spectrum Disorder	1.49	Novel	Novel	Novel	False	asd_extra101	random
PCBD1	bipolar disorder	1.28	Novel	Novel	Novel	False	fig3_four_phenos	
PCBD1	congenital heart disease	1.2	Novel	Novel	Novel	False	fig3_chd	universe509
PCBD1	developmental disorder	3.03	Existing	Existing	Existing	True	fig3_four_phenos	
PCBD1	epilepsy	2.36	Hypothesized	Existing	Hypothesized	False	fig3_four_phenos	
PCBD1	schizophrenia	1.31	Novel	Novel	Novel	False	scz_extra101	random
PCBD1	type 2 diabetes	3.13	Existing	Existing	Existing	True	fig3_four_phenos	
PCBP3	Alzheimer's disease	2.03	Hypothesized	Hypothesized	Hypothesized	False	fig3_chd	pcgc_sig60
PCBP3	Autism Spectrum Disorder	1.45	Novel	Novel	Novel	False	fig3_chd	pcgc_sig60
PCBP3	bipolar disorder	1.33	Novel	Novel	Novel	False	fig3_chd	pcgc_sig60
PCBP3	congenital heart disease	1.36	Novel	Novel	Novel	False	fig3_chd	pcgc_sig60
PCBP3	developmental disorder	1.97	Hypothesized	Hypothesized	Hypothesized	False	fig3_chd	pcgc_sig60
PCBP3	epilepsy	1.35	Novel	Novel	Novel	False	fig3_chd	pcgc_sig60
PCBP3	schizophrenia	1.57	Hypothesized	Novel	Hypothesized	False	fig3_chd	pcgc_sig60
PCBP3	type 2 diabetes	1.45	Novel	Novel	Novel	False	fig3_chd	pcgc_sig60
PCDH19	Alzheimer's disease	1.27	Novel	Novel	Novel	False	fig3_alzheimer	universe450
PCDH19	Autism Spectrum Disorder	3.52	Established	Established	Established	True	asc_ref299	
PCDH19	bipolar disorder	1.41	Novel	Novel	Novel	False	asc_ref299	
PCDH19	congenital heart disease	1.14	Novel	Novel	Novel	False	fig3_chd	universe509
PCDH19	developmental disorder	3.92	Established	Established	Established	True	asc_ref299	
PCDH19	epilepsy	3.95	Established	Established	Established	True	asc_ref299	
PCDH19	schizophrenia	3.03	Existing	Existing	Existing	True	asc_ref299	
PCDH19	type 2 diabetes	1.05	Novel	Novel	Novel	False	asc_ref299	
PCDHA3	Alzheimer's disease	1.14	Novel	Novel	Novel	False	random50_ann2	random50_ann2
PCDHA3	Autism Spectrum Disorder	1.73	Hypothesized	Hypothesized	Hypothesized	False	random50_ann2	random50_ann2
PCDHA3	bipolar disorder	1.65	Hypothesized	Novel	Hypothesized	False	random50_ann2	random50_ann2
PCDHA3	congenital heart disease	1.06	Novel	Novel	Novel	False	fig3_chd	universe509
PCDHA3	developmental disorder	2.04	Hypothesized	Hypothesized	Hypothesized	False	random50_ann2	random50_ann2
PCDHA3	epilepsy	1.45	Novel	Novel	Novel	False	random50_ann2	random50_ann2
PCDHA3	schizophrenia	2.8	Existing	Existing	Existing	True	random50_ann2	random50_ann2
PCDHA3	type 2 diabetes	1.13	Novel	Novel	Novel	False	random50_ann2	random50_ann2
PCLO	Alzheimer's disease	1.94	Hypothesized	Hypothesized	Hypothesized	False	fig3_alzheimer	universe450
PCLO	Autism Spectrum Disorder	2.73	Existing	Existing	Existing	True	asc_ref299	
PCLO	bipolar disorder	2.93	Existing	Existing	Existing	True	asc_ref299	
PCLO	congenital heart disease	1.06	Novel	Novel	Novel	False	fig3_chd	universe509
PCLO	developmental disorder	3.75	Established	Established	Established	True	asc_ref299	
PCLO	epilepsy	3.7	Established	Established	Established	True	asc_ref299	
PCLO	schizophrenia	3.21	Existing	Existing	Existing	True	asc_ref299	
PCLO	type 2 diabetes	2.79	Existing	Existing	Existing	True	asc_ref299	
PCNX3	Alzheimer's disease	1.13	Novel	Novel	Novel	False	fig3_alzheimer	universe450
PCNX3	Autism Spectrum Disorder	1.13	Novel	Novel	Novel	False	asc_ref299	
PCNX3	bipolar disorder	1.13	Novel	Novel	Novel	False	asc_ref299	
PCNX3	congenital heart disease	1.37	Novel	Novel	Novel	False	fig3_chd	universe509
PCNX3	developmental disorder	1.37	Novel	Novel	Novel	False	asc_ref299	
PCNX3	epilepsy	1.37	Novel	Novel	Novel	False	asc_ref299	
PCNX3	schizophrenia	1.13	Novel	Novel	Novel	False	asc_ref299	
PCNX3	type 2 diabetes	1.23	Novel	Novel	Novel	False	asc_ref299	
PHB2	Alzheimer's disease	2.09	Hypothesized	Hypothesized	Hypothesized	False	fig3_alzheimer	universe450
PHB2	Autism Spectrum Disorder	1.98	Hypothesized	Hypothesized	Hypothesized	False	asd_extra101	random
PHB2	bipolar disorder	1.17	Novel	Novel	Novel	False	fig3_four_phenos	
PHB2	congenital heart disease	1.29	Novel	Novel	Novel	False	fig3_chd	universe509
PHB2	developmental disorder	1.98	Hypothesized	Hypothesized	Hypothesized	False	fig3_four_phenos	
PHB2	epilepsy	1.93	Hypothesized	Hypothesized	Hypothesized	False	fig3_four_phenos	
PHB2	schizophrenia	2.07	Hypothesized	Hypothesized	Hypothesized	False	scz_extra101	random
PHB2	type 2 diabetes	2.07	Hypothesized	Hypothesized	Hypothesized	False	fig3_four_phenos	
PHF11	Alzheimer's disease	1.17	Novel	Novel	Novel	False	random50_ann2	random50_ann2
PHF11	Autism Spectrum Disorder	1.08	Novel	Novel	Novel	False	random50_ann2	random50_ann2
PHF11	bipolar disorder	1.06	Novel	Novel	Novel	False	random50_ann2	random50_ann2
PHF11	congenital heart disease	1.06	Novel	Novel	Novel	False	fig3_chd	universe509
PHF11	developmental disorder	1.4	Novel	Novel	Novel	False	random50_ann2	random50_ann2
PHF11	epilepsy	1.06	Novel	Novel	Novel	False	random50_ann2	random50_ann2
PHF11	schizophrenia	1.12	Novel	Novel	Novel	False	random50_ann2	random50_ann2
PHF11	type 2 diabetes	1.06	Novel	Novel	Novel	False	random50_ann2	random50_ann2
PHF12	Alzheimer's disease	1.06	Novel	Novel	Novel	False	fig3_alzheimer	universe450
PHF12	Autism Spectrum Disorder	1.17	Novel	Novel	Novel	False	asc_ref299	
PHF12	bipolar disorder	1.06	Novel	Novel	Novel	False	asc_ref299	
PHF12	congenital heart disease	1.17	Novel	Novel	Novel	False	fig3_chd	universe509
PHF12	developmental disorder	1.5	Hypothesized	Novel	Hypothesized	False	asc_ref299	
PHF12	epilepsy	1.06	Novel	Novel	Novel	False	asc_ref299	
PHF12	schizophrenia	1.12	Novel	Novel	Novel	False	asc_ref299	
PHF12	type 2 diabetes	1.12	Novel	Novel	Novel	False	asc_ref299	
PHF2	Alzheimer's disease	2.05	Hypothesized	Hypothesized	Hypothesized	False	fig3_alzheimer	universe450
PHF2	Autism Spectrum Disorder	1.95	Hypothesized	Hypothesized	Hypothesized	False	asc_ref299	
PHF2	bipolar disorder	1.94	Hypothesized	Hypothesized	Hypothesized	False	asc_ref299	
PHF2	congenital heart disease	1.17	Novel	Novel	Novel	False	fig3_chd	universe509
PHF2	developmental disorder	2.13	Hypothesized	Hypothesized	Hypothesized	False	asc_ref299	
PHF2	epilepsy	1.45	Novel	Novel	Novel	False	asc_ref299	
PHF2	schizophrenia	2.6	Existing	Existing	Existing	True	asc_ref299	
PHF2	type 2 diabetes	2.92	Existing	Existing	Existing	True	asc_ref299	
PHF21A	Alzheimer's disease	1.17	Novel	Novel	Novel	False	fig3_alzheimer	universe450
PHF21A	Autism Spectrum Disorder	3.29	Existing	Existing	Existing	True	asc_ref299	
PHF21A	bipolar disorder	1.36	Novel	Novel	Novel	False	asc_ref299	
PHF21A	congenital heart disease	2.62	Existing	Existing	Existing	True	fig3_chd	universe509
PHF21A	developmental disorder	3.94	Established	Established	Established	True	asc_ref299	
PHF21A	epilepsy	3.73	Established	Established	Established	True	asc_ref299	
PHF21A	schizophrenia	1.74	Hypothesized	Hypothesized	Hypothesized	False	asc_ref299	
PHF21A	type 2 diabetes	1.99	Hypothesized	Hypothesized	Hypothesized	False	asc_ref299	
PHIP	Alzheimer's disease	1.08	Novel	Novel	Novel	False	fig3_alzheimer	universe450
PHIP	Autism Spectrum Disorder	3.36	Existing	Established	Existing	True	asc_ref299	
PHIP	bipolar disorder	1.8	Hypothesized	Novel	Hypothesized	False	asc_ref299	
PHIP	congenital heart disease	1.71	Hypothesized	Novel	Hypothesized	False	fig3_chd	universe509
PHIP	developmental disorder	3.95	Established	Established	Established	True	asc_ref299	
PHIP	epilepsy	2.28	Hypothesized	Existing	Hypothesized	False	asc_ref299	
PHIP	schizophrenia	1.36	Novel	Novel	Novel	False	asc_ref299	
PHIP	type 2 diabetes	2.51	Existing	Existing	Existing	True	asc_ref299	
PIGK	Alzheimer's disease	1.24	Novel	Novel	Novel	False	fig3_alzheimer	universe450
PIGK	Autism Spectrum Disorder	2.31	Hypothesized	Existing	Hypothesized	False	random50_ann	random50_ann
PIGK	bipolar disorder	1.24	Novel	Novel	Novel	False	random50_ann	random50_ann
PIGK	congenital heart disease	1.41	Novel	Novel	Novel	False	fig3_chd	universe509
PIGK	developmental disorder	3.94	Established	Established	Established	True	random50_ann	random50_ann
PIGK	epilepsy	3.9	Established	Established	Established	True	random50_ann	random50_ann
PIGK	schizophrenia	1.41	Novel	Novel	Novel	False	random50_ann	random50_ann
PIGK	type 2 diabetes	1.24	Novel	Novel	Novel	False	random50_ann	random50_ann
PIK3R5	Alzheimer's disease	2.77	Existing	Existing	Existing	True	fig3_alzheimer	universe450
PIK3R5	Autism Spectrum Disorder	1.41	Novel	Novel	Novel	False	extra50_random	random50
PIK3R5	bipolar disorder	1.17	Novel	Novel	Novel	False	fig3_four_phenos	
PIK3R5	congenital heart disease	1.22	Novel	Novel	Novel	False	fig3_chd	universe509
PIK3R5	developmental disorder	2.66	Existing	Existing	Existing	True	fig3_four_phenos	
PIK3R5	epilepsy	1.51	Hypothesized	Novel	Hypothesized	False	fig3_four_phenos	
PIK3R5	schizophrenia	1.28	Novel	Novel	Novel	False	extra50_random	random50
PIK3R5	type 2 diabetes	1.96	Hypothesized	Hypothesized	Hypothesized	False	fig3_four_phenos	
PLA2G12A	Alzheimer's disease	2.47	Hypothesized	Existing	Hypothesized	False	random50_ann2	random50_ann2
PLA2G12A	Autism Spectrum Disorder	2.12	Hypothesized	Hypothesized	Hypothesized	False	random50_ann2	random50_ann2
PLA2G12A	bipolar disorder	2.04	Hypothesized	Hypothesized	Hypothesized	False	random50_ann2	random50_ann2
PLA2G12A	congenital heart disease	1.17	Novel	Novel	Novel	False	fig3_chd	universe509
PLA2G12A	developmental disorder	1.65	Hypothesized	Novel	Hypothesized	False	random50_ann2	random50_ann2
PLA2G12A	epilepsy	1.35	Novel	Novel	Novel	False	random50_ann2	random50_ann2
PLA2G12A	schizophrenia	3.0	Existing	Existing	Existing	True	random50_ann2	random50_ann2
PLA2G12A	type 2 diabetes	2.77	Existing	Existing	Existing	True	random50_ann2	random50_ann2
PLB1	Alzheimer's disease	1.14	Novel	Novel	Novel	False	fig3_alzheimer	universe450
PLB1	Autism Spectrum Disorder	1.1	Novel	Novel	Novel	False	asd_extra101	random
PLB1	bipolar disorder	1.11	Novel	Novel	Novel	False	fig3_four_phenos	
PLB1	congenital heart disease	1.2	Novel	Novel	Novel	False	fig3_chd	universe509
PLB1	developmental disorder	1.14	Novel	Novel	Novel	False	fig3_four_phenos	
PLB1	epilepsy	1.06	Novel	Novel	Novel	False	fig3_four_phenos	
PLB1	schizophrenia	1.12	Novel	Novel	Novel	False	scz_extra101	random
PLB1	type 2 diabetes	1.71	Hypothesized	Novel	Hypothesized	False	fig3_four_phenos	
PLOD3	Alzheimer's disease	2.07	Hypothesized	Hypothesized	Hypothesized	False	fig3_alzheimer	universe450
PLOD3	Autism Spectrum Disorder	1.5	Hypothesized	Novel	Hypothesized	False	asd_extra101	random
PLOD3	bipolar disorder	1.32	Novel	Novel	Novel	False	fig3_four_phenos	
PLOD3	congenital heart disease	2.41	Hypothesized	Existing	Hypothesized	False	fig3_chd	universe509
PLOD3	developmental disorder	3.68	Established	Established	Established	True	fig3_four_phenos	
PLOD3	epilepsy	2.69	Existing	Existing	Existing	True	fig3_four_phenos	
PLOD3	schizophrenia	1.31	Novel	Novel	Novel	False	scz_extra101	random
PLOD3	type 2 diabetes	2.04	Hypothesized	Hypothesized	Hypothesized	False	fig3_four_phenos	
PLPP4	Alzheimer's disease	1.12	Novel	Novel	Novel	False	fig3_alzheimer	universe450
PLPP4	Autism Spectrum Disorder	1.23	Novel	Novel	Novel	False	random50_ann	random50_ann
PLPP4	bipolar disorder	1.34	Novel	Novel	Novel	False	random50_ann	random50_ann
PLPP4	congenital heart disease	1.05	Novel	Novel	Novel	False	fig3_chd	universe509
PLPP4	developmental disorder	1.23	Novel	Novel	Novel	False	random50_ann	random50_ann
PLPP4	epilepsy	1.92	Hypothesized	Hypothesized	Hypothesized	False	random50_ann	random50_ann
PLPP4	schizophrenia	1.23	Novel	Novel	Novel	False	random50_ann	random50_ann
PLPP4	type 2 diabetes	1.08	Novel	Novel	Novel	False	random50_ann	random50_ann
PLXNA1	Alzheimer's disease	2.19	Hypothesized	Hypothesized	Hypothesized	False	fig3_alzheimer	universe450
PLXNA1	Autism Spectrum Disorder	2.27	Hypothesized	Hypothesized	Hypothesized	False	asc_ref299	
PLXNA1	bipolar disorder	1.84	Hypothesized	Hypothesized	Hypothesized	False	asc_ref299	
PLXNA1	congenital heart disease	2.51	Existing	Existing	Existing	True	fig3_chd	universe509
PLXNA1	developmental disorder	3.79	Established	Established	Established	True	asc_ref299	
PLXNA1	epilepsy	3.63	Established	Established	Established	True	asc_ref299	
PLXNA1	schizophrenia	2.26	Hypothesized	Hypothesized	Hypothesized	False	asc_ref299	
PLXNA1	type 2 diabetes	1.65	Hypothesized	Hypothesized	Hypothesized	False	asc_ref299	
PNPLA7	Alzheimer's disease	1.69	Hypothesized	Hypothesized	Hypothesized	False	random50_ann2	random50_ann2
PNPLA7	Autism Spectrum Disorder	1.49	Novel	Novel	Novel	False	random50_ann2	random50_ann2
PNPLA7	bipolar disorder	1.74	Hypothesized	Novel	Hypothesized	False	random50_ann2	random50_ann2
PNPLA7	congenital heart disease	1.17	Novel	Novel	Novel	False	fig3_chd	universe509
PNPLA7	developmental disorder	1.75	Hypothesized	Hypothesized	Hypothesized	False	random50_ann2	random50_ann2
PNPLA7	epilepsy	1.45	Novel	Novel	Novel	False	random50_ann2	random50_ann2
PNPLA7	schizophrenia	1.73	Hypothesized	Novel	Hypothesized	False	random50_ann2	random50_ann2
PNPLA7	type 2 diabetes	2.05	Hypothesized	Hypothesized	Hypothesized	False	random50_ann2	random50_ann2
POGZ	Alzheimer's disease	1.44	Novel	Novel	Novel	False	fig3_alzheimer	universe450
POGZ	Autism Spectrum Disorder	3.92	Established	Established	Established	True	asc_ref299	
POGZ	bipolar disorder	1.32	Novel	Novel	Novel	False	asc_ref299	
POGZ	congenital heart disease	3.15	Existing	Existing	Existing	True	fig3_chd	universe509
POGZ	developmental disorder	3.96	Established	Established	Established	True	asc_ref299	
POGZ	epilepsy	3.82	Established	Established	Established	True	asc_ref299	
POGZ	schizophrenia	2.46	Hypothesized	Existing	Hypothesized	False	asc_ref299	
POGZ	type 2 diabetes	1.91	Hypothesized	Novel	Hypothesized	False	asc_ref299	
POLK	Alzheimer's disease	1.22	Novel	Novel	Novel	False	fig3_alzheimer	universe450
POLK	Autism Spectrum Disorder	1.09	Novel	Novel	Novel	False	random50_ann	random50_ann
POLK	bipolar disorder	1.06	Novel	Novel	Novel	False	random50_ann	random50_ann
POLK	congenital heart disease	1.08	Novel	Novel	Novel	False	fig3_chd	universe509
POLK	developmental disorder	1.53	Hypothesized	Novel	Hypothesized	False	random50_ann	random50_ann
POLK	epilepsy	1.06	Novel	Novel	Novel	False	random50_ann	random50_ann
POLK	schizophrenia	1.12	Novel	Novel	Novel	False	random50_ann	random50_ann
POLK	type 2 diabetes	2.63	Existing	Existing	Existing	True	random50_ann	random50_ann
POP5	Alzheimer's disease	1.06	Novel	Novel	Novel	False	fig3_alzheimer	universe450
POP5	Autism Spectrum Disorder	1.06	Novel	Novel	Novel	False	random50_ann	random50_ann
POP5	bipolar disorder	1.06	Novel	Novel	Novel	False	random50_ann	random50_ann
POP5	congenital heart disease	1.17	Novel	Novel	Novel	False	fig3_chd	universe509
POP5	developmental disorder	1.79	Hypothesized	Hypothesized	Hypothesized	False	random50_ann	random50_ann
POP5	epilepsy	1.07	Novel	Novel	Novel	False	random50_ann	random50_ann
POP5	schizophrenia	1.09	Novel	Novel	Novel	False	random50_ann	random50_ann
POP5	type 2 diabetes	1.09	Novel	Novel	Novel	False	random50_ann	random50_ann
POU3F3	Alzheimer's disease	1.37	Novel	Novel	Novel	False	fig3_alzheimer	universe450
POU3F3	Autism Spectrum Disorder	3.37	Existing	Established	Existing	True	asc_ref299	
POU3F3	bipolar disorder	1.63	Hypothesized	Novel	Hypothesized	False	asc_ref299	
POU3F3	congenital heart disease	1.36	Novel	Novel	Novel	False	fig3_chd	universe509
POU3F3	developmental disorder	3.95	Established	Established	Established	True	asc_ref299	
POU3F3	epilepsy	3.55	Established	Established	Established	True	asc_ref299	
POU3F3	schizophrenia	1.78	Hypothesized	Hypothesized	Hypothesized	False	asc_ref299	
POU3F3	type 2 diabetes	1.14	Novel	Novel	Novel	False	asc_ref299	
POU6F2	Alzheimer's disease	1.22	Novel	Novel	Novel	False	fig3_alzheimer	universe450
POU6F2	Autism Spectrum Disorder	2.63	Existing	Existing	Existing	True	asd_extra101	random
POU6F2	bipolar disorder	1.65	Hypothesized	Novel	Hypothesized	False	fig3_four_phenos	
POU6F2	congenital heart disease	1.19	Novel	Novel	Novel	False	fig3_chd	universe509
POU6F2	developmental disorder	2.77	Existing	Existing	Existing	True	fig3_four_phenos	
POU6F2	epilepsy	1.34	Novel	Novel	Novel	False	fig3_four_phenos	
POU6F2	schizophrenia	2.18	Hypothesized	Hypothesized	Hypothesized	False	scz_extra101	random
POU6F2	type 2 diabetes	1.33	Novel	Novel	Novel	False	fig3_four_phenos	
PPFIA4	Alzheimer's disease	1.12	Novel	Novel	Novel	False	fig3_alzheimer	universe450
PPFIA4	Autism Spectrum Disorder	2.46	Hypothesized	Existing	Hypothesized	False	asc_ref299	
PPFIA4	bipolar disorder	1.53	Hypothesized	Novel	Hypothesized	False	asc_ref299	
PPFIA4	congenital heart disease	1.45	Novel	Novel	Novel	False	fig3_chd	universe509
PPFIA4	developmental disorder	2.34	Hypothesized	Hypothesized	Hypothesized	False	asc_ref299	
PPFIA4	epilepsy	2.54	Existing	Existing	Existing	True	asc_ref299	
PPFIA4	schizophrenia	1.52	Hypothesized	Novel	Hypothesized	False	asc_ref299	
PPFIA4	type 2 diabetes	1.17	Novel	Novel	Novel	False	asc_ref299	
PPL	Alzheimer's disease	1.06	Novel	Novel	Novel	False	fig3_chd	pcgc_sig60
PPL	Autism Spectrum Disorder	1.06	Novel	Novel	Novel	False	fig3_chd	pcgc_sig60
PPL	bipolar disorder	1.06	Novel	Novel	Novel	False	fig3_chd	pcgc_sig60
PPL	congenital heart disease	1.43	Novel	Novel	Novel	False	fig3_chd	pcgc_sig60
PPL	developmental disorder	1.36	Novel	Novel	Novel	False	fig3_chd	pcgc_sig60
PPL	epilepsy	1.06	Novel	Novel	Novel	False	fig3_chd	pcgc_sig60
PPL	schizophrenia	1.06	Novel	Novel	Novel	False	fig3_chd	pcgc_sig60
PPL	type 2 diabetes	1.31	Novel	Novel	Novel	False	fig3_chd	pcgc_sig60
PPM1D	Alzheimer's disease	2.08	Hypothesized	Hypothesized	Hypothesized	False	fig3_alzheimer	universe450
PPM1D	Autism Spectrum Disorder	3.55	Established	Established	Established	True	asc_ref299	
PPM1D	bipolar disorder	1.36	Novel	Novel	Novel	False	asc_ref299	
PPM1D	congenital heart disease	3.07	Existing	Existing	Existing	True	fig3_chd	universe509
PPM1D	developmental disorder	3.97	Established	Established	Established	True	asc_ref299	
PPM1D	epilepsy	1.93	Hypothesized	Novel	Hypothesized	False	asc_ref299	
PPM1D	schizophrenia	1.55	Hypothesized	Novel	Hypothesized	False	asc_ref299	
PPM1D	type 2 diabetes	2.1	Hypothesized	Hypothesized	Hypothesized	False	asc_ref299	
PPP1CC	Alzheimer's disease	2.06	Hypothesized	Hypothesized	Hypothesized	False	fig3_alzheimer	universe450
PPP1CC	Autism Spectrum Disorder	2.0	Hypothesized	Hypothesized	Hypothesized	False	extra50_random	random50
PPP1CC	bipolar disorder	1.17	Novel	Novel	Novel	False	fig3_four_phenos	
PPP1CC	congenital heart disease	1.49	Novel	Novel	Novel	False	fig3_chd	universe509
PPP1CC	developmental disorder	1.83	Hypothesized	Hypothesized	Hypothesized	False	fig3_four_phenos	
PPP1CC	epilepsy	1.99	Hypothesized	Hypothesized	Hypothesized	False	fig3_four_phenos	
PPP1CC	schizophrenia	1.17	Novel	Novel	Novel	False	extra50_random	random50
PPP1CC	type 2 diabetes	1.78	Hypothesized	Hypothesized	Hypothesized	False	fig3_four_phenos	
PPP1R12A	Alzheimer's disease	1.98	Hypothesized	Hypothesized	Hypothesized	False	fig3_chd	pcgc_sig60
PPP1R12A	Autism Spectrum Disorder	1.52	Hypothesized	Novel	Hypothesized	False	fig3_chd	pcgc_sig60
PPP1R12A	bipolar disorder	1.06	Novel	Novel	Novel	False	fig3_chd	pcgc_sig60
PPP1R12A	congenital heart disease	2.41	Hypothesized	Existing	Hypothesized	False	fig3_chd	pcgc_sig60
PPP1R12A	developmental disorder	3.92	Established	Established	Established	True	fig3_chd	pcgc_sig60
PPP1R12A	epilepsy	2.96	Existing	Existing	Existing	True	fig3_chd	pcgc_sig60
PPP1R12A	schizophrenia	1.12	Novel	Novel	Novel	False	fig3_chd	pcgc_sig60
PPP1R12A	type 2 diabetes	2.0	Hypothesized	Hypothesized	Hypothesized	False	fig3_chd	pcgc_sig60
PPP1R3G	Alzheimer's disease	1.37	Novel	Novel	Novel	False	fig3_alzheimer	universe450
PPP1R3G	Autism Spectrum Disorder	1.15	Novel	Novel	Novel	False	random50_ann	random50_ann
PPP1R3G	bipolar disorder	1.27	Novel	Novel	Novel	False	random50_ann	random50_ann
PPP1R3G	congenital heart disease	1.29	Novel	Novel	Novel	False	fig3_chd	universe509
PPP1R3G	developmental disorder	1.29	Novel	Novel	Novel	False	random50_ann	random50_ann
PPP1R3G	epilepsy	1.81	Hypothesized	Hypothesized	Hypothesized	False	random50_ann	random50_ann
PPP1R3G	schizophrenia	1.22	Novel	Novel	Novel	False	random50_ann	random50_ann
PPP1R3G	type 2 diabetes	1.96	Hypothesized	Hypothesized	Hypothesized	False	random50_ann	random50_ann
PPP2CA	Alzheimer's disease	2.05	Hypothesized	Hypothesized	Hypothesized	False	fig3_alzheimer	universe450
PPP2CA	Autism Spectrum Disorder	3.35	Existing	Established	Existing	True	asc_ref299	
PPP2CA	bipolar disorder	1.49	Novel	Novel	Novel	False	asc_ref299	
PPP2CA	congenital heart disease	1.49	Novel	Novel	Novel	False	fig3_chd	universe509
PPP2CA	developmental disorder	3.91	Established	Established	Established	True	asc_ref299	
PPP2CA	epilepsy	3.54	Established	Established	Established	True	asc_ref299	
PPP2CA	schizophrenia	1.97	Hypothesized	Hypothesized	Hypothesized	False	asc_ref299	
PPP2CA	type 2 diabetes	2.16	Hypothesized	Hypothesized	Hypothesized	False	asc_ref299	
PPP2R1A	Alzheimer's disease	2.76	Existing	Existing	Existing	True	fig3_alzheimer	universe450
PPP2R1A	Autism Spectrum Disorder	2.84	Existing	Existing	Existing	True	asc_ref299	
PPP2R1A	bipolar disorder	1.28	Novel	Novel	Novel	False	asc_ref299	
PPP2R1A	congenital heart disease	3.28	Existing	Existing	Existing	True	fig3_chd	universe509
PPP2R1A	developmental disorder	3.97	Established	Established	Established	True	asc_ref299	
PPP2R1A	epilepsy	3.89	Established	Established	Established	True	asc_ref299	
PPP2R1A	schizophrenia	1.44	Novel	Novel	Novel	False	asc_ref299	
PPP2R1A	type 2 diabetes	1.65	Hypothesized	Hypothesized	Hypothesized	False	asc_ref299	
PPP2R5D	Alzheimer's disease	2.13	Hypothesized	Hypothesized	Hypothesized	False	fig3_alzheimer	universe450
PPP2R5D	Autism Spectrum Disorder	3.69	Established	Established	Established	True	asc_ref299	
PPP2R5D	bipolar disorder	1.44	Novel	Novel	Novel	False	asc_ref299	
PPP2R5D	congenital heart disease	2.2	Hypothesized	Hypothesized	Hypothesized	False	fig3_chd	universe509
PPP2R5D	developmental disorder	3.97	Established	Established	Established	True	asc_ref299	
PPP2R5D	epilepsy	3.91	Established	Established	Established	True	asc_ref299	
PPP2R5D	schizophrenia	1.38	Novel	Novel	Novel	False	asc_ref299	
PPP2R5D	type 2 diabetes	1.44	Novel	Novel	Novel	False	asc_ref299	
PPP3CA	Alzheimer's disease	2.11	Hypothesized	Hypothesized	Hypothesized	False	fig3_alzheimer	universe450
PPP3CA	Autism Spectrum Disorder	2.95	Existing	Existing	Existing	True	asc_ref299	
PPP3CA	bipolar disorder	1.49	Novel	Novel	Novel	False	asc_ref299	
PPP3CA	congenital heart disease	1.9	Hypothesized	Hypothesized	Hypothesized	False	fig3_chd	universe509
PPP3CA	developmental disorder	3.97	Established	Established	Established	True	asc_ref299	
PPP3CA	epilepsy	3.97	Established	Established	Established	True	asc_ref299	
PPP3CA	schizophrenia	2.64	Existing	Existing	Existing	True	asc_ref299	
PPP3CA	type 2 diabetes	2.01	Hypothesized	Hypothesized	Hypothesized	False	asc_ref299	
PRDM16	Alzheimer's disease	2.31	Hypothesized	Hypothesized	Hypothesized	False	fig3_alzheimer	universe450
PRDM16	Autism Spectrum Disorder	2.35	Hypothesized	Existing	Hypothesized	False	asd_extra101	random
PRDM16	bipolar disorder	1.49	Novel	Novel	Novel	False	fig3_four_phenos	
PRDM16	congenital heart disease	3.09	Existing	Existing	Existing	True	fig3_chd	universe509
PRDM16	developmental disorder	3.08	Existing	Existing	Existing	True	fig3_four_phenos	
PRDM16	epilepsy	1.93	Hypothesized	Novel	Hypothesized	False	fig3_four_phenos	
PRDM16	schizophrenia	1.43	Novel	Novel	Novel	False	scz_extra101	random
PRDM16	type 2 diabetes	2.85	Existing	Existing	Existing	True	fig3_four_phenos	
PRDM6	Alzheimer's disease	2.41	Hypothesized	Existing	Hypothesized	False	fig3_alzheimer	universe450
PRDM6	Autism Spectrum Disorder	1.14	Novel	Novel	Novel	False	random50_ann	random50_ann
PRDM6	bipolar disorder	1.11	Novel	Novel	Novel	False	random50_ann	random50_ann
PRDM6	congenital heart disease	3.7	Established	Established	Established	True	fig3_chd	universe509
PRDM6	developmental disorder	3.4	Existing	Established	Existing	True	random50_ann	random50_ann
PRDM6	epilepsy	1.16	Novel	Novel	Novel	False	random50_ann	random50_ann
PRDM6	schizophrenia	1.1	Novel	Novel	Novel	False	random50_ann	random50_ann
PRDM6	type 2 diabetes	2.21	Hypothesized	Existing	Hypothesized	False	random50_ann	random50_ann
PROSER3	Alzheimer's disease	1.13	Novel	Novel	Novel	False	fig3_alzheimer	universe450
PROSER3	Autism Spectrum Disorder	1.13	Novel	Novel	Novel	False	extra50_random	random50
PROSER3	bipolar disorder	1.12	Novel	Novel	Novel	False	fig3_four_phenos	
PROSER3	congenital heart disease	1.09	Novel	Novel	Novel	False	fig3_chd	universe509
PROSER3	developmental disorder	1.15	Novel	Novel	Novel	False	fig3_four_phenos	
PROSER3	epilepsy	1.09	Novel	Novel	Novel	False	fig3_four_phenos	
PROSER3	schizophrenia	1.13	Novel	Novel	Novel	False	extra50_random	random50
PROSER3	type 2 diabetes	1.13	Novel	Novel	Novel	False	fig3_four_phenos	
PRR12	Alzheimer's disease	1.17	Novel	Novel	Novel	False	fig3_alzheimer	universe450
PRR12	Autism Spectrum Disorder	3.05	Existing	Existing	Existing	True	asc_ref299	
PRR12	bipolar disorder	1.96	Hypothesized	Hypothesized	Hypothesized	False	asc_ref299	
PRR12	congenital heart disease	2.8	Existing	Existing	Existing	True	fig3_chd	universe509
PRR12	developmental disorder	3.94	Established	Established	Established	True	asc_ref299	
PRR12	epilepsy	2.2	Hypothesized	Hypothesized	Hypothesized	False	asc_ref299	
PRR12	schizophrenia	1.82	Hypothesized	Hypothesized	Hypothesized	False	asc_ref299	
PRR12	type 2 diabetes	1.54	Hypothesized	Novel	Hypothesized	False	asc_ref299	
PSEN1	Alzheimer's disease	3.95	Established	Established	Established	True	fig3_alzheimer	gencc9_ad
PSEN1	Autism Spectrum Disorder	1.89	Hypothesized	Hypothesized	Hypothesized	False	fig3_alzheimer	gencc9_ad
PSEN1	bipolar disorder	2.05	Hypothesized	Hypothesized	Hypothesized	False	fig3_alzheimer	gencc9_ad
PSEN1	congenital heart disease	1.94	Hypothesized	Hypothesized	Hypothesized	False	fig3_chd	universe509
PSEN1	developmental disorder	2.69	Existing	Existing	Existing	True	fig3_alzheimer	gencc9_ad
PSEN1	epilepsy	3.54	Established	Established	Established	True	fig3_alzheimer	gencc9_ad
PSEN1	schizophrenia	2.6	Existing	Existing	Existing	True	fig3_alzheimer	gencc9_ad
PSEN1	type 2 diabetes	2.1	Hypothesized	Hypothesized	Hypothesized	False	fig3_alzheimer	gencc9_ad
PSEN2	Alzheimer's disease	3.18	Existing	Existing	Existing	True	fig3_alzheimer	gencc9_ad
PSEN2	Autism Spectrum Disorder	2.16	Hypothesized	Hypothesized	Hypothesized	False	fig3_alzheimer	gencc9_ad
PSEN2	bipolar disorder	1.99	Hypothesized	Hypothesized	Hypothesized	False	fig3_alzheimer	gencc9_ad
PSEN2	congenital heart disease	1.42	Novel	Novel	Novel	False	fig3_chd	universe509
PSEN2	developmental disorder	1.96	Hypothesized	Hypothesized	Hypothesized	False	fig3_alzheimer	gencc9_ad
PSEN2	epilepsy	2.89	Existing	Existing	Existing	True	fig3_alzheimer	gencc9_ad
PSEN2	schizophrenia	2.8	Existing	Existing	Existing	True	fig3_alzheimer	gencc9_ad
PSEN2	type 2 diabetes	2.04	Hypothesized	Hypothesized	Hypothesized	False	fig3_alzheimer	gencc9_ad
PSMC5	Alzheimer's disease	2.09	Hypothesized	Hypothesized	Hypothesized	False	fig3_alzheimer	universe450
PSMC5	Autism Spectrum Disorder	3.03	Existing	Existing	Existing	True	asc_ref299	
PSMC5	bipolar disorder	1.35	Novel	Novel	Novel	False	asc_ref299	
PSMC5	congenital heart disease	1.81	Hypothesized	Hypothesized	Hypothesized	False	fig3_chd	universe509
PSMC5	developmental disorder	3.88	Established	Established	Established	True	asc_ref299	
PSMC5	epilepsy	2.64	Existing	Existing	Existing	True	asc_ref299	
PSMC5	schizophrenia	1.95	Hypothesized	Hypothesized	Hypothesized	False	asc_ref299	
PSMC5	type 2 diabetes	1.32	Novel	Novel	Novel	False	asc_ref299	
PSMD12	Alzheimer's disease	1.32	Novel	Novel	Novel	False	fig3_alzheimer	universe450
PSMD12	Autism Spectrum Disorder	3.38	Existing	Established	Existing	True	asc_ref299	
PSMD12	bipolar disorder	1.36	Novel	Novel	Novel	False	asc_ref299	
PSMD12	congenital heart disease	2.71	Existing	Existing	Existing	True	fig3_chd	universe509
PSMD12	developmental disorder	3.95	Established	Established	Established	True	asc_ref299	
PSMD12	epilepsy	2.68	Existing	Existing	Existing	True	asc_ref299	
PSMD12	schizophrenia	1.45	Novel	Novel	Novel	False	asc_ref299	
PSMD12	type 2 diabetes	2.06	Hypothesized	Hypothesized	Hypothesized	False	asc_ref299	
PTCH1	Alzheimer's disease	2.57	Existing	Existing	Existing	True	fig3_alzheimer	universe450
PTCH1	Autism Spectrum Disorder	2.59	Existing	Existing	Existing	True	asc_ref299	
PTCH1	bipolar disorder	1.09	Novel	Novel	Novel	False	asc_ref299	
PTCH1	congenital heart disease	2.04	Hypothesized	Hypothesized	Hypothesized	False	fig3_chd	universe509
PTCH1	developmental disorder	3.43	Existing	Established	Existing	True	asc_ref299	
PTCH1	epilepsy	2.61	Existing	Existing	Existing	True	asc_ref299	
PTCH1	schizophrenia	2.41	Hypothesized	Existing	Hypothesized	False	asc_ref299	
PTCH1	type 2 diabetes	1.99	Hypothesized	Hypothesized	Hypothesized	False	asc_ref299	
PTCHD1	Alzheimer's disease	1.09	Novel	Novel	Novel	False	fig3_alzheimer	universe450
PTCHD1	Autism Spectrum Disorder	3.65	Established	Established	Established	True	asd_extra101	random
PTCHD1	bipolar disorder	1.22	Novel	Novel	Novel	False	fig3_four_phenos	
PTCHD1	congenital heart disease	1.05	Novel	Novel	Novel	False	fig3_chd	universe509
PTCHD1	developmental disorder	3.77	Established	Established	Established	True	fig3_four_phenos	
PTCHD1	epilepsy	2.04	Hypothesized	Hypothesized	Hypothesized	False	fig3_four_phenos	
PTCHD1	schizophrenia	2.03	Hypothesized	Novel	Hypothesized	False	scz_extra101	random
PTCHD1	type 2 diabetes	1.05	Novel	Novel	Novel	False	fig3_four_phenos	
PTEN	Alzheimer's disease	1.92	Hypothesized	Hypothesized	Hypothesized	False	fig3_alzheimer	universe450
PTEN	Autism Spectrum Disorder	3.79	Established	Established	Established	True	asc_ref299	
PTEN	bipolar disorder	2.06	Hypothesized	Hypothesized	Hypothesized	False	asc_ref299	
PTEN	congenital heart disease	1.83	Hypothesized	Novel	Hypothesized	False	fig3_chd	universe509
PTEN	developmental disorder	3.91	Established	Established	Established	True	asc_ref299	
PTEN	epilepsy	3.52	Established	Established	Established	True	asc_ref299	
PTEN	schizophrenia	2.54	Existing	Existing	Existing	True	asc_ref299	
PTEN	type 2 diabetes	2.99	Existing	Existing	Existing	True	asc_ref299	
PTH2	Alzheimer's disease	1.98	Hypothesized	Hypothesized	Hypothesized	False	fig3_alzheimer	universe450
PTH2	Autism Spectrum Disorder	1.17	Novel	Novel	Novel	False	asd_extra101	random
PTH2	bipolar disorder	1.73	Hypothesized	Hypothesized	Hypothesized	False	fig3_four_phenos	
PTH2	congenital heart disease	1.66	Hypothesized	Hypothesized	Hypothesized	False	fig3_chd	universe509
PTH2	developmental disorder	1.65	Hypothesized	Hypothesized	Hypothesized	False	fig3_four_phenos	
PTH2	epilepsy	1.27	Novel	Novel	Novel	False	fig3_four_phenos	
PTH2	schizophrenia	1.48	Novel	Novel	Novel	False	scz_extra101	random
PTH2	type 2 diabetes	1.41	Novel	Novel	Novel	False	fig3_four_phenos	
PTK2	Alzheimer's disease	2.14	Hypothesized	Hypothesized	Hypothesized	False	fig3_alzheimer	universe450
PTK2	Autism Spectrum Disorder	2.18	Hypothesized	Hypothesized	Hypothesized	False	asc_ref299	
PTK2	bipolar disorder	1.17	Novel	Novel	Novel	False	asc_ref299	
PTK2	congenital heart disease	2.05	Hypothesized	Hypothesized	Hypothesized	False	fig3_chd	universe509
PTK2	developmental disorder	2.17	Hypothesized	Hypothesized	Hypothesized	False	asc_ref299	
PTK2	epilepsy	2.49	Hypothesized	Existing	Hypothesized	False	asc_ref299	
PTK2	schizophrenia	2.16	Hypothesized	Hypothesized	Hypothesized	False	asc_ref299	
PTK2	type 2 diabetes	2.07	Hypothesized	Hypothesized	Hypothesized	False	asc_ref299	
PTPN11	Alzheimer's disease	2.09	Hypothesized	Hypothesized	Hypothesized	False	fig3_alzheimer	universe450
PTPN11	Autism Spectrum Disorder	2.71	Existing	Existing	Existing	True	asc_ref299	
PTPN11	bipolar disorder	1.14	Novel	Novel	Novel	False	asc_ref299	
PTPN11	congenital heart disease	3.91	Established	Established	Established	True	fig3_chd	universe509
PTPN11	developmental disorder	3.91	Established	Established	Established	True	asc_ref299	
PTPN11	epilepsy	3.66	Established	Established	Established	True	asc_ref299	
PTPN11	schizophrenia	1.93	Hypothesized	Hypothesized	Hypothesized	False	asc_ref299	
PTPN11	type 2 diabetes	1.99	Hypothesized	Hypothesized	Hypothesized	False	asc_ref299	
PTPRS	Alzheimer's disease	2.76	Existing	Existing	Existing	True	fig3_alzheimer	universe450
PTPRS	Autism Spectrum Disorder	2.03	Hypothesized	Hypothesized	Hypothesized	False	asc_ref299	
PTPRS	bipolar disorder	2.39	Hypothesized	Existing	Hypothesized	False	asc_ref299	
PTPRS	congenital heart disease	1.28	Novel	Novel	Novel	False	fig3_chd	universe509
PTPRS	developmental disorder	2.44	Hypothesized	Existing	Hypothesized	False	asc_ref299	
PTPRS	epilepsy	1.84	Hypothesized	Hypothesized	Hypothesized	False	asc_ref299	
PTPRS	schizophrenia	1.94	Hypothesized	Hypothesized	Hypothesized	False	asc_ref299	
PTPRS	type 2 diabetes	2.24	Hypothesized	Hypothesized	Hypothesized	False	asc_ref299	
PTPRT	Alzheimer's disease	2.16	Hypothesized	Hypothesized	Hypothesized	False	fig3_alzheimer	universe450
PTPRT	Autism Spectrum Disorder	2.29	Hypothesized	Hypothesized	Hypothesized	False	asc_ref299	
PTPRT	bipolar disorder	1.51	Hypothesized	Novel	Hypothesized	False	asc_ref299	
PTPRT	congenital heart disease	2.93	Existing	Existing	Existing	True	fig3_chd	universe509
PTPRT	developmental disorder	2.54	Existing	Existing	Existing	True	asc_ref299	
PTPRT	epilepsy	1.44	Novel	Novel	Novel	False	asc_ref299	
PTPRT	schizophrenia	1.74	Hypothesized	Hypothesized	Hypothesized	False	asc_ref299	
PTPRT	type 2 diabetes	2.52	Existing	Existing	Existing	True	asc_ref299	
PUF60	Alzheimer's disease	1.06	Novel	Novel	Novel	False	fig3_alzheimer	universe450
PUF60	Autism Spectrum Disorder	2.57	Existing	Existing	Existing	True	asc_ref299	
PUF60	bipolar disorder	1.17	Novel	Novel	Novel	False	asc_ref299	
PUF60	congenital heart disease	3.89	Established	Established	Established	True	fig3_chd	universe509
PUF60	developmental disorder	3.97	Established	Established	Established	True	asc_ref299	
PUF60	epilepsy	2.77	Existing	Existing	Existing	True	asc_ref299	
PUF60	schizophrenia	1.38	Novel	Novel	Novel	False	asc_ref299	
PUF60	type 2 diabetes	1.06	Novel	Novel	Novel	False	asc_ref299	
QRICH1	Alzheimer's disease	1.11	Novel	Novel	Novel	False	fig3_alzheimer	universe450
QRICH1	Autism Spectrum Disorder	3.27	Existing	Existing	Existing	True	asc_ref299	
QRICH1	bipolar disorder	1.26	Novel	Novel	Novel	False	asc_ref299	
QRICH1	congenital heart disease	2.25	Hypothesized	Existing	Hypothesized	False	fig3_chd	universe509
QRICH1	developmental disorder	3.97	Established	Established	Established	True	asc_ref299	
QRICH1	epilepsy	3.32	Existing	Established	Existing	True	asc_ref299	
QRICH1	schizophrenia	1.39	Novel	Novel	Novel	False	asc_ref299	
QRICH1	type 2 diabetes	1.44	Novel	Novel	Novel	False	asc_ref299	
RAB14	Alzheimer's disease	1.44	Novel	Novel	Novel	False	fig3_alzheimer	universe450
RAB14	Autism Spectrum Disorder	1.08	Novel	Novel	Novel	False	asc_ref299	
RAB14	bipolar disorder	1.06	Novel	Novel	Novel	False	asc_ref299	
RAB14	congenital heart disease	1.09	Novel	Novel	Novel	False	fig3_chd	universe509
RAB14	developmental disorder	1.42	Novel	Novel	Novel	False	asc_ref299	
RAB14	epilepsy	1.22	Novel	Novel	Novel	False	asc_ref299	
RAB14	schizophrenia	1.17	Novel	Novel	Novel	False	asc_ref299	
RAB14	type 2 diabetes	2.07	Hypothesized	Hypothesized	Hypothesized	False	asc_ref299	
RAB25	Alzheimer's disease	1.17	Novel	Novel	Novel	False	random50_ann2	random50_ann2
RAB25	Autism Spectrum Disorder	1.06	Novel	Novel	Novel	False	random50_ann2	random50_ann2
RAB25	bipolar disorder	1.06	Novel	Novel	Novel	False	random50_ann2	random50_ann2
RAB25	congenital heart disease	1.17	Novel	Novel	Novel	False	fig3_chd	universe509
RAB25	developmental disorder	2.02	Hypothesized	Hypothesized	Hypothesized	False	random50_ann2	random50_ann2
RAB25	epilepsy	1.16	Novel	Novel	Novel	False	random50_ann2	random50_ann2
RAB25	schizophrenia	1.11	Novel	Novel	Novel	False	random50_ann2	random50_ann2
RAB25	type 2 diabetes	1.69	Hypothesized	Hypothesized	Hypothesized	False	random50_ann2	random50_ann2
RABGAP1L	Alzheimer's disease	1.24	Novel	Novel	Novel	False	fig3_chd	pcgc_sig60
RABGAP1L	Autism Spectrum Disorder	1.3	Novel	Novel	Novel	False	fig3_chd	pcgc_sig60
RABGAP1L	bipolar disorder	1.41	Novel	Novel	Novel	False	fig3_chd	pcgc_sig60
RABGAP1L	congenital heart disease	1.08	Novel	Novel	Novel	False	fig3_chd	pcgc_sig60
RABGAP1L	developmental disorder	1.81	Hypothesized	Hypothesized	Hypothesized	False	fig3_chd	pcgc_sig60
RABGAP1L	epilepsy	1.36	Novel	Novel	Novel	False	fig3_chd	pcgc_sig60
RABGAP1L	schizophrenia	1.3	Novel	Novel	Novel	False	fig3_chd	pcgc_sig60
RABGAP1L	type 2 diabetes	1.36	Novel	Novel	Novel	False	fig3_chd	pcgc_sig60
RAF1	Alzheimer's disease	2.24	Hypothesized	Hypothesized	Hypothesized	False	fig3_chd	pcgc_sig60
RAF1	Autism Spectrum Disorder	2.62	Existing	Existing	Existing	True	fig3_chd	pcgc_sig60
RAF1	bipolar disorder	1.44	Novel	Novel	Novel	False	fig3_chd	pcgc_sig60
RAF1	congenital heart disease	3.78	Established	Established	Established	True	fig3_chd	pcgc_sig60
RAF1	developmental disorder	3.92	Established	Established	Established	True	fig3_chd	pcgc_sig60
RAF1	epilepsy	1.9	Hypothesized	Hypothesized	Hypothesized	False	fig3_chd	pcgc_sig60
RAF1	schizophrenia	2.06	Hypothesized	Hypothesized	Hypothesized	False	fig3_chd	pcgc_sig60
RAF1	type 2 diabetes	2.05	Hypothesized	Hypothesized	Hypothesized	False	fig3_chd	pcgc_sig60
RAI1	Alzheimer's disease	1.56	Hypothesized	Novel	Hypothesized	False	fig3_alzheimer	universe450
RAI1	Autism Spectrum Disorder	3.21	Existing	Existing	Existing	True	asc_ref299	
RAI1	bipolar disorder	2.25	Hypothesized	Hypothesized	Hypothesized	False	asc_ref299	
RAI1	congenital heart disease	3.23	Existing	Existing	Existing	True	fig3_chd	universe509
RAI1	developmental disorder	3.92	Established	Established	Established	True	asc_ref299	
RAI1	epilepsy	3.48	Existing	Established	Existing	True	asc_ref299	
RAI1	schizophrenia	2.84	Existing	Existing	Existing	True	asc_ref299	
RAI1	type 2 diabetes	2.64	Existing	Existing	Existing	True	asc_ref299	
RALGAPB	Alzheimer's disease	2.29	Hypothesized	Existing	Hypothesized	False	fig3_alzheimer	universe450
RALGAPB	Autism Spectrum Disorder	3.08	Existing	Existing	Existing	True	asc_ref299	
RALGAPB	bipolar disorder	1.39	Novel	Novel	Novel	False	asc_ref299	
RALGAPB	congenital heart disease	1.31	Novel	Novel	Novel	False	fig3_chd	universe509
RALGAPB	developmental disorder	3.11	Existing	Existing	Existing	True	asc_ref299	
RALGAPB	epilepsy	2.4	Hypothesized	Existing	Hypothesized	False	asc_ref299	
RALGAPB	schizophrenia	1.71	Hypothesized	Hypothesized	Hypothesized	False	asc_ref299	
RALGAPB	type 2 diabetes	2.01	Hypothesized	Hypothesized	Hypothesized	False	asc_ref299	
RALYL	Alzheimer's disease	2.28	Hypothesized	Hypothesized	Hypothesized	False	fig3_alzheimer	universe450
RALYL	Autism Spectrum Disorder	1.82	Hypothesized	Hypothesized	Hypothesized	False	random50_ann	random50_ann
RALYL	bipolar disorder	1.14	Novel	Novel	Novel	False	random50_ann	random50_ann
RALYL	congenital heart disease	1.28	Novel	Novel	Novel	False	fig3_chd	universe509
RALYL	developmental disorder	2.59	Existing	Existing	Existing	True	random50_ann	random50_ann
RALYL	epilepsy	1.21	Novel	Novel	Novel	False	random50_ann	random50_ann
RALYL	schizophrenia	1.09	Novel	Novel	Novel	False	random50_ann	random50_ann
RALYL	type 2 diabetes	2.39	Hypothesized	Existing	Hypothesized	False	random50_ann	random50_ann
RANBP2	Alzheimer's disease	1.38	Novel	Novel	Novel	False	fig3_alzheimer	universe450
RANBP2	Autism Spectrum Disorder	1.94	Hypothesized	Hypothesized	Hypothesized	False	asc_ref299	
RANBP2	bipolar disorder	1.06	Novel	Novel	Novel	False	asc_ref299	
RANBP2	congenital heart disease	2.52	Existing	Existing	Existing	True	fig3_chd	universe509
RANBP2	developmental disorder	3.31	Existing	Established	Existing	True	asc_ref299	
RANBP2	epilepsy	3.12	Existing	Existing	Existing	True	asc_ref299	
RANBP2	schizophrenia	1.14	Novel	Novel	Novel	False	asc_ref299	
RANBP2	type 2 diabetes	1.59	Hypothesized	Novel	Hypothesized	False	asc_ref299	
RB1CC1	Alzheimer's disease	2.14	Hypothesized	Hypothesized	Hypothesized	False	fig3_alzheimer	universe450
RB1CC1	Autism Spectrum Disorder	2.14	Hypothesized	Hypothesized	Hypothesized	False	asc_ref299	
RB1CC1	bipolar disorder	1.91	Hypothesized	Hypothesized	Hypothesized	False	asc_ref299	
RB1CC1	congenital heart disease	1.28	Novel	Novel	Novel	False	fig3_chd	universe509
RB1CC1	developmental disorder	2.68	Existing	Existing	Existing	True	asc_ref299	
RB1CC1	epilepsy	1.66	Hypothesized	Hypothesized	Hypothesized	False	asc_ref299	
RB1CC1	schizophrenia	3.17	Existing	Existing	Existing	True	asc_ref299	
RB1CC1	type 2 diabetes	2.06	Hypothesized	Hypothesized	Hypothesized	False	asc_ref299	
RBFOX2	Alzheimer's disease	1.89	Hypothesized	Hypothesized	Hypothesized	False	fig3_chd	pcgc_sig60
RBFOX2	Autism Spectrum Disorder	2.18	Hypothesized	Hypothesized	Hypothesized	False	fig3_chd	pcgc_sig60
RBFOX2	bipolar disorder	1.6	Hypothesized	Novel	Hypothesized	False	fig3_chd	pcgc_sig60
RBFOX2	congenital heart disease	3.34	Existing	Established	Existing	True	fig3_chd	pcgc_sig60
RBFOX2	developmental disorder	3.25	Existing	Existing	Existing	True	fig3_chd	pcgc_sig60
RBFOX2	epilepsy	1.93	Hypothesized	Hypothesized	Hypothesized	False	fig3_chd	pcgc_sig60
RBFOX2	schizophrenia	2.08	Hypothesized	Hypothesized	Hypothesized	False	fig3_chd	pcgc_sig60
RBFOX2	type 2 diabetes	1.56	Hypothesized	Hypothesized	Hypothesized	False	fig3_chd	pcgc_sig60
RBM15	Alzheimer's disease	1.49	Novel	Novel	Novel	False	fig3_alzheimer	universe450
RBM15	Autism Spectrum Disorder	1.83	Hypothesized	Hypothesized	Hypothesized	False	random50_ann	random50_ann
RBM15	bipolar disorder	1.24	Novel	Novel	Novel	False	random50_ann	random50_ann
RBM15	congenital heart disease	2.01	Hypothesized	Hypothesized	Hypothesized	False	fig3_chd	universe509
RBM15	developmental disorder	2.69	Existing	Existing	Existing	True	random50_ann	random50_ann
RBM15	epilepsy	2.11	Hypothesized	Hypothesized	Hypothesized	False	random50_ann	random50_ann
RBM15	schizophrenia	1.19	Novel	Novel	Novel	False	random50_ann	random50_ann
RBM15	type 2 diabetes	2.05	Hypothesized	Hypothesized	Hypothesized	False	random50_ann	random50_ann
RCN3	Alzheimer's disease	1.48	Novel	Novel	Novel	False	fig3_alzheimer	universe450
RCN3	Autism Spectrum Disorder	1.06	Novel	Novel	Novel	False	random50_ann	random50_ann
RCN3	bipolar disorder	1.08	Novel	Novel	Novel	False	random50_ann	random50_ann
RCN3	congenital heart disease	1.52	Hypothesized	Novel	Hypothesized	False	fig3_chd	universe509
RCN3	developmental disorder	1.85	Hypothesized	Hypothesized	Hypothesized	False	random50_ann	random50_ann
RCN3	epilepsy	1.06	Novel	Novel	Novel	False	random50_ann	random50_ann
RCN3	schizophrenia	1.07	Novel	Novel	Novel	False	random50_ann	random50_ann
RCN3	type 2 diabetes	2.36	Hypothesized	Existing	Hypothesized	False	random50_ann	random50_ann
REV3L	Alzheimer's disease	1.22	Novel	Novel	Novel	False	fig3_alzheimer	universe450
REV3L	Autism Spectrum Disorder	2.02	Hypothesized	Hypothesized	Hypothesized	False	asc_ref299	
REV3L	bipolar disorder	1.12	Novel	Novel	Novel	False	asc_ref299	
REV3L	congenital heart disease	1.32	Novel	Novel	Novel	False	fig3_chd	universe509
REV3L	developmental disorder	3.26	Existing	Existing	Existing	True	asc_ref299	
REV3L	epilepsy	1.44	Novel	Novel	Novel	False	asc_ref299	
REV3L	schizophrenia	1.06	Novel	Novel	Novel	False	asc_ref299	
REV3L	type 2 diabetes	2.6	Existing	Existing	Existing	True	asc_ref299	
RFX3	Alzheimer's disease	1.24	Novel	Novel	Novel	False	fig3_alzheimer	universe450
RFX3	Autism Spectrum Disorder	3.67	Established	Established	Established	True	asc_ref299	
RFX3	bipolar disorder	1.72	Hypothesized	Hypothesized	Hypothesized	False	asc_ref299	
RFX3	congenital heart disease	2.21	Hypothesized	Hypothesized	Hypothesized	False	fig3_chd	universe509
RFX3	developmental disorder	3.54	Established	Established	Established	True	asc_ref299	
RFX3	epilepsy	2.83	Existing	Existing	Existing	True	asc_ref299	
RFX3	schizophrenia	1.8	Hypothesized	Hypothesized	Hypothesized	False	asc_ref299	
RFX3	type 2 diabetes	2.18	Hypothesized	Hypothesized	Hypothesized	False	asc_ref299	
RFX7	Alzheimer's disease	1.32	Novel	Novel	Novel	False	fig3_alzheimer	universe450
RFX7	Autism Spectrum Disorder	3.2	Existing	Existing	Existing	True	asc_ref299	
RFX7	bipolar disorder	1.55	Hypothesized	Novel	Hypothesized	False	asc_ref299	
RFX7	congenital heart disease	1.45	Novel	Novel	Novel	False	fig3_chd	universe509
RFX7	developmental disorder	3.83	Established	Established	Established	True	asc_ref299	
RFX7	epilepsy	2.19	Hypothesized	Hypothesized	Hypothesized	False	asc_ref299	
RFX7	schizophrenia	1.62	Hypothesized	Novel	Hypothesized	False	asc_ref299	
RFX7	type 2 diabetes	1.44	Novel	Novel	Novel	False	asc_ref299	
RGL2	Alzheimer's disease	2.59	Existing	Existing	Existing	True	fig3_alzheimer	universe450
RGL2	Autism Spectrum Disorder	1.1	Novel	Novel	Novel	False	asd_extra101	random
RGL2	bipolar disorder	1.09	Novel	Novel	Novel	False	fig3_four_phenos	
RGL2	congenital heart disease	1.61	Hypothesized	Hypothesized	Hypothesized	False	fig3_chd	universe509
RGL2	developmental disorder	1.17	Novel	Novel	Novel	False	fig3_four_phenos	
RGL2	epilepsy	1.06	Novel	Novel	Novel	False	fig3_four_phenos	
RGL2	schizophrenia	1.09	Novel	Novel	Novel	False	scz_extra101	random
RGL2	type 2 diabetes	1.46	Novel	Novel	Novel	False	fig3_four_phenos	
RIT1	Alzheimer's disease	1.38	Novel	Novel	Novel	False	fig3_chd	pcgc_sig60
RIT1	Autism Spectrum Disorder	2.25	Hypothesized	Hypothesized	Hypothesized	False	fig3_chd	pcgc_sig60
RIT1	bipolar disorder	1.55	Hypothesized	Novel	Hypothesized	False	fig3_chd	pcgc_sig60
RIT1	congenital heart disease	3.88	Established	Established	Established	True	fig3_chd	pcgc_sig60
RIT1	developmental disorder	3.82	Established	Established	Established	True	fig3_chd	pcgc_sig60
RIT1	epilepsy	1.84	Hypothesized	Novel	Hypothesized	False	fig3_chd	pcgc_sig60
RIT1	schizophrenia	2.09	Hypothesized	Hypothesized	Hypothesized	False	fig3_chd	pcgc_sig60
RIT1	type 2 diabetes	1.09	Novel	Novel	Novel	False	fig3_chd	pcgc_sig60
RNF6	Alzheimer's disease	1.05	Novel	Novel	Novel	False	random50_ann2	random50_ann2
RNF6	Autism Spectrum Disorder	1.06	Novel	Novel	Novel	False	random50_ann2	random50_ann2
RNF6	bipolar disorder	1.08	Novel	Novel	Novel	False	random50_ann2	random50_ann2
RNF6	congenital heart disease	1.09	Novel	Novel	Novel	False	fig3_chd	universe509
RNF6	developmental disorder	1.42	Novel	Novel	Novel	False	random50_ann2	random50_ann2
RNF6	epilepsy	1.06	Novel	Novel	Novel	False	random50_ann2	random50_ann2
RNF6	schizophrenia	1.06	Novel	Novel	Novel	False	random50_ann2	random50_ann2
RNF6	type 2 diabetes	2.8	Existing	Existing	Existing	True	random50_ann2	random50_ann2
RNFT1	Alzheimer's disease	1.13	Novel	Novel	Novel	False	fig3_alzheimer	universe450
RNFT1	Autism Spectrum Disorder	1.28	Novel	Novel	Novel	False	extra50_random	random50
RNFT1	bipolar disorder	1.13	Novel	Novel	Novel	False	fig3_four_phenos	
RNFT1	congenital heart disease	1.18	Novel	Novel	Novel	False	fig3_chd	universe509
RNFT1	developmental disorder	1.14	Novel	Novel	Novel	False	fig3_four_phenos	
RNFT1	epilepsy	1.13	Novel	Novel	Novel	False	fig3_four_phenos	
RNFT1	schizophrenia	1.23	Novel	Novel	Novel	False	extra50_random	random50
RNFT1	type 2 diabetes	1.13	Novel	Novel	Novel	False	fig3_four_phenos	
RORB	Alzheimer's disease	2.68	Existing	Existing	Existing	True	fig3_alzheimer	universe450
RORB	Autism Spectrum Disorder	2.45	Hypothesized	Existing	Hypothesized	False	asc_ref299	
RORB	bipolar disorder	2.91	Existing	Existing	Existing	True	asc_ref299	
RORB	congenital heart disease	1.15	Novel	Novel	Novel	False	fig3_chd	universe509
RORB	developmental disorder	3.81	Established	Established	Established	True	asc_ref299	
RORB	epilepsy	3.89	Established	Established	Established	True	asc_ref299	
RORB	schizophrenia	2.54	Existing	Existing	Existing	True	asc_ref299	
RORB	type 2 diabetes	2.19	Hypothesized	Hypothesized	Hypothesized	False	asc_ref299	
RPL30	Alzheimer's disease	1.57	Hypothesized	Novel	Hypothesized	False	fig3_alzheimer	universe450
RPL30	Autism Spectrum Disorder	1.06	Novel	Novel	Novel	False	random50_ann	random50_ann
RPL30	bipolar disorder	1.06	Novel	Novel	Novel	False	random50_ann	random50_ann
RPL30	congenital heart disease	1.41	Novel	Novel	Novel	False	fig3_chd	universe509
RPL30	developmental disorder	1.83	Hypothesized	Hypothesized	Hypothesized	False	random50_ann	random50_ann
RPL30	epilepsy	1.06	Novel	Novel	Novel	False	random50_ann	random50_ann
RPL30	schizophrenia	2.02	Hypothesized	Hypothesized	Hypothesized	False	random50_ann	random50_ann
RPL30	type 2 diabetes	1.08	Novel	Novel	Novel	False	random50_ann	random50_ann
RPL5	Alzheimer's disease	2.04	Hypothesized	Hypothesized	Hypothesized	False	fig3_chd	pcgc_sig60
RPL5	Autism Spectrum Disorder	1.31	Novel	Novel	Novel	False	fig3_chd	pcgc_sig60
RPL5	bipolar disorder	1.06	Novel	Novel	Novel	False	fig3_chd	pcgc_sig60
RPL5	congenital heart disease	3.33	Existing	Established	Existing	True	fig3_chd	pcgc_sig60
RPL5	developmental disorder	3.91	Established	Established	Established	True	fig3_chd	pcgc_sig60
RPL5	epilepsy	1.2	Novel	Novel	Novel	False	fig3_chd	pcgc_sig60
RPL5	schizophrenia	1.14	Novel	Novel	Novel	False	fig3_chd	pcgc_sig60
RPL5	type 2 diabetes	1.06	Novel	Novel	Novel	False	fig3_chd	pcgc_sig60
RPS24	Alzheimer's disease	2.05	Hypothesized	Hypothesized	Hypothesized	False	random50_ann2	random50_ann2
RPS24	Autism Spectrum Disorder	2.37	Hypothesized	Existing	Hypothesized	False	random50_ann2	random50_ann2
RPS24	bipolar disorder	1.49	Novel	Novel	Novel	False	random50_ann2	random50_ann2
RPS24	congenital heart disease	2.57	Existing	Existing	Existing	True	fig3_chd	universe509
RPS24	developmental disorder	3.52	Established	Established	Established	True	random50_ann2	random50_ann2
RPS24	epilepsy	1.73	Hypothesized	Hypothesized	Hypothesized	False	random50_ann2	random50_ann2
RPS24	schizophrenia	1.66	Hypothesized	Hypothesized	Hypothesized	False	random50_ann2	random50_ann2
RPS24	type 2 diabetes	1.89	Hypothesized	Hypothesized	Hypothesized	False	random50_ann2	random50_ann2
RPS25	Alzheimer's disease	1.9	Hypothesized	Hypothesized	Hypothesized	False	fig3_alzheimer	universe450
RPS25	Autism Spectrum Disorder	1.46	Novel	Novel	Novel	False	random50_ann	random50_ann
RPS25	bipolar disorder	1.14	Novel	Novel	Novel	False	random50_ann	random50_ann
RPS25	congenital heart disease	1.59	Hypothesized	Novel	Hypothesized	False	fig3_chd	universe509
RPS25	developmental disorder	1.94	Hypothesized	Hypothesized	Hypothesized	False	random50_ann	random50_ann
RPS25	epilepsy	1.44	Novel	Novel	Novel	False	random50_ann	random50_ann
RPS25	schizophrenia	1.32	Novel	Novel	Novel	False	random50_ann	random50_ann
RPS25	type 2 diabetes	1.09	Novel	Novel	Novel	False	random50_ann	random50_ann
RPS6KA1	Alzheimer's disease	2.04	Hypothesized	Hypothesized	Hypothesized	False	fig3_alzheimer	universe450
RPS6KA1	Autism Spectrum Disorder	1.65	Hypothesized	Novel	Hypothesized	False	random50_ann	random50_ann
RPS6KA1	bipolar disorder	2.06	Hypothesized	Hypothesized	Hypothesized	False	random50_ann	random50_ann
RPS6KA1	congenital heart disease	1.19	Novel	Novel	Novel	False	fig3_chd	universe509
RPS6KA1	developmental disorder	1.96	Hypothesized	Hypothesized	Hypothesized	False	random50_ann	random50_ann
RPS6KA1	epilepsy	2.01	Hypothesized	Hypothesized	Hypothesized	False	random50_ann	random50_ann
RPS6KA1	schizophrenia	2.02	Hypothesized	Hypothesized	Hypothesized	False	random50_ann	random50_ann
RPS6KA1	type 2 diabetes	2.77	Existing	Existing	Existing	True	random50_ann	random50_ann
RYR2	Alzheimer's disease	2.38	Hypothesized	Hypothesized	Hypothesized	False	fig3_alzheimer	universe450
RYR2	Autism Spectrum Disorder	2.75	Existing	Existing	Existing	True	asc_ref299	
RYR2	bipolar disorder	2.79	Existing	Existing	Existing	True	asc_ref299	
RYR2	congenital heart disease	2.62	Existing	Existing	Existing	True	fig3_chd	universe509
RYR2	developmental disorder	2.69	Existing	Existing	Existing	True	asc_ref299	
RYR2	epilepsy	3.29	Existing	Existing	Existing	True	asc_ref299	
RYR2	schizophrenia	2.71	Existing	Existing	Existing	True	asc_ref299	
RYR2	type 2 diabetes	3.01	Existing	Existing	Existing	True	asc_ref299	
SATB2	Alzheimer's disease	1.36	Novel	Novel	Novel	False	fig3_alzheimer	universe450
SATB2	Autism Spectrum Disorder	3.49	Existing	Established	Existing	True	asc_ref299	
SATB2	bipolar disorder	1.88	Hypothesized	Novel	Hypothesized	False	asc_ref299	
SATB2	congenital heart disease	1.8	Hypothesized	Novel	Hypothesized	False	fig3_chd	universe509
SATB2	developmental disorder	3.95	Established	Established	Established	True	asc_ref299	
SATB2	epilepsy	3.66	Established	Established	Established	True	asc_ref299	
SATB2	schizophrenia	2.95	Existing	Existing	Existing	True	asc_ref299	
SATB2	type 2 diabetes	1.75	Hypothesized	Hypothesized	Hypothesized	False	asc_ref299	
SCAF1	Alzheimer's disease	1.28	Novel	Novel	Novel	False	fig3_alzheimer	universe450
SCAF1	Autism Spectrum Disorder	3.08	Existing	Existing	Existing	True	asc_ref299	
SCAF1	bipolar disorder	1.39	Novel	Novel	Novel	False	asc_ref299	
SCAF1	congenital heart disease	1.61	Hypothesized	Hypothesized	Hypothesized	False	fig3_chd	universe509
SCAF1	developmental disorder	2.87	Existing	Existing	Existing	True	asc_ref299	
SCAF1	epilepsy	1.66	Hypothesized	Novel	Hypothesized	False	asc_ref299	
SCAF1	schizophrenia	1.61	Hypothesized	Novel	Hypothesized	False	asc_ref299	
SCAF1	type 2 diabetes	1.98	Hypothesized	Hypothesized	Hypothesized	False	asc_ref299	
SCN1A	Alzheimer's disease	2.12	Hypothesized	Hypothesized	Hypothesized	False	fig3_alzheimer	universe450
SCN1A	Autism Spectrum Disorder	3.36	Existing	Established	Existing	True	asc_ref299	
SCN1A	bipolar disorder	1.39	Novel	Novel	Novel	False	asc_ref299	
SCN1A	congenital heart disease	1.68	Hypothesized	Novel	Hypothesized	False	fig3_chd	universe509
SCN1A	developmental disorder	3.94	Established	Established	Established	True	asc_ref299	
SCN1A	epilepsy	3.93	Established	Established	Established	True	asc_ref299	
SCN1A	schizophrenia	2.58	Existing	Existing	Existing	True	asc_ref299	
SCN1A	type 2 diabetes	1.06	Novel	Novel	Novel	False	asc_ref299	
SCN2A	Alzheimer's disease	2.08	Hypothesized	Hypothesized	Hypothesized	False	fig3_alzheimer	universe450
SCN2A	Autism Spectrum Disorder	3.92	Established	Established	Established	True	asc_ref299	
SCN2A	bipolar disorder	2.88	Existing	Existing	Existing	True	asc_ref299	
SCN2A	congenital heart disease	2.22	Hypothesized	Hypothesized	Hypothesized	False	fig3_chd	universe509
SCN2A	developmental disorder	3.93	Established	Established	Established	True	asc_ref299	
SCN2A	epilepsy	3.94	Established	Established	Established	True	asc_ref299	
SCN2A	schizophrenia	3.05	Existing	Existing	Existing	True	asc_ref299	
SCN2A	type 2 diabetes	2.51	Existing	Existing	Existing	True	asc_ref299	
SCN8A	Alzheimer's disease	2.09	Hypothesized	Hypothesized	Hypothesized	False	fig3_alzheimer	universe450
SCN8A	Autism Spectrum Disorder	3.27	Existing	Existing	Existing	True	asc_ref299	
SCN8A	bipolar disorder	2.77	Existing	Existing	Existing	True	asc_ref299	
SCN8A	congenital heart disease	1.26	Novel	Novel	Novel	False	fig3_chd	universe509
SCN8A	developmental disorder	3.92	Established	Established	Established	True	asc_ref299	
SCN8A	epilepsy	3.95	Established	Established	Established	True	asc_ref299	
SCN8A	schizophrenia	2.04	Hypothesized	Hypothesized	Hypothesized	False	asc_ref299	
SCN8A	type 2 diabetes	1.81	Hypothesized	Hypothesized	Hypothesized	False	asc_ref299	
SETBP1	Alzheimer's disease	1.12	Novel	Novel	Novel	False	fig3_alzheimer	universe450
SETBP1	Autism Spectrum Disorder	3.29	Existing	Established	Existing	True	asc_ref299	
SETBP1	bipolar disorder	1.28	Novel	Novel	Novel	False	asc_ref299	
SETBP1	congenital heart disease	3.02	Existing	Existing	Existing	True	fig3_chd	universe509
SETBP1	developmental disorder	3.97	Established	Established	Established	True	asc_ref299	
SETBP1	epilepsy	3.83	Established	Established	Established	True	asc_ref299	
SETBP1	schizophrenia	1.45	Novel	Novel	Novel	False	asc_ref299	
SETBP1	type 2 diabetes	1.06	Novel	Novel	Novel	False	asc_ref299	
SETD1A	Alzheimer's disease	1.53	Hypothesized	Novel	Hypothesized	False	fig3_alzheimer	universe450
SETD1A	Autism Spectrum Disorder	2.93	Existing	Existing	Existing	True	asc_ref299	
SETD1A	bipolar disorder	2.83	Existing	Existing	Existing	True	asc_ref299	
SETD1A	congenital heart disease	1.26	Novel	Novel	Novel	False	fig3_chd	universe509
SETD1A	developmental disorder	3.92	Established	Established	Established	True	asc_ref299	
SETD1A	epilepsy	3.52	Established	Established	Established	True	asc_ref299	
SETD1A	schizophrenia	3.77	Established	Established	Established	True	asc_ref299	
SETD1A	type 2 diabetes	1.65	Hypothesized	Hypothesized	Hypothesized	False	asc_ref299	
SETD1B	Alzheimer's disease	1.24	Novel	Novel	Novel	False	fig3_alzheimer	universe450
SETD1B	Autism Spectrum Disorder	3.55	Established	Established	Established	True	asc_ref299	
SETD1B	bipolar disorder	2.69	Existing	Existing	Existing	True	asc_ref299	
SETD1B	congenital heart disease	1.71	Hypothesized	Hypothesized	Hypothesized	False	fig3_chd	universe509
SETD1B	developmental disorder	3.95	Established	Established	Established	True	asc_ref299	
SETD1B	epilepsy	3.94	Established	Established	Established	True	asc_ref299	
SETD1B	schizophrenia	2.78	Existing	Existing	Existing	True	asc_ref299	
SETD1B	type 2 diabetes	1.49	Novel	Novel	Novel	False	asc_ref299	
SETD2	Alzheimer's disease	1.57	Hypothesized	Novel	Hypothesized	False	fig3_alzheimer	universe450
SETD2	Autism Spectrum Disorder	3.83	Established	Established	Established	True	asc_ref299	
SETD2	bipolar disorder	1.4	Novel	Novel	Novel	False	asc_ref299	
SETD2	congenital heart disease	2.07	Hypothesized	Hypothesized	Hypothesized	False	fig3_chd	universe509
SETD2	developmental disorder	3.94	Established	Established	Established	True	asc_ref299	
SETD2	epilepsy	3.41	Existing	Established	Existing	True	asc_ref299	
SETD2	schizophrenia	2.05	Hypothesized	Hypothesized	Hypothesized	False	asc_ref299	
SETD2	type 2 diabetes	1.94	Hypothesized	Hypothesized	Hypothesized	False	asc_ref299	
SETD5	Alzheimer's disease	1.09	Novel	Novel	Novel	False	fig3_alzheimer	universe450
SETD5	Autism Spectrum Disorder	3.6	Established	Established	Established	True	asc_ref299	
SETD5	bipolar disorder	1.62	Hypothesized	Novel	Hypothesized	False	asc_ref299	
SETD5	congenital heart disease	3.15	Existing	Existing	Existing	True	fig3_chd	universe509
SETD5	developmental disorder	3.97	Established	Established	Established	True	asc_ref299	
SETD5	epilepsy	3.42	Existing	Established	Existing	True	asc_ref299	
SETD5	schizophrenia	2.16	Hypothesized	Existing	Hypothesized	False	asc_ref299	
SETD5	type 2 diabetes	1.05	Novel	Novel	Novel	False	asc_ref299	
SFRP5	Alzheimer's disease	1.71	Hypothesized	Hypothesized	Hypothesized	False	random50_ann2	random50_ann2
SFRP5	Autism Spectrum Disorder	1.93	Hypothesized	Hypothesized	Hypothesized	False	random50_ann2	random50_ann2
SFRP5	bipolar disorder	1.24	Novel	Novel	Novel	False	random50_ann2	random50_ann2
SFRP5	congenital heart disease	1.61	Hypothesized	Novel	Hypothesized	False	fig3_chd	universe509
SFRP5	developmental disorder	2.06	Hypothesized	Hypothesized	Hypothesized	False	random50_ann2	random50_ann2
SFRP5	epilepsy	1.11	Novel	Novel	Novel	False	random50_ann2	random50_ann2
SFRP5	schizophrenia	1.27	Novel	Novel	Novel	False	random50_ann2	random50_ann2
SFRP5	type 2 diabetes	2.13	Hypothesized	Hypothesized	Hypothesized	False	random50_ann2	random50_ann2
SGSM1	Alzheimer's disease	1.24	Novel	Novel	Novel	False	fig3_alzheimer	universe450
SGSM1	Autism Spectrum Disorder	1.47	Novel	Novel	Novel	False	asd_extra101	random
SGSM1	bipolar disorder	1.44	Novel	Novel	Novel	False	fig3_four_phenos	
SGSM1	congenital heart disease	2.5	Hypothesized	Existing	Hypothesized	False	fig3_chd	universe509
SGSM1	developmental disorder	2.31	Hypothesized	Hypothesized	Hypothesized	False	fig3_four_phenos	
SGSM1	epilepsy	1.44	Novel	Novel	Novel	False	fig3_four_phenos	
SGSM1	schizophrenia	1.42	Novel	Novel	Novel	False	scz_extra101	random
SGSM1	type 2 diabetes	1.44	Novel	Novel	Novel	False	fig3_four_phenos	
SHANK2	Alzheimer's disease	2.13	Hypothesized	Hypothesized	Hypothesized	False	fig3_alzheimer	universe450
SHANK2	Autism Spectrum Disorder	3.83	Established	Established	Established	True	asc_ref299	
SHANK2	bipolar disorder	2.5	Hypothesized	Existing	Hypothesized	False	asc_ref299	
SHANK2	congenital heart disease	1.06	Novel	Novel	Novel	False	fig3_chd	universe509
SHANK2	developmental disorder	3.83	Established	Established	Established	True	asc_ref299	
SHANK2	epilepsy	2.71	Existing	Existing	Existing	True	asc_ref299	
SHANK2	schizophrenia	3.17	Existing	Existing	Existing	True	asc_ref299	
SHANK2	type 2 diabetes	1.24	Novel	Novel	Novel	False	asc_ref299	
SHANK3	Alzheimer's disease	2.27	Hypothesized	Hypothesized	Hypothesized	False	fig3_alzheimer	universe450
SHANK3	Autism Spectrum Disorder	3.91	Established	Established	Established	True	asc_ref299	
SHANK3	bipolar disorder	3.2	Existing	Existing	Existing	True	asc_ref299	
SHANK3	congenital heart disease	2.86	Existing	Existing	Existing	True	fig3_chd	universe509
SHANK3	developmental disorder	3.89	Established	Established	Established	True	asc_ref299	
SHANK3	epilepsy	3.52	Established	Established	Established	True	asc_ref299	
SHANK3	schizophrenia	3.01	Existing	Existing	Existing	True	asc_ref299	
SHANK3	type 2 diabetes	1.2	Novel	Novel	Novel	False	asc_ref299	
SHC4	Alzheimer's disease	1.29	Novel	Novel	Novel	False	fig3_alzheimer	universe450
SHC4	Autism Spectrum Disorder	1.91	Hypothesized	Hypothesized	Hypothesized	False	random50_ann	random50_ann
SHC4	bipolar disorder	2.65	Existing	Existing	Existing	True	random50_ann	random50_ann
SHC4	congenital heart disease	2.27	Hypothesized	Hypothesized	Hypothesized	False	fig3_chd	universe509
SHC4	developmental disorder	2.13	Hypothesized	Hypothesized	Hypothesized	False	random50_ann	random50_ann
SHC4	epilepsy	1.39	Novel	Novel	Novel	False	random50_ann	random50_ann
SHC4	schizophrenia	2.16	Hypothesized	Hypothesized	Hypothesized	False	random50_ann	random50_ann
SHC4	type 2 diabetes	1.17	Novel	Novel	Novel	False	random50_ann	random50_ann
SHFL	Alzheimer's disease	1.09	Novel	Novel	Novel	False	fig3_alzheimer	universe450
SHFL	Autism Spectrum Disorder	1.91	Hypothesized	Hypothesized	Hypothesized	False	extra50_random	random50
SHFL	bipolar disorder	1.14	Novel	Novel	Novel	False	fig3_four_phenos	
SHFL	congenital heart disease	1.07	Novel	Novel	Novel	False	fig3_chd	universe509
SHFL	developmental disorder	1.36	Novel	Novel	Novel	False	fig3_four_phenos	
SHFL	epilepsy	1.22	Novel	Novel	Novel	False	fig3_four_phenos	
SHFL	schizophrenia	1.06	Novel	Novel	Novel	False	extra50_random	random50
SHFL	type 2 diabetes	1.06	Novel	Novel	Novel	False	fig3_four_phenos	
SIGLEC15	Alzheimer's disease	1.75	Hypothesized	Hypothesized	Hypothesized	False	fig3_alzheimer	universe450
SIGLEC15	Autism Spectrum Disorder	1.06	Novel	Novel	Novel	False	asd_extra101	random
SIGLEC15	bipolar disorder	1.06	Novel	Novel	Novel	False	fig3_four_phenos	
SIGLEC15	congenital heart disease	1.08	Novel	Novel	Novel	False	fig3_chd	universe509
SIGLEC15	developmental disorder	1.88	Hypothesized	Hypothesized	Hypothesized	False	fig3_four_phenos	
SIGLEC15	epilepsy	1.06	Novel	Novel	Novel	False	fig3_four_phenos	
SIGLEC15	schizophrenia	1.06	Novel	Novel	Novel	False	scz_extra101	random
SIGLEC15	type 2 diabetes	1.39	Novel	Novel	Novel	False	fig3_four_phenos	
SIN3A	Alzheimer's disease	1.78	Hypothesized	Hypothesized	Hypothesized	False	fig3_alzheimer	universe450
SIN3A	Autism Spectrum Disorder	3.38	Existing	Established	Existing	True	asc_ref299	
SIN3A	bipolar disorder	1.45	Novel	Novel	Novel	False	asc_ref299	
SIN3A	congenital heart disease	2.2	Hypothesized	Hypothesized	Hypothesized	False	fig3_chd	universe509
SIN3A	developmental disorder	3.94	Established	Established	Established	True	asc_ref299	
SIN3A	epilepsy	2.99	Existing	Existing	Existing	True	asc_ref299	
SIN3A	schizophrenia	1.81	Hypothesized	Hypothesized	Hypothesized	False	asc_ref299	
SIN3A	type 2 diabetes	2.03	Hypothesized	Hypothesized	Hypothesized	False	asc_ref299	
SKI	Alzheimer's disease	1.2	Novel	Novel	Novel	False	fig3_alzheimer	universe450
SKI	Autism Spectrum Disorder	2.33	Hypothesized	Hypothesized	Hypothesized	False	asc_ref299	
SKI	bipolar disorder	1.12	Novel	Novel	Novel	False	asc_ref299	
SKI	congenital heart disease	2.87	Existing	Existing	Existing	True	fig3_chd	universe509
SKI	developmental disorder	3.8	Established	Established	Established	True	asc_ref299	
SKI	epilepsy	2.47	Hypothesized	Existing	Hypothesized	False	asc_ref299	
SKI	schizophrenia	1.39	Novel	Novel	Novel	False	asc_ref299	
SKI	type 2 diabetes	2.04	Hypothesized	Hypothesized	Hypothesized	False	asc_ref299	
SKOR2	Alzheimer's disease	1.06	Novel	Novel	Novel	False	fig3_alzheimer	universe450
SKOR2	Autism Spectrum Disorder	2.11	Hypothesized	Hypothesized	Hypothesized	False	asd_extra101	random
SKOR2	bipolar disorder	1.36	Novel	Novel	Novel	False	fig3_four_phenos	
SKOR2	congenital heart disease	1.09	Novel	Novel	Novel	False	fig3_chd	universe509
SKOR2	developmental disorder	3.75	Established	Established	Established	True	fig3_four_phenos	
SKOR2	epilepsy	2.0	Hypothesized	Hypothesized	Hypothesized	False	fig3_four_phenos	
SKOR2	schizophrenia	1.28	Novel	Novel	Novel	False	scz_extra101	random
SKOR2	type 2 diabetes	1.15	Novel	Novel	Novel	False	fig3_four_phenos	
SLC17A8	Alzheimer's disease	2.31	Hypothesized	Hypothesized	Hypothesized	False	fig3_alzheimer	universe450
SLC17A8	Autism Spectrum Disorder	1.51	Hypothesized	Novel	Hypothesized	False	asc_ref299	
SLC17A8	bipolar disorder	1.98	Hypothesized	Hypothesized	Hypothesized	False	asc_ref299	
SLC17A8	congenital heart disease	1.06	Novel	Novel	Novel	False	fig3_chd	universe509
SLC17A8	developmental disorder	3.26	Existing	Established	Existing	True	asc_ref299	
SLC17A8	epilepsy	2.1	Hypothesized	Hypothesized	Hypothesized	False	asc_ref299	
SLC17A8	schizophrenia	1.99	Hypothesized	Hypothesized	Hypothesized	False	asc_ref299	
SLC17A8	type 2 diabetes	1.29	Novel	Novel	Novel	False	asc_ref299	
SLC26A7	Alzheimer's disease	2.54	Existing	Existing	Existing	True	random50_ann2	random50_ann2
SLC26A7	Autism Spectrum Disorder	1.34	Novel	Novel	Novel	False	random50_ann2	random50_ann2
SLC26A7	bipolar disorder	1.09	Novel	Novel	Novel	False	random50_ann2	random50_ann2
SLC26A7	congenital heart disease	1.18	Novel	Novel	Novel	False	fig3_chd	universe509
SLC26A7	developmental disorder	3.53	Established	Established	Established	True	random50_ann2	random50_ann2
SLC26A7	epilepsy	1.12	Novel	Novel	Novel	False	random50_ann2	random50_ann2
SLC26A7	schizophrenia	1.09	Novel	Novel	Novel	False	random50_ann2	random50_ann2
SLC26A7	type 2 diabetes	1.09	Novel	Novel	Novel	False	random50_ann2	random50_ann2
SLC27A3	Alzheimer's disease	1.53	Hypothesized	Novel	Hypothesized	False	fig3_alzheimer	universe450
SLC27A3	Autism Spectrum Disorder	2.3	Hypothesized	Hypothesized	Hypothesized	False	asc_ref299	
SLC27A3	bipolar disorder	1.55	Hypothesized	Novel	Hypothesized	False	asc_ref299	
SLC27A3	congenital heart disease	1.41	Novel	Novel	Novel	False	fig3_chd	universe509
SLC27A3	developmental disorder	3.25	Existing	Existing	Existing	True	asc_ref299	
SLC27A3	epilepsy	2.91	Existing	Existing	Existing	True	asc_ref299	
SLC27A3	schizophrenia	1.79	Hypothesized	Hypothesized	Hypothesized	False	asc_ref299	
SLC27A3	type 2 diabetes	1.97	Hypothesized	Hypothesized	Hypothesized	False	asc_ref299	
SLC2A1	Alzheimer's disease	2.79	Existing	Existing	Existing	True	fig3_alzheimer	universe450
SLC2A1	Autism Spectrum Disorder	2.54	Existing	Existing	Existing	True	extra50_random	random50
SLC2A1	bipolar disorder	1.88	Hypothesized	Hypothesized	Hypothesized	False	fig3_four_phenos	
SLC2A1	congenital heart disease	1.06	Novel	Novel	Novel	False	fig3_chd	universe509
SLC2A1	developmental disorder	3.88	Established	Established	Established	True	fig3_four_phenos	
SLC2A1	epilepsy	3.94	Established	Established	Established	True	fig3_four_phenos	
SLC2A1	schizophrenia	2.04	Hypothesized	Hypothesized	Hypothesized	False	extra50_random	random50
SLC2A1	type 2 diabetes	2.88	Existing	Existing	Existing	True	fig3_four_phenos	
SLC2A10	Alzheimer's disease	1.16	Novel	Novel	Novel	False	random50_ann2	random50_ann2
SLC2A10	Autism Spectrum Disorder	1.35	Novel	Novel	Novel	False	random50_ann2	random50_ann2
SLC2A10	bipolar disorder	1.09	Novel	Novel	Novel	False	random50_ann2	random50_ann2
SLC2A10	congenital heart disease	3.42	Existing	Established	Existing	True	fig3_chd	universe509
SLC2A10	developmental disorder	3.75	Established	Established	Established	True	random50_ann2	random50_ann2
SLC2A10	epilepsy	2.26	Hypothesized	Existing	Hypothesized	False	random50_ann2	random50_ann2
SLC2A10	schizophrenia	1.35	Novel	Novel	Novel	False	random50_ann2	random50_ann2
SLC2A10	type 2 diabetes	2.69	Existing	Existing	Existing	True	random50_ann2	random50_ann2
SLC35C1	Alzheimer's disease	1.17	Novel	Novel	Novel	False	random50_ann2	random50_ann2
SLC35C1	Autism Spectrum Disorder	2.14	Hypothesized	Hypothesized	Hypothesized	False	random50_ann2	random50_ann2
SLC35C1	bipolar disorder	1.17	Novel	Novel	Novel	False	random50_ann2	random50_ann2
SLC35C1	congenital heart disease	1.35	Novel	Novel	Novel	False	fig3_chd	universe509
SLC35C1	developmental disorder	3.92	Established	Established	Established	True	random50_ann2	random50_ann2
SLC35C1	epilepsy	1.66	Hypothesized	Novel	Hypothesized	False	random50_ann2	random50_ann2
SLC35C1	schizophrenia	1.17	Novel	Novel	Novel	False	random50_ann2	random50_ann2
SLC35C1	type 2 diabetes	1.19	Novel	Novel	Novel	False	random50_ann2	random50_ann2
SLC6A1	Alzheimer's disease	2.08	Hypothesized	Hypothesized	Hypothesized	False	fig3_alzheimer	universe450
SLC6A1	Autism Spectrum Disorder	3.54	Established	Established	Established	True	asc_ref299	
SLC6A1	bipolar disorder	1.72	Hypothesized	Novel	Hypothesized	False	asc_ref299	
SLC6A1	congenital heart disease	1.54	Hypothesized	Novel	Hypothesized	False	fig3_chd	universe509
SLC6A1	developmental disorder	3.95	Established	Established	Established	True	asc_ref299	
SLC6A1	epilepsy	3.95	Established	Established	Established	True	asc_ref299	
SLC6A1	schizophrenia	3.09	Existing	Existing	Existing	True	asc_ref299	
SLC6A1	type 2 diabetes	1.12	Novel	Novel	Novel	False	asc_ref299	
SLF1	Alzheimer's disease	1.06	Novel	Novel	Novel	False	fig3_alzheimer	universe450
SLF1	Autism Spectrum Disorder	1.93	Hypothesized	Hypothesized	Hypothesized	False	asd_extra101	random
SLF1	bipolar disorder	1.19	Novel	Novel	Novel	False	fig3_four_phenos	
SLF1	congenital heart disease	1.8	Hypothesized	Hypothesized	Hypothesized	False	fig3_chd	universe509
SLF1	developmental disorder	2.64	Existing	Existing	Existing	True	fig3_four_phenos	
SLF1	epilepsy	2.65	Existing	Existing	Existing	True	fig3_four_phenos	
SLF1	schizophrenia	1.41	Novel	Novel	Novel	False	scz_extra101	random
SLF1	type 2 diabetes	1.06	Novel	Novel	Novel	False	fig3_four_phenos	
SLTM	Alzheimer's disease	1.12	Novel	Novel	Novel	False	fig3_alzheimer	universe450
SLTM	Autism Spectrum Disorder	1.44	Novel	Novel	Novel	False	asc_ref299	
SLTM	bipolar disorder	1.12	Novel	Novel	Novel	False	asc_ref299	
SLTM	congenital heart disease	2.38	Hypothesized	Hypothesized	Hypothesized	False	fig3_chd	universe509
SLTM	developmental disorder	2.0	Hypothesized	Hypothesized	Hypothesized	False	asc_ref299	
SLTM	epilepsy	1.41	Novel	Novel	Novel	False	asc_ref299	
SLTM	schizophrenia	1.26	Novel	Novel	Novel	False	asc_ref299	
SLTM	type 2 diabetes	2.86	Existing	Existing	Existing	True	asc_ref299	
SMAD2	Alzheimer's disease	2.04	Hypothesized	Hypothesized	Hypothesized	False	fig3_chd	pcgc_sig60
SMAD2	Autism Spectrum Disorder	1.4	Novel	Novel	Novel	False	fig3_chd	pcgc_sig60
SMAD2	bipolar disorder	1.06	Novel	Novel	Novel	False	fig3_chd	pcgc_sig60
SMAD2	congenital heart disease	3.55	Established	Established	Established	True	fig3_chd	pcgc_sig60
SMAD2	developmental disorder	3.03	Existing	Existing	Existing	True	fig3_chd	pcgc_sig60
SMAD2	epilepsy	2.63	Existing	Existing	Existing	True	fig3_chd	pcgc_sig60
SMAD2	schizophrenia	2.14	Hypothesized	Hypothesized	Hypothesized	False	fig3_chd	pcgc_sig60
SMAD2	type 2 diabetes	2.08	Hypothesized	Hypothesized	Hypothesized	False	fig3_chd	pcgc_sig60
SMAD4	Alzheimer's disease	2.09	Hypothesized	Hypothesized	Hypothesized	False	fig3_alzheimer	universe450
SMAD4	Autism Spectrum Disorder	3.45	Existing	Established	Existing	True	asc_ref299	
SMAD4	bipolar disorder	2.69	Existing	Existing	Existing	True	asc_ref299	
SMAD4	congenital heart disease	3.66	Established	Established	Established	True	fig3_chd	universe509
SMAD4	developmental disorder	3.95	Established	Established	Established	True	asc_ref299	
SMAD4	epilepsy	2.26	Hypothesized	Existing	Hypothesized	False	asc_ref299	
SMAD4	schizophrenia	2.76	Existing	Existing	Existing	True	asc_ref299	
SMAD4	type 2 diabetes	2.15	Hypothesized	Hypothesized	Hypothesized	False	asc_ref299	
SMAD6	Alzheimer's disease	1.41	Novel	Novel	Novel	False	fig3_chd	pcgc_sig60
SMAD6	Autism Spectrum Disorder	3.17	Existing	Existing	Existing	True	fig3_chd	pcgc_sig60
SMAD6	bipolar disorder	1.23	Novel	Novel	Novel	False	fig3_chd	pcgc_sig60
SMAD6	congenital heart disease	3.76	Established	Established	Established	True	fig3_chd	pcgc_sig60
SMAD6	developmental disorder	3.5	Established	Established	Established	True	fig3_chd	pcgc_sig60
SMAD6	epilepsy	1.69	Hypothesized	Novel	Hypothesized	False	fig3_chd	pcgc_sig60
SMAD6	schizophrenia	1.66	Hypothesized	Novel	Hypothesized	False	fig3_chd	pcgc_sig60
SMAD6	type 2 diabetes	2.41	Hypothesized	Hypothesized	Hypothesized	False	fig3_chd	pcgc_sig60
SMARCA2	Alzheimer's disease	2.71	Existing	Existing	Existing	True	fig3_alzheimer	universe450
SMARCA2	Autism Spectrum Disorder	2.77	Existing	Existing	Existing	True	asc_ref299	
SMARCA2	bipolar disorder	2.05	Hypothesized	Hypothesized	Hypothesized	False	asc_ref299	
SMARCA2	congenital heart disease	2.84	Existing	Existing	Existing	True	fig3_chd	universe509
SMARCA2	developmental disorder	3.95	Established	Established	Established	True	asc_ref299	
SMARCA2	epilepsy	3.85	Established	Established	Established	True	asc_ref299	
SMARCA2	schizophrenia	2.84	Existing	Existing	Existing	True	asc_ref299	
SMARCA2	type 2 diabetes	1.98	Hypothesized	Hypothesized	Hypothesized	False	asc_ref299	
SMARCA4	Alzheimer's disease	2.52	Existing	Existing	Existing	True	fig3_alzheimer	universe450
SMARCA4	Autism Spectrum Disorder	3.3	Existing	Existing	Existing	True	asc_ref299	
SMARCA4	bipolar disorder	1.9	Hypothesized	Hypothesized	Hypothesized	False	asc_ref299	
SMARCA4	congenital heart disease	3.13	Existing	Existing	Existing	True	fig3_chd	universe509
SMARCA4	developmental disorder	3.94	Established	Established	Established	True	asc_ref299	
SMARCA4	epilepsy	3.01	Existing	Existing	Existing	True	asc_ref299	
SMARCA4	schizophrenia	2.34	Hypothesized	Hypothesized	Hypothesized	False	asc_ref299	
SMARCA4	type 2 diabetes	1.98	Hypothesized	Hypothesized	Hypothesized	False	asc_ref299	
SMARCB1	Alzheimer's disease	1.21	Novel	Novel	Novel	False	fig3_alzheimer	universe450
SMARCB1	Autism Spectrum Disorder	2.98	Existing	Existing	Existing	True	asc_ref299	
SMARCB1	bipolar disorder	1.17	Novel	Novel	Novel	False	asc_ref299	
SMARCB1	congenital heart disease	2.7	Existing	Existing	Existing	True	fig3_chd	universe509
SMARCB1	developmental disorder	3.95	Established	Established	Established	True	asc_ref299	
SMARCB1	epilepsy	2.9	Existing	Existing	Existing	True	asc_ref299	
SMARCB1	schizophrenia	1.28	Novel	Novel	Novel	False	asc_ref299	
SMARCB1	type 2 diabetes	1.07	Novel	Novel	Novel	False	asc_ref299	
SMARCC1	Alzheimer's disease	1.11	Novel	Novel	Novel	False	fig3_chd	pcgc_sig60
SMARCC1	Autism Spectrum Disorder	2.14	Hypothesized	Hypothesized	Hypothesized	False	fig3_chd	pcgc_sig60
SMARCC1	bipolar disorder	1.41	Novel	Novel	Novel	False	fig3_chd	pcgc_sig60
SMARCC1	congenital heart disease	2.79	Existing	Existing	Existing	True	fig3_chd	pcgc_sig60
SMARCC1	developmental disorder	3.67	Established	Established	Established	True	fig3_chd	pcgc_sig60
SMARCC1	epilepsy	2.09	Hypothesized	Hypothesized	Hypothesized	False	fig3_chd	pcgc_sig60
SMARCC1	schizophrenia	1.57	Hypothesized	Novel	Hypothesized	False	fig3_chd	pcgc_sig60
SMARCC1	type 2 diabetes	1.3	Novel	Novel	Novel	False	fig3_chd	pcgc_sig60
SMC3	Alzheimer's disease	1.56	Hypothesized	Novel	Hypothesized	False	random50_ann2	random50_ann2
SMC3	Autism Spectrum Disorder	2.75	Existing	Existing	Existing	True	random50_ann2	random50_ann2
SMC3	bipolar disorder	2.0	Hypothesized	Hypothesized	Hypothesized	False	random50_ann2	random50_ann2
SMC3	congenital heart disease	3.26	Existing	Established	Existing	True	fig3_chd	universe509
SMC3	developmental disorder	3.91	Established	Established	Established	True	random50_ann2	random50_ann2
SMC3	epilepsy	2.34	Hypothesized	Existing	Hypothesized	False	random50_ann2	random50_ann2
SMC3	schizophrenia	2.16	Hypothesized	Hypothesized	Hypothesized	False	random50_ann2	random50_ann2
SMC3	type 2 diabetes	1.17	Novel	Novel	Novel	False	random50_ann2	random50_ann2
SNN	Alzheimer's disease	1.46	Novel	Novel	Novel	False	fig3_alzheimer	universe450
SNN	Autism Spectrum Disorder	1.25	Novel	Novel	Novel	False	extra50_random	random50
SNN	bipolar disorder	1.17	Novel	Novel	Novel	False	fig3_four_phenos	
SNN	congenital heart disease	1.1	Novel	Novel	Novel	False	fig3_chd	universe509
SNN	developmental disorder	1.49	Novel	Novel	Novel	False	fig3_four_phenos	
SNN	epilepsy	1.79	Hypothesized	Hypothesized	Hypothesized	False	fig3_four_phenos	
SNN	schizophrenia	1.31	Novel	Novel	Novel	False	extra50_random	random50
SNN	type 2 diabetes	1.63	Hypothesized	Novel	Hypothesized	False	fig3_four_phenos	
SON	Alzheimer's disease	1.16	Novel	Novel	Novel	False	fig3_alzheimer	universe450
SON	Autism Spectrum Disorder	3.2	Existing	Existing	Existing	True	asc_ref299	
SON	bipolar disorder	1.17	Novel	Novel	Novel	False	asc_ref299	
SON	congenital heart disease	3.43	Existing	Established	Existing	True	fig3_chd	universe509
SON	developmental disorder	3.96	Established	Established	Established	True	asc_ref299	
SON	epilepsy	3.78	Established	Established	Established	True	asc_ref299	
SON	schizophrenia	1.36	Novel	Novel	Novel	False	asc_ref299	
SON	type 2 diabetes	1.4	Novel	Novel	Novel	False	asc_ref299	
SORL1	Alzheimer's disease	3.79	Established	Established	Established	True	fig3_alzheimer	gencc9_ad
SORL1	Autism Spectrum Disorder	2.57	Existing	Existing	Existing	True	fig3_alzheimer	gencc9_ad
SORL1	bipolar disorder	1.85	Hypothesized	Novel	Hypothesized	False	fig3_alzheimer	gencc9_ad
SORL1	congenital heart disease	1.18	Novel	Novel	Novel	False	fig3_chd	universe509
SORL1	developmental disorder	1.39	Novel	Novel	Novel	False	fig3_alzheimer	gencc9_ad
SORL1	epilepsy	1.79	Hypothesized	Novel	Hypothesized	False	fig3_alzheimer	gencc9_ad
SORL1	schizophrenia	1.89	Hypothesized	Hypothesized	Hypothesized	False	fig3_alzheimer	gencc9_ad
SORL1	type 2 diabetes	2.19	Hypothesized	Hypothesized	Hypothesized	False	fig3_alzheimer	gencc9_ad
SOS1	Alzheimer's disease	2.03	Hypothesized	Hypothesized	Hypothesized	False	fig3_chd	pcgc_sig60
SOS1	Autism Spectrum Disorder	2.45	Hypothesized	Existing	Hypothesized	False	fig3_chd	pcgc_sig60
SOS1	bipolar disorder	1.24	Novel	Novel	Novel	False	fig3_chd	pcgc_sig60
SOS1	congenital heart disease	3.86	Established	Established	Established	True	fig3_chd	pcgc_sig60
SOS1	developmental disorder	3.94	Established	Established	Established	True	fig3_chd	pcgc_sig60
SOS1	epilepsy	1.94	Hypothesized	Hypothesized	Hypothesized	False	fig3_chd	pcgc_sig60
SOS1	schizophrenia	2.04	Hypothesized	Hypothesized	Hypothesized	False	fig3_chd	pcgc_sig60
SOS1	type 2 diabetes	2.78	Existing	Existing	Existing	True	fig3_chd	pcgc_sig60
SOX11	Alzheimer's disease	1.94	Hypothesized	Hypothesized	Hypothesized	False	fig3_alzheimer	universe450
SOX11	Autism Spectrum Disorder	3.02	Existing	Existing	Existing	True	asc_ref299	
SOX11	bipolar disorder	1.41	Novel	Novel	Novel	False	asc_ref299	
SOX11	congenital heart disease	2.09	Hypothesized	Hypothesized	Hypothesized	False	fig3_chd	universe509
SOX11	developmental disorder	3.94	Established	Established	Established	True	asc_ref299	
SOX11	epilepsy	2.32	Hypothesized	Hypothesized	Hypothesized	False	asc_ref299	
SOX11	schizophrenia	2.81	Existing	Existing	Existing	True	asc_ref299	
SOX11	type 2 diabetes	1.93	Hypothesized	Hypothesized	Hypothesized	False	asc_ref299	
SOX21	Alzheimer's disease	2.07	Hypothesized	Hypothesized	Hypothesized	False	fig3_alzheimer	universe450
SOX21	Autism Spectrum Disorder	1.67	Hypothesized	Hypothesized	Hypothesized	False	extra50_random	random50
SOX21	bipolar disorder	1.22	Novel	Novel	Novel	False	fig3_four_phenos	
SOX21	congenital heart disease	1.51	Hypothesized	Novel	Hypothesized	False	fig3_chd	universe509
SOX21	developmental disorder	2.44	Hypothesized	Existing	Hypothesized	False	fig3_four_phenos	
SOX21	epilepsy	1.53	Hypothesized	Novel	Hypothesized	False	fig3_four_phenos	
SOX21	schizophrenia	1.44	Novel	Novel	Novel	False	extra50_random	random50
SOX21	type 2 diabetes	1.29	Novel	Novel	Novel	False	fig3_four_phenos	
SOX5	Alzheimer's disease	2.76	Existing	Existing	Existing	True	fig3_alzheimer	universe450
SOX5	Autism Spectrum Disorder	3.37	Existing	Established	Existing	True	asc_ref299	
SOX5	bipolar disorder	2.36	Hypothesized	Existing	Hypothesized	False	asc_ref299	
SOX5	congenital heart disease	1.69	Hypothesized	Novel	Hypothesized	False	fig3_chd	universe509
SOX5	developmental disorder	3.94	Established	Established	Established	True	asc_ref299	
SOX5	epilepsy	3.24	Existing	Existing	Existing	True	asc_ref299	
SOX5	schizophrenia	2.14	Hypothesized	Hypothesized	Hypothesized	False	asc_ref299	
SOX5	type 2 diabetes	2.29	Hypothesized	Hypothesized	Hypothesized	False	asc_ref299	
SP4	Alzheimer's disease	2.26	Hypothesized	Hypothesized	Hypothesized	False	fig3_alzheimer	universe450
SP4	Autism Spectrum Disorder	1.95	Hypothesized	Hypothesized	Hypothesized	False	asc_ref299	
SP4	bipolar disorder	2.97	Existing	Existing	Existing	True	asc_ref299	
SP4	congenital heart disease	1.14	Novel	Novel	Novel	False	fig3_chd	universe509
SP4	developmental disorder	2.22	Hypothesized	Hypothesized	Hypothesized	False	asc_ref299	
SP4	epilepsy	2.64	Existing	Existing	Existing	True	asc_ref299	
SP4	schizophrenia	3.67	Established	Established	Established	True	asc_ref299	
SP4	type 2 diabetes	1.45	Novel	Novel	Novel	False	asc_ref299	
SPATA31A6	Alzheimer's disease	1.07	Novel	Novel	Novel	False	fig3_alzheimer	universe450
SPATA31A6	Autism Spectrum Disorder	1.09	Novel	Novel	Novel	False	extra50_random	random50
SPATA31A6	bipolar disorder	1.07	Novel	Novel	Novel	False	fig3_four_phenos	
SPATA31A6	congenital heart disease	1.07	Novel	Novel	Novel	False	fig3_chd	universe509
SPATA31A6	developmental disorder	1.09	Novel	Novel	Novel	False	fig3_four_phenos	
SPATA31A6	epilepsy	1.09	Novel	Novel	Novel	False	fig3_four_phenos	
SPATA31A6	schizophrenia	1.07	Novel	Novel	Novel	False	extra50_random	random50
SPATA31A6	type 2 diabetes	1.07	Novel	Novel	Novel	False	fig3_four_phenos	
SPEN	Alzheimer's disease	1.12	Novel	Novel	Novel	False	fig3_alzheimer	universe450
SPEN	Autism Spectrum Disorder	3.55	Established	Established	Established	True	asc_ref299	
SPEN	bipolar disorder	1.4	Novel	Novel	Novel	False	asc_ref299	
SPEN	congenital heart disease	3.07	Existing	Existing	Existing	True	fig3_chd	universe509
SPEN	developmental disorder	3.94	Established	Established	Established	True	asc_ref299	
SPEN	epilepsy	2.05	Hypothesized	Hypothesized	Hypothesized	False	asc_ref299	
SPEN	schizophrenia	1.44	Novel	Novel	Novel	False	asc_ref299	
SPEN	type 2 diabetes	2.29	Hypothesized	Hypothesized	Hypothesized	False	asc_ref299	
SPIB	Alzheimer's disease	1.69	Hypothesized	Hypothesized	Hypothesized	False	fig3_alzheimer	universe450
SPIB	Autism Spectrum Disorder	1.06	Novel	Novel	Novel	False	extra50_random	random50
SPIB	bipolar disorder	1.06	Novel	Novel	Novel	False	fig3_four_phenos	
SPIB	congenital heart disease	1.17	Novel	Novel	Novel	False	fig3_chd	universe509
SPIB	developmental disorder	1.75	Hypothesized	Hypothesized	Hypothesized	False	fig3_four_phenos	
SPIB	epilepsy	1.89	Hypothesized	Hypothesized	Hypothesized	False	fig3_four_phenos	
SPIB	schizophrenia	1.06	Novel	Novel	Novel	False	extra50_random	random50
SPIB	type 2 diabetes	1.19	Novel	Novel	Novel	False	fig3_four_phenos	
SPPL3	Alzheimer's disease	1.68	Hypothesized	Hypothesized	Hypothesized	False	fig3_alzheimer	universe450
SPPL3	Autism Spectrum Disorder	2.79	Existing	Existing	Existing	True	asc_ref299	
SPPL3	bipolar disorder	1.53	Hypothesized	Novel	Hypothesized	False	asc_ref299	
SPPL3	congenital heart disease	1.35	Novel	Novel	Novel	False	fig3_chd	universe509
SPPL3	developmental disorder	2.63	Existing	Existing	Existing	True	asc_ref299	
SPPL3	epilepsy	1.99	Hypothesized	Hypothesized	Hypothesized	False	asc_ref299	
SPPL3	schizophrenia	1.57	Hypothesized	Novel	Hypothesized	False	asc_ref299	
SPPL3	type 2 diabetes	1.43	Novel	Novel	Novel	False	asc_ref299	
SPR	Alzheimer's disease	1.26	Novel	Novel	Novel	False	fig3_alzheimer	universe450
SPR	Autism Spectrum Disorder	2.11	Hypothesized	Hypothesized	Hypothesized	False	asd_extra101	random
SPR	bipolar disorder	2.85	Existing	Existing	Existing	True	fig3_four_phenos	
SPR	congenital heart disease	1.12	Novel	Novel	Novel	False	fig3_chd	universe509
SPR	developmental disorder	3.88	Established	Established	Established	True	fig3_four_phenos	
SPR	epilepsy	2.51	Existing	Existing	Existing	True	fig3_four_phenos	
SPR	schizophrenia	2.66	Existing	Existing	Existing	True	scz_extra101	random
SPR	type 2 diabetes	1.28	Novel	Novel	Novel	False	fig3_four_phenos	
SPTBN1	Alzheimer's disease	1.65	Hypothesized	Hypothesized	Hypothesized	False	fig3_alzheimer	universe450
SPTBN1	Autism Spectrum Disorder	3.6	Established	Established	Established	True	asc_ref299	
SPTBN1	bipolar disorder	1.91	Hypothesized	Hypothesized	Hypothesized	False	asc_ref299	
SPTBN1	congenital heart disease	2.46	Hypothesized	Existing	Hypothesized	False	fig3_chd	universe509
SPTBN1	developmental disorder	3.95	Established	Established	Established	True	asc_ref299	
SPTBN1	epilepsy	3.67	Established	Established	Established	True	asc_ref299	
SPTBN1	schizophrenia	1.53	Hypothesized	Novel	Hypothesized	False	asc_ref299	
SPTBN1	type 2 diabetes	1.27	Novel	Novel	Novel	False	asc_ref299	
SPTSSB	Alzheimer's disease	2.04	Hypothesized	Hypothesized	Hypothesized	False	fig3_alzheimer	universe450
SPTSSB	Autism Spectrum Disorder	1.27	Novel	Novel	Novel	False	extra50_random	random50
SPTSSB	bipolar disorder	1.3	Novel	Novel	Novel	False	fig3_four_phenos	
SPTSSB	congenital heart disease	1.07	Novel	Novel	Novel	False	fig3_chd	universe509
SPTSSB	developmental disorder	1.84	Hypothesized	Hypothesized	Hypothesized	False	fig3_four_phenos	
SPTSSB	epilepsy	1.55	Hypothesized	Novel	Hypothesized	False	fig3_four_phenos	
SPTSSB	schizophrenia	1.27	Novel	Novel	Novel	False	extra50_random	random50
SPTSSB	type 2 diabetes	1.46	Novel	Novel	Novel	False	fig3_four_phenos	
SRCAP	Alzheimer's disease	2.81	Existing	Existing	Existing	True	fig3_alzheimer	universe450
SRCAP	Autism Spectrum Disorder	2.95	Existing	Existing	Existing	True	asc_ref299	
SRCAP	bipolar disorder	2.85	Existing	Existing	Existing	True	asc_ref299	
SRCAP	congenital heart disease	2.7	Existing	Existing	Existing	True	fig3_chd	universe509
SRCAP	developmental disorder	3.95	Established	Established	Established	True	asc_ref299	
SRCAP	epilepsy	3.44	Existing	Established	Existing	True	asc_ref299	
SRCAP	schizophrenia	2.75	Existing	Existing	Existing	True	asc_ref299	
SRCAP	type 2 diabetes	1.13	Novel	Novel	Novel	False	asc_ref299	
SRSF1	Alzheimer's disease	2.32	Hypothesized	Hypothesized	Hypothesized	False	fig3_alzheimer	universe450
SRSF1	Autism Spectrum Disorder	2.81	Existing	Existing	Existing	True	asc_ref299	
SRSF1	bipolar disorder	2.09	Hypothesized	Hypothesized	Hypothesized	False	asc_ref299	
SRSF1	congenital heart disease	2.92	Existing	Existing	Existing	True	fig3_chd	universe509
SRSF1	developmental disorder	3.18	Existing	Existing	Existing	True	asc_ref299	
SRSF1	epilepsy	2.21	Hypothesized	Hypothesized	Hypothesized	False	asc_ref299	
SRSF1	schizophrenia	2.19	Hypothesized	Hypothesized	Hypothesized	False	asc_ref299	
SRSF1	type 2 diabetes	1.99	Hypothesized	Hypothesized	Hypothesized	False	asc_ref299	
STAG1	Alzheimer's disease	1.11	Novel	Novel	Novel	False	fig3_alzheimer	universe450
STAG1	Autism Spectrum Disorder	2.76	Existing	Existing	Existing	True	asc_ref299	
STAG1	bipolar disorder	1.79	Hypothesized	Novel	Hypothesized	False	asc_ref299	
STAG1	congenital heart disease	1.82	Hypothesized	Hypothesized	Hypothesized	False	fig3_chd	universe509
STAG1	developmental disorder	3.94	Established	Established	Established	True	asc_ref299	
STAG1	epilepsy	3.09	Existing	Existing	Existing	True	asc_ref299	
STAG1	schizophrenia	3.07	Existing	Existing	Existing	True	asc_ref299	
STAG1	type 2 diabetes	1.49	Novel	Novel	Novel	False	asc_ref299	
STAT5A	Alzheimer's disease	2.11	Hypothesized	Hypothesized	Hypothesized	False	random50_ann2	random50_ann2
STAT5A	Autism Spectrum Disorder	2.04	Hypothesized	Hypothesized	Hypothesized	False	random50_ann2	random50_ann2
STAT5A	bipolar disorder	1.93	Hypothesized	Hypothesized	Hypothesized	False	random50_ann2	random50_ann2
STAT5A	congenital heart disease	1.43	Novel	Novel	Novel	False	fig3_chd	universe509
STAT5A	developmental disorder	1.9	Hypothesized	Hypothesized	Hypothesized	False	random50_ann2	random50_ann2
STAT5A	epilepsy	1.97	Hypothesized	Hypothesized	Hypothesized	False	random50_ann2	random50_ann2
STAT5A	schizophrenia	2.02	Hypothesized	Hypothesized	Hypothesized	False	random50_ann2	random50_ann2
STAT5A	type 2 diabetes	2.12	Hypothesized	Hypothesized	Hypothesized	False	random50_ann2	random50_ann2
STK38L	Alzheimer's disease	1.44	Novel	Novel	Novel	False	fig3_alzheimer	universe450
STK38L	Autism Spectrum Disorder	2.23	Hypothesized	Hypothesized	Hypothesized	False	asc_ref299	
STK38L	bipolar disorder	1.31	Novel	Novel	Novel	False	asc_ref299	
STK38L	congenital heart disease	1.97	Hypothesized	Hypothesized	Hypothesized	False	fig3_chd	universe509
STK38L	developmental disorder	2.32	Hypothesized	Hypothesized	Hypothesized	False	asc_ref299	
STK38L	epilepsy	2.26	Hypothesized	Hypothesized	Hypothesized	False	asc_ref299	
STK38L	schizophrenia	1.41	Novel	Novel	Novel	False	asc_ref299	
STK38L	type 2 diabetes	1.66	Hypothesized	Hypothesized	Hypothesized	False	asc_ref299	
STX1B	Alzheimer's disease	2.1	Hypothesized	Hypothesized	Hypothesized	False	fig3_alzheimer	universe450
STX1B	Autism Spectrum Disorder	2.39	Hypothesized	Existing	Hypothesized	False	asc_ref299	
STX1B	bipolar disorder	1.34	Novel	Novel	Novel	False	asc_ref299	
STX1B	congenital heart disease	1.1	Novel	Novel	Novel	False	fig3_chd	universe509
STX1B	developmental disorder	3.71	Established	Established	Established	True	asc_ref299	
STX1B	epilepsy	3.95	Established	Established	Established	True	asc_ref299	
STX1B	schizophrenia	1.43	Novel	Novel	Novel	False	asc_ref299	
STX1B	type 2 diabetes	1.34	Novel	Novel	Novel	False	asc_ref299	
STXBP1	Alzheimer's disease	2.22	Hypothesized	Hypothesized	Hypothesized	False	fig3_alzheimer	universe450
STXBP1	Autism Spectrum Disorder	3.3	Existing	Established	Existing	True	asc_ref299	
STXBP1	bipolar disorder	2.08	Hypothesized	Hypothesized	Hypothesized	False	asc_ref299	
STXBP1	congenital heart disease	1.06	Novel	Novel	Novel	False	fig3_chd	universe509
STXBP1	developmental disorder	3.94	Established	Established	Established	True	asc_ref299	
STXBP1	epilepsy	3.95	Established	Established	Established	True	asc_ref299	
STXBP1	schizophrenia	2.09	Hypothesized	Hypothesized	Hypothesized	False	asc_ref299	
STXBP1	type 2 diabetes	2.16	Hypothesized	Hypothesized	Hypothesized	False	asc_ref299	
SVEP1	Alzheimer's disease	2.81	Existing	Existing	Existing	True	fig3_chd	pcgc_sig60
SVEP1	Autism Spectrum Disorder	1.12	Novel	Novel	Novel	False	fig3_chd	pcgc_sig60
SVEP1	bipolar disorder	2.53	Existing	Existing	Existing	True	fig3_chd	pcgc_sig60
SVEP1	congenital heart disease	1.81	Hypothesized	Hypothesized	Hypothesized	False	fig3_chd	pcgc_sig60
SVEP1	developmental disorder	2.87	Existing	Existing	Existing	True	fig3_chd	pcgc_sig60
SVEP1	epilepsy	2.0	Hypothesized	Novel	Hypothesized	False	fig3_chd	pcgc_sig60
SVEP1	schizophrenia	1.62	Hypothesized	Novel	Hypothesized	False	fig3_chd	pcgc_sig60
SVEP1	type 2 diabetes	2.84	Existing	Existing	Existing	True	fig3_chd	pcgc_sig60
SYNCRIP	Alzheimer's disease	1.66	Hypothesized	Hypothesized	Hypothesized	False	fig3_alzheimer	universe450
SYNCRIP	Autism Spectrum Disorder	3.29	Existing	Established	Existing	True	asc_ref299	
SYNCRIP	bipolar disorder	1.52	Hypothesized	Novel	Hypothesized	False	asc_ref299	
SYNCRIP	congenital heart disease	1.54	Hypothesized	Novel	Hypothesized	False	fig3_chd	universe509
SYNCRIP	developmental disorder	3.84	Established	Established	Established	True	asc_ref299	
SYNCRIP	epilepsy	3.21	Existing	Existing	Existing	True	asc_ref299	
SYNCRIP	schizophrenia	1.73	Hypothesized	Hypothesized	Hypothesized	False	asc_ref299	
SYNCRIP	type 2 diabetes	1.29	Novel	Novel	Novel	False	asc_ref299	
SYNGAP1	Alzheimer's disease	2.01	Hypothesized	Hypothesized	Hypothesized	False	fig3_alzheimer	universe450
SYNGAP1	Autism Spectrum Disorder	3.75	Established	Established	Established	True	asc_ref299	
SYNGAP1	bipolar disorder	1.89	Hypothesized	Hypothesized	Hypothesized	False	asc_ref299	
SYNGAP1	congenital heart disease	1.06	Novel	Novel	Novel	False	fig3_chd	universe509
SYNGAP1	developmental disorder	3.95	Established	Established	Established	True	asc_ref299	
SYNGAP1	epilepsy	3.95	Established	Established	Established	True	asc_ref299	
SYNGAP1	schizophrenia	2.66	Existing	Existing	Existing	True	asc_ref299	
SYNGAP1	type 2 diabetes	1.29	Novel	Novel	Novel	False	asc_ref299	
SYT1	Alzheimer's disease	2.47	Hypothesized	Hypothesized	Hypothesized	False	fig3_alzheimer	universe450
SYT1	Autism Spectrum Disorder	2.84	Existing	Existing	Existing	True	asc_ref299	
SYT1	bipolar disorder	1.92	Hypothesized	Hypothesized	Hypothesized	False	asc_ref299	
SYT1	congenital heart disease	1.14	Novel	Novel	Novel	False	fig3_chd	universe509
SYT1	developmental disorder	3.95	Established	Established	Established	True	asc_ref299	
SYT1	epilepsy	2.23	Hypothesized	Hypothesized	Hypothesized	False	asc_ref299	
SYT1	schizophrenia	2.16	Hypothesized	Hypothesized	Hypothesized	False	asc_ref299	
SYT1	type 2 diabetes	2.11	Hypothesized	Hypothesized	Hypothesized	False	asc_ref299	
TAF4	Alzheimer's disease	1.52	Hypothesized	Novel	Hypothesized	False	fig3_alzheimer	universe450
TAF4	Autism Spectrum Disorder	2.57	Existing	Existing	Existing	True	asc_ref299	
TAF4	bipolar disorder	1.46	Novel	Novel	Novel	False	asc_ref299	
TAF4	congenital heart disease	1.36	Novel	Novel	Novel	False	fig3_chd	universe509
TAF4	developmental disorder	3.11	Existing	Existing	Existing	True	asc_ref299	
TAF4	epilepsy	2.32	Hypothesized	Existing	Hypothesized	False	asc_ref299	
TAF4	schizophrenia	1.75	Hypothesized	Hypothesized	Hypothesized	False	asc_ref299	
TAF4	type 2 diabetes	1.43	Novel	Novel	Novel	False	asc_ref299	
TANC2	Alzheimer's disease	1.22	Novel	Novel	Novel	False	fig3_alzheimer	universe450
TANC2	Autism Spectrum Disorder	3.48	Existing	Established	Existing	True	asc_ref299	
TANC2	bipolar disorder	2.32	Hypothesized	Existing	Hypothesized	False	asc_ref299	
TANC2	congenital heart disease	1.36	Novel	Novel	Novel	False	fig3_chd	universe509
TANC2	developmental disorder	3.92	Established	Established	Established	True	asc_ref299	
TANC2	epilepsy	3.83	Established	Established	Established	True	asc_ref299	
TANC2	schizophrenia	2.47	Hypothesized	Existing	Hypothesized	False	asc_ref299	
TANC2	type 2 diabetes	1.37	Novel	Novel	Novel	False	asc_ref299	
TAOK1	Alzheimer's disease	2.11	Hypothesized	Hypothesized	Hypothesized	False	fig3_alzheimer	universe450
TAOK1	Autism Spectrum Disorder	3.36	Existing	Established	Existing	True	asc_ref299	
TAOK1	bipolar disorder	1.36	Novel	Novel	Novel	False	asc_ref299	
TAOK1	congenital heart disease	2.21	Hypothesized	Hypothesized	Hypothesized	False	fig3_chd	universe509
TAOK1	developmental disorder	3.95	Established	Established	Established	True	asc_ref299	
TAOK1	epilepsy	2.63	Existing	Existing	Existing	True	asc_ref299	
TAOK1	schizophrenia	1.42	Novel	Novel	Novel	False	asc_ref299	
TAOK1	type 2 diabetes	1.79	Hypothesized	Hypothesized	Hypothesized	False	asc_ref299	
TAX1BP1	Alzheimer's disease	2.07	Hypothesized	Hypothesized	Hypothesized	False	fig3_alzheimer	universe450
TAX1BP1	Autism Spectrum Disorder	1.3	Novel	Novel	Novel	False	random50_ann	random50_ann
TAX1BP1	bipolar disorder	1.24	Novel	Novel	Novel	False	random50_ann	random50_ann
TAX1BP1	congenital heart disease	1.68	Hypothesized	Hypothesized	Hypothesized	False	fig3_chd	universe509
TAX1BP1	developmental disorder	1.54	Hypothesized	Novel	Hypothesized	False	random50_ann	random50_ann
TAX1BP1	epilepsy	1.44	Novel	Novel	Novel	False	random50_ann	random50_ann
TAX1BP1	schizophrenia	1.24	Novel	Novel	Novel	False	random50_ann	random50_ann
TAX1BP1	type 2 diabetes	1.85	Hypothesized	Hypothesized	Hypothesized	False	random50_ann	random50_ann
TBC1D25	Alzheimer's disease	1.41	Novel	Novel	Novel	False	fig3_alzheimer	universe450
TBC1D25	Autism Spectrum Disorder	1.08	Novel	Novel	Novel	False	asd_extra101	random
TBC1D25	bipolar disorder	1.06	Novel	Novel	Novel	False	fig3_four_phenos	
TBC1D25	congenital heart disease	1.75	Hypothesized	Hypothesized	Hypothesized	False	fig3_chd	universe509
TBC1D25	developmental disorder	1.6	Hypothesized	Novel	Hypothesized	False	fig3_four_phenos	
TBC1D25	epilepsy	1.25	Novel	Novel	Novel	False	fig3_four_phenos	
TBC1D25	schizophrenia	1.06	Novel	Novel	Novel	False	scz_extra101	random
TBC1D25	type 2 diabetes	1.73	Hypothesized	Hypothesized	Hypothesized	False	fig3_four_phenos	
TBL1XR1	Alzheimer's disease	1.14	Novel	Novel	Novel	False	fig3_alzheimer	universe450
TBL1XR1	Autism Spectrum Disorder	3.67	Established	Established	Established	True	asc_ref299	
TBL1XR1	bipolar disorder	2.05	Hypothesized	Hypothesized	Hypothesized	False	asc_ref299	
TBL1XR1	congenital heart disease	1.67	Hypothesized	Novel	Hypothesized	False	fig3_chd	universe509
TBL1XR1	developmental disorder	3.95	Established	Established	Established	True	asc_ref299	
TBL1XR1	epilepsy	3.68	Established	Established	Established	True	asc_ref299	
TBL1XR1	schizophrenia	2.72	Existing	Existing	Existing	True	asc_ref299	
TBL1XR1	type 2 diabetes	1.82	Hypothesized	Hypothesized	Hypothesized	False	asc_ref299	
TBR1	Alzheimer's disease	1.32	Novel	Novel	Novel	False	fig3_alzheimer	universe450
TBR1	Autism Spectrum Disorder	3.88	Established	Established	Established	True	asc_ref299	
TBR1	bipolar disorder	1.81	Hypothesized	Hypothesized	Hypothesized	False	asc_ref299	
TBR1	congenital heart disease	1.06	Novel	Novel	Novel	False	fig3_chd	universe509
TBR1	developmental disorder	3.92	Established	Established	Established	True	asc_ref299	
TBR1	epilepsy	2.44	Hypothesized	Existing	Hypothesized	False	asc_ref299	
TBR1	schizophrenia	2.22	Hypothesized	Hypothesized	Hypothesized	False	asc_ref299	
TBR1	type 2 diabetes	1.05	Novel	Novel	Novel	False	asc_ref299	
TBX1	Alzheimer's disease	1.39	Novel	Novel	Novel	False	fig3_chd	pcgc_sig60
TBX1	Autism Spectrum Disorder	2.31	Hypothesized	Hypothesized	Hypothesized	False	fig3_chd	pcgc_sig60
TBX1	bipolar disorder	2.19	Hypothesized	Hypothesized	Hypothesized	False	fig3_chd	pcgc_sig60
TBX1	congenital heart disease	3.77	Established	Established	Established	True	fig3_chd	pcgc_sig60
TBX1	developmental disorder	3.29	Existing	Established	Existing	True	fig3_chd	pcgc_sig60
TBX1	epilepsy	2.71	Existing	Existing	Existing	True	fig3_chd	pcgc_sig60
TBX1	schizophrenia	2.78	Existing	Existing	Existing	True	fig3_chd	pcgc_sig60
TBX1	type 2 diabetes	2.08	Hypothesized	Hypothesized	Hypothesized	False	fig3_chd	pcgc_sig60
TBX18	Alzheimer's disease	2.3	Hypothesized	Existing	Hypothesized	False	fig3_chd	pcgc_sig60
TBX18	Autism Spectrum Disorder	1.47	Novel	Novel	Novel	False	fig3_chd	pcgc_sig60
TBX18	bipolar disorder	1.06	Novel	Novel	Novel	False	fig3_chd	pcgc_sig60
TBX18	congenital heart disease	2.78	Existing	Existing	Existing	True	fig3_chd	pcgc_sig60
TBX18	developmental disorder	3.28	Existing	Existing	Existing	True	fig3_chd	pcgc_sig60
TBX18	epilepsy	1.24	Novel	Novel	Novel	False	fig3_chd	pcgc_sig60
TBX18	schizophrenia	1.06	Novel	Novel	Novel	False	fig3_chd	pcgc_sig60
TBX18	type 2 diabetes	1.5	Hypothesized	Novel	Hypothesized	False	fig3_chd	pcgc_sig60
TBX5	Alzheimer's disease	1.94	Hypothesized	Hypothesized	Hypothesized	False	fig3_chd	pcgc_sig60
TBX5	Autism Spectrum Disorder	1.43	Novel	Novel	Novel	False	fig3_chd	pcgc_sig60
TBX5	bipolar disorder	1.06	Novel	Novel	Novel	False	fig3_chd	pcgc_sig60
TBX5	congenital heart disease	3.94	Established	Established	Established	True	fig3_chd	pcgc_sig60
TBX5	developmental disorder	3.94	Established	Established	Established	True	fig3_chd	pcgc_sig60
TBX5	epilepsy	2.09	Hypothesized	Hypothesized	Hypothesized	False	fig3_chd	pcgc_sig60
TBX5	schizophrenia	1.12	Novel	Novel	Novel	False	fig3_chd	pcgc_sig60
TBX5	type 2 diabetes	2.59	Existing	Existing	Existing	True	fig3_chd	pcgc_sig60
TCF12	Alzheimer's disease	1.12	Novel	Novel	Novel	False	fig3_alzheimer	universe450
TCF12	Autism Spectrum Disorder	2.98	Existing	Existing	Existing	True	asc_ref299	
TCF12	bipolar disorder	1.47	Novel	Novel	Novel	False	asc_ref299	
TCF12	congenital heart disease	1.38	Novel	Novel	Novel	False	fig3_chd	universe509
TCF12	developmental disorder	3.94	Established	Established	Established	True	asc_ref299	
TCF12	epilepsy	1.7	Hypothesized	Novel	Hypothesized	False	asc_ref299	
TCF12	schizophrenia	1.85	Hypothesized	Hypothesized	Hypothesized	False	asc_ref299	
TCF12	type 2 diabetes	1.26	Novel	Novel	Novel	False	asc_ref299	
TCF20	Alzheimer's disease	1.16	Novel	Novel	Novel	False	fig3_alzheimer	universe450
TCF20	Autism Spectrum Disorder	3.66	Established	Established	Established	True	asc_ref299	
TCF20	bipolar disorder	1.29	Novel	Novel	Novel	False	asc_ref299	
TCF20	congenital heart disease	2.05	Hypothesized	Novel	Hypothesized	False	fig3_chd	universe509
TCF20	developmental disorder	3.95	Established	Established	Established	True	asc_ref299	
TCF20	epilepsy	3.29	Existing	Established	Existing	True	asc_ref299	
TCF20	schizophrenia	1.5	Hypothesized	Novel	Hypothesized	False	asc_ref299	
TCF20	type 2 diabetes	1.3	Novel	Novel	Novel	False	asc_ref299	
TCF4	Alzheimer's disease	2.16	Hypothesized	Existing	Hypothesized	False	fig3_alzheimer	universe450
TCF4	Autism Spectrum Disorder	3.53	Established	Established	Established	True	asc_ref299	
TCF4	bipolar disorder	2.69	Existing	Existing	Existing	True	asc_ref299	
TCF4	congenital heart disease	1.25	Novel	Novel	Novel	False	fig3_chd	universe509
TCF4	developmental disorder	3.97	Established	Established	Established	True	asc_ref299	
TCF4	epilepsy	3.78	Established	Established	Established	True	asc_ref299	
TCF4	schizophrenia	3.21	Existing	Existing	Existing	True	asc_ref299	
TCF4	type 2 diabetes	1.47	Novel	Novel	Novel	False	asc_ref299	
TCF7L2	Alzheimer's disease	2.23	Hypothesized	Hypothesized	Hypothesized	False	fig3_alzheimer	universe450
TCF7L2	Autism Spectrum Disorder	3.27	Existing	Existing	Existing	True	asc_ref299	
TCF7L2	bipolar disorder	2.92	Existing	Existing	Existing	True	asc_ref299	
TCF7L2	congenital heart disease	2.04	Hypothesized	Hypothesized	Hypothesized	False	fig3_chd	universe509
TCF7L2	developmental disorder	3.89	Established	Established	Established	True	asc_ref299	
TCF7L2	epilepsy	2.41	Hypothesized	Existing	Hypothesized	False	asc_ref299	
TCF7L2	schizophrenia	3.05	Existing	Existing	Existing	True	asc_ref299	
TCF7L2	type 2 diabetes	3.87	Established	Established	Established	True	asc_ref299	
TDRD12	Alzheimer's disease	1.08	Novel	Novel	Novel	False	fig3_alzheimer	universe450
TDRD12	Autism Spectrum Disorder	1.06	Novel	Novel	Novel	False	random50_ann	random50_ann
TDRD12	bipolar disorder	1.06	Novel	Novel	Novel	False	random50_ann	random50_ann
TDRD12	congenital heart disease	1.09	Novel	Novel	Novel	False	fig3_chd	universe509
TDRD12	developmental disorder	2.25	Hypothesized	Hypothesized	Hypothesized	False	random50_ann	random50_ann
TDRD12	epilepsy	1.06	Novel	Novel	Novel	False	random50_ann	random50_ann
TDRD12	schizophrenia	1.06	Novel	Novel	Novel	False	random50_ann	random50_ann
TDRD12	type 2 diabetes	1.11	Novel	Novel	Novel	False	random50_ann	random50_ann
TECTA	Alzheimer's disease	1.39	Novel	Novel	Novel	False	fig3_alzheimer	universe450
TECTA	Autism Spectrum Disorder	1.05	Novel	Novel	Novel	False	random50_ann	random50_ann
TECTA	bipolar disorder	1.05	Novel	Novel	Novel	False	random50_ann	random50_ann
TECTA	congenital heart disease	1.17	Novel	Novel	Novel	False	fig3_chd	universe509
TECTA	developmental disorder	3.23	Existing	Established	Existing	True	random50_ann	random50_ann
TECTA	epilepsy	1.05	Novel	Novel	Novel	False	random50_ann	random50_ann
TECTA	schizophrenia	1.05	Novel	Novel	Novel	False	random50_ann	random50_ann
TECTA	type 2 diabetes	1.04	Novel	Novel	Novel	False	random50_ann	random50_ann
TLCD1	Alzheimer's disease	1.2	Novel	Novel	Novel	False	fig3_alzheimer	universe450
TLCD1	Autism Spectrum Disorder	1.17	Novel	Novel	Novel	False	asd_extra101	random
TLCD1	bipolar disorder	1.11	Novel	Novel	Novel	False	fig3_four_phenos	
TLCD1	congenital heart disease	1.09	Novel	Novel	Novel	False	fig3_chd	universe509
TLCD1	developmental disorder	1.24	Novel	Novel	Novel	False	fig3_four_phenos	
TLCD1	epilepsy	1.29	Novel	Novel	Novel	False	fig3_four_phenos	
TLCD1	schizophrenia	1.16	Novel	Novel	Novel	False	scz_extra101	random
TLCD1	type 2 diabetes	1.68	Hypothesized	Hypothesized	Hypothesized	False	fig3_four_phenos	
TLE3	Alzheimer's disease	1.56	Hypothesized	Novel	Hypothesized	False	fig3_alzheimer	universe450
TLE3	Autism Spectrum Disorder	2.37	Hypothesized	Existing	Hypothesized	False	asc_ref299	
TLE3	bipolar disorder	1.22	Novel	Novel	Novel	False	asc_ref299	
TLE3	congenital heart disease	1.93	Hypothesized	Hypothesized	Hypothesized	False	fig3_chd	universe509
TLE3	developmental disorder	2.36	Hypothesized	Hypothesized	Hypothesized	False	asc_ref299	
TLE3	epilepsy	1.36	Novel	Novel	Novel	False	asc_ref299	
TLE3	schizophrenia	1.31	Novel	Novel	Novel	False	asc_ref299	
TLE3	type 2 diabetes	2.32	Hypothesized	Hypothesized	Hypothesized	False	asc_ref299	
TLK2	Alzheimer's disease	1.66	Hypothesized	Hypothesized	Hypothesized	False	fig3_alzheimer	universe450
TLK2	Autism Spectrum Disorder	3.47	Existing	Established	Existing	True	asc_ref299	
TLK2	bipolar disorder	1.52	Hypothesized	Novel	Hypothesized	False	asc_ref299	
TLK2	congenital heart disease	2.39	Hypothesized	Existing	Hypothesized	False	fig3_chd	universe509
TLK2	developmental disorder	3.95	Established	Established	Established	True	asc_ref299	
TLK2	epilepsy	2.92	Existing	Existing	Existing	True	asc_ref299	
TLK2	schizophrenia	2.5	Hypothesized	Existing	Hypothesized	False	asc_ref299	
TLK2	type 2 diabetes	1.29	Novel	Novel	Novel	False	asc_ref299	
TM9SF4	Alzheimer's disease	1.24	Novel	Novel	Novel	False	fig3_alzheimer	universe450
TM9SF4	Autism Spectrum Disorder	2.53	Existing	Existing	Existing	True	asc_ref299	
TM9SF4	bipolar disorder	2.31	Hypothesized	Existing	Hypothesized	False	asc_ref299	
TM9SF4	congenital heart disease	1.22	Novel	Novel	Novel	False	fig3_chd	universe509
TM9SF4	developmental disorder	1.73	Hypothesized	Hypothesized	Hypothesized	False	asc_ref299	
TM9SF4	epilepsy	1.06	Novel	Novel	Novel	False	asc_ref299	
TM9SF4	schizophrenia	1.07	Novel	Novel	Novel	False	asc_ref299	
TM9SF4	type 2 diabetes	1.17	Novel	Novel	Novel	False	asc_ref299	
TMTC1	Alzheimer's disease	1.34	Novel	Novel	Novel	False	fig3_alzheimer	universe450
TMTC1	Autism Spectrum Disorder	2.14	Hypothesized	Hypothesized	Hypothesized	False	random50_ann	random50_ann
TMTC1	bipolar disorder	2.02	Hypothesized	Hypothesized	Hypothesized	False	random50_ann	random50_ann
TMTC1	congenital heart disease	1.9	Hypothesized	Hypothesized	Hypothesized	False	fig3_chd	universe509
TMTC1	developmental disorder	2.51	Existing	Existing	Existing	True	random50_ann	random50_ann
TMTC1	epilepsy	1.67	Hypothesized	Novel	Hypothesized	False	random50_ann	random50_ann
TMTC1	schizophrenia	2.78	Existing	Existing	Existing	True	random50_ann	random50_ann
TMTC1	type 2 diabetes	1.17	Novel	Novel	Novel	False	random50_ann	random50_ann
TNPO3	Alzheimer's disease	1.19	Novel	Novel	Novel	False	fig3_alzheimer	universe450
TNPO3	Autism Spectrum Disorder	3.22	Existing	Existing	Existing	True	asc_ref299	
TNPO3	bipolar disorder	1.29	Novel	Novel	Novel	False	asc_ref299	
TNPO3	congenital heart disease	1.54	Hypothesized	Novel	Hypothesized	False	fig3_chd	universe509
TNPO3	developmental disorder	3.08	Existing	Existing	Existing	True	asc_ref299	
TNPO3	epilepsy	1.37	Novel	Novel	Novel	False	asc_ref299	
TNPO3	schizophrenia	1.42	Novel	Novel	Novel	False	asc_ref299	
TNPO3	type 2 diabetes	1.06	Novel	Novel	Novel	False	asc_ref299	
TNRC6B	Alzheimer's disease	1.17	Novel	Novel	Novel	False	fig3_alzheimer	universe450
TNRC6B	Autism Spectrum Disorder	3.54	Established	Established	Established	True	asc_ref299	
TNRC6B	bipolar disorder	1.96	Hypothesized	Hypothesized	Hypothesized	False	asc_ref299	
TNRC6B	congenital heart disease	2.3	Hypothesized	Existing	Hypothesized	False	fig3_chd	universe509
TNRC6B	developmental disorder	3.88	Established	Established	Established	True	asc_ref299	
TNRC6B	epilepsy	2.93	Existing	Existing	Existing	True	asc_ref299	
TNRC6B	schizophrenia	2.19	Hypothesized	Hypothesized	Hypothesized	False	asc_ref299	
TNRC6B	type 2 diabetes	1.31	Novel	Novel	Novel	False	asc_ref299	
TOP3B	Alzheimer's disease	1.44	Novel	Novel	Novel	False	fig3_alzheimer	universe450
TOP3B	Autism Spectrum Disorder	2.9	Existing	Existing	Existing	True	asc_ref299	
TOP3B	bipolar disorder	1.75	Hypothesized	Hypothesized	Hypothesized	False	asc_ref299	
TOP3B	congenital heart disease	1.79	Hypothesized	Novel	Hypothesized	False	fig3_chd	universe509
TOP3B	developmental disorder	2.94	Existing	Existing	Existing	True	asc_ref299	
TOP3B	epilepsy	2.7	Existing	Existing	Existing	True	asc_ref299	
TOP3B	schizophrenia	2.94	Existing	Existing	Existing	True	asc_ref299	
TOP3B	type 2 diabetes	1.16	Novel	Novel	Novel	False	asc_ref299	
TPCN2	Alzheimer's disease	2.07	Hypothesized	Hypothesized	Hypothesized	False	fig3_alzheimer	universe450
TPCN2	Autism Spectrum Disorder	1.22	Novel	Novel	Novel	False	asd_extra101	random
TPCN2	bipolar disorder	1.15	Novel	Novel	Novel	False	fig3_four_phenos	
TPCN2	congenital heart disease	2.28	Hypothesized	Existing	Hypothesized	False	fig3_chd	universe509
TPCN2	developmental disorder	2.72	Existing	Existing	Existing	True	fig3_four_phenos	
TPCN2	epilepsy	1.38	Novel	Novel	Novel	False	fig3_four_phenos	
TPCN2	schizophrenia	1.18	Novel	Novel	Novel	False	scz_extra101	random
TPCN2	type 2 diabetes	2.87	Existing	Existing	Existing	True	fig3_four_phenos	
TRAF2	Alzheimer's disease	2.69	Existing	Existing	Existing	True	fig3_alzheimer	universe450
TRAF2	Autism Spectrum Disorder	1.59	Hypothesized	Novel	Hypothesized	False	random50_ann	random50_ann
TRAF2	bipolar disorder	1.17	Novel	Novel	Novel	False	random50_ann	random50_ann
TRAF2	congenital heart disease	1.82	Hypothesized	Hypothesized	Hypothesized	False	fig3_chd	universe509
TRAF2	developmental disorder	1.82	Hypothesized	Hypothesized	Hypothesized	False	random50_ann	random50_ann
TRAF2	epilepsy	1.96	Hypothesized	Hypothesized	Hypothesized	False	random50_ann	random50_ann
TRAF2	schizophrenia	1.31	Novel	Novel	Novel	False	random50_ann	random50_ann
TRAF2	type 2 diabetes	2.12	Hypothesized	Hypothesized	Hypothesized	False	random50_ann	random50_ann
TRAF7	Alzheimer's disease	1.11	Novel	Novel	Novel	False	fig3_alzheimer	universe450
TRAF7	Autism Spectrum Disorder	2.44	Hypothesized	Existing	Hypothesized	False	asc_ref299	
TRAF7	bipolar disorder	1.2	Novel	Novel	Novel	False	asc_ref299	
TRAF7	congenital heart disease	3.83	Established	Established	Established	True	fig3_chd	universe509
TRAF7	developmental disorder	3.95	Established	Established	Established	True	asc_ref299	
TRAF7	epilepsy	2.15	Hypothesized	Existing	Hypothesized	False	asc_ref299	
TRAF7	schizophrenia	1.48	Novel	Novel	Novel	False	asc_ref299	
TRAF7	type 2 diabetes	1.54	Hypothesized	Novel	Hypothesized	False	asc_ref299	
TREM2	Alzheimer's disease	3.6	Established	Established	Established	True	fig3_alzheimer	gencc9_ad
TREM2	Autism Spectrum Disorder	2.27	Hypothesized	Hypothesized	Hypothesized	False	fig3_alzheimer	gencc9_ad
TREM2	bipolar disorder	1.99	Hypothesized	Hypothesized	Hypothesized	False	fig3_alzheimer	gencc9_ad
TREM2	congenital heart disease	1.12	Novel	Novel	Novel	False	fig3_chd	universe509
TREM2	developmental disorder	2.14	Hypothesized	Hypothesized	Hypothesized	False	fig3_alzheimer	gencc9_ad
TREM2	epilepsy	3.02	Existing	Existing	Existing	True	fig3_alzheimer	gencc9_ad
TREM2	schizophrenia	2.53	Existing	Existing	Existing	True	fig3_alzheimer	gencc9_ad
TREM2	type 2 diabetes	2.21	Hypothesized	Hypothesized	Hypothesized	False	fig3_alzheimer	gencc9_ad
TRIM34	Alzheimer's disease	1.12	Novel	Novel	Novel	False	fig3_alzheimer	universe450
TRIM34	Autism Spectrum Disorder	1.12	Novel	Novel	Novel	False	extra50_random	random50
TRIM34	bipolar disorder	1.06	Novel	Novel	Novel	False	fig3_four_phenos	
TRIM34	congenital heart disease	1.06	Novel	Novel	Novel	False	fig3_chd	universe509
TRIM34	developmental disorder	1.12	Novel	Novel	Novel	False	fig3_four_phenos	
TRIM34	epilepsy	1.06	Novel	Novel	Novel	False	fig3_four_phenos	
TRIM34	schizophrenia	1.06	Novel	Novel	Novel	False	extra50_random	random50
TRIM34	type 2 diabetes	1.73	Hypothesized	Hypothesized	Hypothesized	False	fig3_four_phenos	
TRIM58	Alzheimer's disease	1.47	Novel	Novel	Novel	False	fig3_alzheimer	universe450
TRIM58	Autism Spectrum Disorder	1.1	Novel	Novel	Novel	False	asd_extra101	random
TRIM58	bipolar disorder	1.09	Novel	Novel	Novel	False	fig3_four_phenos	
TRIM58	congenital heart disease	1.31	Novel	Novel	Novel	False	fig3_chd	universe509
TRIM58	developmental disorder	1.12	Novel	Novel	Novel	False	fig3_four_phenos	
TRIM58	epilepsy	1.05	Novel	Novel	Novel	False	fig3_four_phenos	
TRIM58	schizophrenia	1.06	Novel	Novel	Novel	False	scz_extra101	random
TRIM58	type 2 diabetes	1.17	Novel	Novel	Novel	False	fig3_four_phenos	
TRIM8	Alzheimer's disease	2.34	Hypothesized	Existing	Hypothesized	False	fig3_alzheimer	universe450
TRIM8	Autism Spectrum Disorder	2.34	Hypothesized	Existing	Hypothesized	False	asc_ref299	
TRIM8	bipolar disorder	1.41	Novel	Novel	Novel	False	asc_ref299	
TRIM8	congenital heart disease	2.46	Hypothesized	Existing	Hypothesized	False	fig3_chd	universe509
TRIM8	developmental disorder	3.95	Established	Established	Established	True	asc_ref299	
TRIM8	epilepsy	3.94	Established	Established	Established	True	asc_ref299	
TRIM8	schizophrenia	2.66	Existing	Existing	Existing	True	asc_ref299	
TRIM8	type 2 diabetes	2.0	Hypothesized	Hypothesized	Hypothesized	False	asc_ref299	
TRIO	Alzheimer's disease	1.38	Novel	Novel	Novel	False	fig3_alzheimer	universe450
TRIO	Autism Spectrum Disorder	3.54	Established	Established	Established	True	asc_ref299	
TRIO	bipolar disorder	2.68	Existing	Existing	Existing	True	asc_ref299	
TRIO	congenital heart disease	1.81	Hypothesized	Novel	Hypothesized	False	fig3_chd	universe509
TRIO	developmental disorder	3.95	Established	Established	Established	True	asc_ref299	
TRIO	epilepsy	3.08	Existing	Existing	Existing	True	asc_ref299	
TRIO	schizophrenia	3.18	Existing	Existing	Existing	True	asc_ref299	
TRIO	type 2 diabetes	1.06	Novel	Novel	Novel	False	asc_ref299	
TRIP12	Alzheimer's disease	1.32	Novel	Novel	Novel	False	fig3_alzheimer	universe450
TRIP12	Autism Spectrum Disorder	3.78	Established	Established	Established	True	asc_ref299	
TRIP12	bipolar disorder	1.31	Novel	Novel	Novel	False	asc_ref299	
TRIP12	congenital heart disease	1.43	Novel	Novel	Novel	False	fig3_chd	universe509
TRIP12	developmental disorder	3.95	Established	Established	Established	True	asc_ref299	
TRIP12	epilepsy	3.16	Existing	Existing	Existing	True	asc_ref299	
TRIP12	schizophrenia	1.69	Hypothesized	Hypothesized	Hypothesized	False	asc_ref299	
TRIP12	type 2 diabetes	1.99	Hypothesized	Novel	Hypothesized	False	asc_ref299	
TSC1	Alzheimer's disease	2.72	Existing	Existing	Existing	True	fig3_chd	pcgc_sig60
TSC1	Autism Spectrum Disorder	3.23	Existing	Existing	Existing	True	fig3_chd	pcgc_sig60
TSC1	bipolar disorder	2.18	Hypothesized	Hypothesized	Hypothesized	False	fig3_chd	pcgc_sig60
TSC1	congenital heart disease	3.05	Existing	Existing	Existing	True	fig3_chd	pcgc_sig60
TSC1	developmental disorder	3.88	Established	Established	Established	True	fig3_chd	pcgc_sig60
TSC1	epilepsy	3.85	Established	Established	Established	True	fig3_chd	pcgc_sig60
TSC1	schizophrenia	1.96	Hypothesized	Hypothesized	Hypothesized	False	fig3_chd	pcgc_sig60
TSC1	type 2 diabetes	2.14	Hypothesized	Hypothesized	Hypothesized	False	fig3_chd	pcgc_sig60
TSC2	Alzheimer's disease	2.54	Existing	Existing	Existing	True	fig3_alzheimer	universe450
TSC2	Autism Spectrum Disorder	3.57	Established	Established	Established	True	asc_ref299	
TSC2	bipolar disorder	1.97	Hypothesized	Hypothesized	Hypothesized	False	asc_ref299	
TSC2	congenital heart disease	3.04	Existing	Existing	Existing	True	fig3_chd	universe509
TSC2	developmental disorder	3.92	Established	Established	Established	True	asc_ref299	
TSC2	epilepsy	3.92	Established	Established	Established	True	asc_ref299	
TSC2	schizophrenia	2.02	Hypothesized	Hypothesized	Hypothesized	False	asc_ref299	
TSC2	type 2 diabetes	2.14	Hypothesized	Hypothesized	Hypothesized	False	asc_ref299	
TSPAN2	Alzheimer's disease	1.85	Hypothesized	Hypothesized	Hypothesized	False	fig3_alzheimer	universe450
TSPAN2	Autism Spectrum Disorder	1.27	Novel	Novel	Novel	False	asd_extra101	random
TSPAN2	bipolar disorder	1.72	Hypothesized	Hypothesized	Hypothesized	False	fig3_four_phenos	
TSPAN2	congenital heart disease	1.44	Novel	Novel	Novel	False	fig3_chd	universe509
TSPAN2	developmental disorder	1.53	Hypothesized	Novel	Hypothesized	False	fig3_four_phenos	
TSPAN2	epilepsy	1.83	Hypothesized	Hypothesized	Hypothesized	False	fig3_four_phenos	
TSPAN2	schizophrenia	2.06	Hypothesized	Hypothesized	Hypothesized	False	scz_extra101	random
TSPAN2	type 2 diabetes	2.05	Hypothesized	Hypothesized	Hypothesized	False	fig3_four_phenos	
TTC21A	Alzheimer's disease	2.06	Hypothesized	Hypothesized	Hypothesized	False	fig3_alzheimer	universe450
TTC21A	Autism Spectrum Disorder	1.3	Novel	Novel	Novel	False	extra50_random	random50
TTC21A	bipolar disorder	1.25	Novel	Novel	Novel	False	fig3_four_phenos	
TTC21A	congenital heart disease	1.39	Novel	Novel	Novel	False	fig3_chd	universe509
TTC21A	developmental disorder	2.12	Hypothesized	Hypothesized	Hypothesized	False	fig3_four_phenos	
TTC21A	epilepsy	1.08	Novel	Novel	Novel	False	fig3_four_phenos	
TTC21A	schizophrenia	1.17	Novel	Novel	Novel	False	extra50_random	random50
TTC21A	type 2 diabetes	1.12	Novel	Novel	Novel	False	fig3_four_phenos	
TUBB2A	Alzheimer's disease	2.39	Hypothesized	Existing	Hypothesized	False	fig3_alzheimer	universe450
TUBB2A	Autism Spectrum Disorder	2.96	Existing	Existing	Existing	True	asc_ref299	
TUBB2A	bipolar disorder	1.73	Hypothesized	Hypothesized	Hypothesized	False	asc_ref299	
TUBB2A	congenital heart disease	1.25	Novel	Novel	Novel	False	fig3_chd	universe509
TUBB2A	developmental disorder	3.95	Established	Established	Established	True	asc_ref299	
TUBB2A	epilepsy	3.94	Established	Established	Established	True	asc_ref299	
TUBB2A	schizophrenia	1.4	Novel	Novel	Novel	False	asc_ref299	
TUBB2A	type 2 diabetes	1.05	Novel	Novel	Novel	False	asc_ref299	
TUBB3	Alzheimer's disease	1.49	Novel	Novel	Novel	False	fig3_alzheimer	universe450
TUBB3	Autism Spectrum Disorder	2.42	Hypothesized	Existing	Hypothesized	False	asc_ref299	
TUBB3	bipolar disorder	1.44	Novel	Novel	Novel	False	asc_ref299	
TUBB3	congenital heart disease	1.14	Novel	Novel	Novel	False	fig3_chd	universe509
TUBB3	developmental disorder	3.95	Established	Established	Established	True	asc_ref299	
TUBB3	epilepsy	3.4	Existing	Established	Existing	True	asc_ref299	
TUBB3	schizophrenia	1.94	Hypothesized	Hypothesized	Hypothesized	False	asc_ref299	
TUBB3	type 2 diabetes	1.79	Hypothesized	Novel	Hypothesized	False	asc_ref299	
U2SURP	Alzheimer's disease	1.06	Novel	Novel	Novel	False	fig3_chd	pcgc_sig60
U2SURP	Autism Spectrum Disorder	1.2	Novel	Novel	Novel	False	fig3_chd	pcgc_sig60
U2SURP	bipolar disorder	1.06	Novel	Novel	Novel	False	fig3_chd	pcgc_sig60
U2SURP	congenital heart disease	1.17	Novel	Novel	Novel	False	fig3_chd	pcgc_sig60
U2SURP	developmental disorder	1.45	Novel	Novel	Novel	False	fig3_chd	pcgc_sig60
U2SURP	epilepsy	1.11	Novel	Novel	Novel	False	fig3_chd	pcgc_sig60
U2SURP	schizophrenia	1.06	Novel	Novel	Novel	False	fig3_chd	pcgc_sig60
U2SURP	type 2 diabetes	1.06	Novel	Novel	Novel	False	fig3_chd	pcgc_sig60
UBE2E3	Alzheimer's disease	1.66	Hypothesized	Hypothesized	Hypothesized	False	fig3_alzheimer	universe450
UBE2E3	Autism Spectrum Disorder	1.41	Novel	Novel	Novel	False	asc_ref299	
UBE2E3	bipolar disorder	1.17	Novel	Novel	Novel	False	asc_ref299	
UBE2E3	congenital heart disease	1.17	Novel	Novel	Novel	False	fig3_chd	universe509
UBE2E3	developmental disorder	1.49	Novel	Novel	Novel	False	asc_ref299	
UBE2E3	epilepsy	1.22	Novel	Novel	Novel	False	asc_ref299	
UBE2E3	schizophrenia	1.31	Novel	Novel	Novel	False	asc_ref299	
UBE2E3	type 2 diabetes	2.63	Existing	Existing	Existing	True	asc_ref299	
UBR5	Alzheimer's disease	2.74	Existing	Existing	Existing	True	fig3_alzheimer	universe450
UBR5	Autism Spectrum Disorder	3.76	Established	Established	Established	True	asc_ref299	
UBR5	bipolar disorder	1.39	Novel	Novel	Novel	False	asc_ref299	
UBR5	congenital heart disease	1.42	Novel	Novel	Novel	False	fig3_chd	universe509
UBR5	developmental disorder	3.86	Established	Established	Established	True	asc_ref299	
UBR5	epilepsy	3.31	Existing	Existing	Existing	True	asc_ref299	
UBR5	schizophrenia	1.52	Hypothesized	Novel	Hypothesized	False	asc_ref299	
UBR5	type 2 diabetes	1.99	Hypothesized	Hypothesized	Hypothesized	False	asc_ref299	
UGT2B15	Alzheimer's disease	1.31	Novel	Novel	Novel	False	random50_ann2	random50_ann2
UGT2B15	Autism Spectrum Disorder	1.14	Novel	Novel	Novel	False	random50_ann2	random50_ann2
UGT2B15	bipolar disorder	1.4	Novel	Novel	Novel	False	random50_ann2	random50_ann2
UGT2B15	congenital heart disease	2.53	Existing	Existing	Existing	True	fig3_chd	universe509
UGT2B15	developmental disorder	1.85	Hypothesized	Hypothesized	Hypothesized	False	random50_ann2	random50_ann2
UGT2B15	epilepsy	2.48	Hypothesized	Existing	Hypothesized	False	random50_ann2	random50_ann2
UGT2B15	schizophrenia	1.36	Novel	Novel	Novel	False	random50_ann2	random50_ann2
UGT2B15	type 2 diabetes	2.51	Existing	Existing	Existing	True	random50_ann2	random50_ann2
USP7	Alzheimer's disease	2.06	Hypothesized	Hypothesized	Hypothesized	False	fig3_alzheimer	universe450
USP7	Autism Spectrum Disorder	3.61	Established	Established	Established	True	asc_ref299	
USP7	bipolar disorder	1.92	Hypothesized	Hypothesized	Hypothesized	False	asc_ref299	
USP7	congenital heart disease	1.78	Hypothesized	Hypothesized	Hypothesized	False	fig3_chd	universe509
USP7	developmental disorder	3.97	Established	Established	Established	True	asc_ref299	
USP7	epilepsy	3.57	Established	Established	Established	True	asc_ref299	
USP7	schizophrenia	2.69	Existing	Existing	Existing	True	asc_ref299	
USP7	type 2 diabetes	2.16	Hypothesized	Hypothesized	Hypothesized	False	asc_ref299	
VEPH1	Alzheimer's disease	1.33	Novel	Novel	Novel	False	fig3_alzheimer	universe450
VEPH1	Autism Spectrum Disorder	1.87	Hypothesized	Hypothesized	Hypothesized	False	asd_extra101	random
VEPH1	bipolar disorder	1.49	Novel	Novel	Novel	False	fig3_four_phenos	
VEPH1	congenital heart disease	1.36	Novel	Novel	Novel	False	fig3_chd	universe509
VEPH1	developmental disorder	2.61	Existing	Existing	Existing	True	fig3_four_phenos	
VEPH1	epilepsy	1.85	Hypothesized	Hypothesized	Hypothesized	False	fig3_four_phenos	
VEPH1	schizophrenia	1.55	Hypothesized	Novel	Hypothesized	False	scz_extra101	random
VEPH1	type 2 diabetes	1.99	Hypothesized	Hypothesized	Hypothesized	False	fig3_four_phenos	
VEZF1	Alzheimer's disease	1.17	Novel	Novel	Novel	False	fig3_alzheimer	universe450
VEZF1	Autism Spectrum Disorder	1.34	Novel	Novel	Novel	False	asc_ref299	
VEZF1	bipolar disorder	1.38	Novel	Novel	Novel	False	asc_ref299	
VEZF1	congenital heart disease	2.43	Hypothesized	Hypothesized	Hypothesized	False	fig3_chd	universe509
VEZF1	developmental disorder	2.15	Hypothesized	Hypothesized	Hypothesized	False	asc_ref299	
VEZF1	epilepsy	1.19	Novel	Novel	Novel	False	asc_ref299	
VEZF1	schizophrenia	1.24	Novel	Novel	Novel	False	asc_ref299	
VEZF1	type 2 diabetes	2.05	Hypothesized	Hypothesized	Hypothesized	False	asc_ref299	
VIT	Alzheimer's disease	1.14	Novel	Novel	Novel	False	random50_ann2	random50_ann2
VIT	Autism Spectrum Disorder	2.07	Hypothesized	Hypothesized	Hypothesized	False	random50_ann2	random50_ann2
VIT	bipolar disorder	1.64	Hypothesized	Hypothesized	Hypothesized	False	random50_ann2	random50_ann2
VIT	congenital heart disease	1.07	Novel	Novel	Novel	False	fig3_chd	universe509
VIT	developmental disorder	2.03	Hypothesized	Hypothesized	Hypothesized	False	random50_ann2	random50_ann2
VIT	epilepsy	1.43	Novel	Novel	Novel	False	random50_ann2	random50_ann2
VIT	schizophrenia	2.1	Hypothesized	Hypothesized	Hypothesized	False	random50_ann2	random50_ann2
VIT	type 2 diabetes	1.1	Novel	Novel	Novel	False	random50_ann2	random50_ann2
VXN	Alzheimer's disease	1.98	Hypothesized	Hypothesized	Hypothesized	False	random50_ann2	random50_ann2
VXN	Autism Spectrum Disorder	1.06	Novel	Novel	Novel	False	random50_ann2	random50_ann2
VXN	bipolar disorder	1.06	Novel	Novel	Novel	False	random50_ann2	random50_ann2
VXN	congenital heart disease	1.05	Novel	Novel	Novel	False	fig3_chd	universe509
VXN	developmental disorder	1.35	Novel	Novel	Novel	False	random50_ann2	random50_ann2
VXN	epilepsy	1.08	Novel	Novel	Novel	False	random50_ann2	random50_ann2
VXN	schizophrenia	1.12	Novel	Novel	Novel	False	random50_ann2	random50_ann2
VXN	type 2 diabetes	1.42	Novel	Novel	Novel	False	random50_ann2	random50_ann2
WAC	Alzheimer's disease	1.06	Novel	Novel	Novel	False	fig3_alzheimer	universe450
WAC	Autism Spectrum Disorder	3.23	Existing	Existing	Existing	True	asc_ref299	
WAC	bipolar disorder	1.26	Novel	Novel	Novel	False	asc_ref299	
WAC	congenital heart disease	3.1	Existing	Existing	Existing	True	fig3_chd	universe509
WAC	developmental disorder	3.97	Established	Established	Established	True	asc_ref299	
WAC	epilepsy	3.68	Established	Established	Established	True	asc_ref299	
WAC	schizophrenia	1.49	Novel	Novel	Novel	False	asc_ref299	
WAC	type 2 diabetes	1.06	Novel	Novel	Novel	False	asc_ref299	
WDFY3	Alzheimer's disease	2.26	Hypothesized	Hypothesized	Hypothesized	False	fig3_alzheimer	universe450
WDFY3	Autism Spectrum Disorder	3.52	Established	Established	Established	True	asc_ref299	
WDFY3	bipolar disorder	1.51	Hypothesized	Novel	Hypothesized	False	asc_ref299	
WDFY3	congenital heart disease	2.7	Existing	Existing	Existing	True	fig3_chd	universe509
WDFY3	developmental disorder	3.89	Established	Established	Established	True	asc_ref299	
WDFY3	epilepsy	2.18	Hypothesized	Hypothesized	Hypothesized	False	asc_ref299	
WDFY3	schizophrenia	1.92	Hypothesized	Hypothesized	Hypothesized	False	asc_ref299	
WDFY3	type 2 diabetes	1.17	Novel	Novel	Novel	False	asc_ref299	
WDR26	Alzheimer's disease	1.9	Hypothesized	Hypothesized	Hypothesized	False	fig3_alzheimer	universe450
WDR26	Autism Spectrum Disorder	2.93	Existing	Existing	Existing	True	asc_ref299	
WDR26	bipolar disorder	1.55	Hypothesized	Novel	Hypothesized	False	asc_ref299	
WDR26	congenital heart disease	1.8	Hypothesized	Novel	Hypothesized	False	fig3_chd	universe509
WDR26	developmental disorder	3.97	Established	Established	Established	True	asc_ref299	
WDR26	epilepsy	3.83	Established	Established	Established	True	asc_ref299	
WDR26	schizophrenia	1.46	Novel	Novel	Novel	False	asc_ref299	
WDR26	type 2 diabetes	1.65	Hypothesized	Hypothesized	Hypothesized	False	asc_ref299	
WDR45	Alzheimer's disease	1.77	Hypothesized	Hypothesized	Hypothesized	False	fig3_alzheimer	universe450
WDR45	Autism Spectrum Disorder	3.3	Existing	Existing	Existing	True	asc_ref299	
WDR45	bipolar disorder	1.49	Novel	Novel	Novel	False	asc_ref299	
WDR45	congenital heart disease	1.12	Novel	Novel	Novel	False	fig3_chd	universe509
WDR45	developmental disorder	3.95	Established	Established	Established	True	asc_ref299	
WDR45	epilepsy	3.92	Established	Established	Established	True	asc_ref299	
WDR45	schizophrenia	1.51	Hypothesized	Novel	Hypothesized	False	asc_ref299	
WDR45	type 2 diabetes	1.73	Hypothesized	Hypothesized	Hypothesized	False	asc_ref299	
WDR78	Alzheimer's disease	1.07	Novel	Novel	Novel	False	fig3_alzheimer	universe450
WDR78	Autism Spectrum Disorder	1.06	Novel	Novel	Novel	False	asc_ref299	
WDR78	bipolar disorder	1.06	Novel	Novel	Novel	False	asc_ref299	
WDR78	congenital heart disease	1.52	Hypothesized	Novel	Hypothesized	False	fig3_chd	universe509
WDR78	developmental disorder	1.41	Novel	Novel	Novel	False	asc_ref299	
WDR78	epilepsy	1.06	Novel	Novel	Novel	False	asc_ref299	
WDR78	schizophrenia	1.12	Novel	Novel	Novel	False	asc_ref299	
WDR78	type 2 diabetes	1.05	Novel	Novel	Novel	False	asc_ref299	
XPO1	Alzheimer's disease	2.09	Hypothesized	Hypothesized	Hypothesized	False	fig3_alzheimer	universe450
XPO1	Autism Spectrum Disorder	2.93	Existing	Existing	Existing	True	asc_ref299	
XPO1	bipolar disorder	1.45	Novel	Novel	Novel	False	asc_ref299	
XPO1	congenital heart disease	1.89	Hypothesized	Hypothesized	Hypothesized	False	fig3_chd	universe509
XPO1	developmental disorder	3.43	Existing	Established	Existing	True	asc_ref299	
XPO1	epilepsy	2.33	Hypothesized	Hypothesized	Hypothesized	False	asc_ref299	
XPO1	schizophrenia	2.09	Hypothesized	Hypothesized	Hypothesized	False	asc_ref299	
XPO1	type 2 diabetes	1.98	Hypothesized	Hypothesized	Hypothesized	False	asc_ref299	
XPO7	Alzheimer's disease	1.19	Novel	Novel	Novel	False	fig3_alzheimer	universe450
XPO7	Autism Spectrum Disorder	1.88	Hypothesized	Hypothesized	Hypothesized	False	asc_ref299	
XPO7	bipolar disorder	2.08	Hypothesized	Hypothesized	Hypothesized	False	asc_ref299	
XPO7	congenital heart disease	1.23	Novel	Novel	Novel	False	fig3_chd	universe509
XPO7	developmental disorder	2.31	Hypothesized	Hypothesized	Hypothesized	False	asc_ref299	
XPO7	epilepsy	1.89	Hypothesized	Hypothesized	Hypothesized	False	asc_ref299	
XPO7	schizophrenia	3.03	Existing	Existing	Existing	True	asc_ref299	
XPO7	type 2 diabetes	1.19	Novel	Novel	Novel	False	asc_ref299	
XRRA1	Alzheimer's disease	1.17	Novel	Novel	Novel	False	fig3_alzheimer	universe450
XRRA1	Autism Spectrum Disorder	1.05	Novel	Novel	Novel	False	random50_ann	random50_ann
XRRA1	bipolar disorder	1.09	Novel	Novel	Novel	False	random50_ann	random50_ann
XRRA1	congenital heart disease	1.08	Novel	Novel	Novel	False	fig3_chd	universe509
XRRA1	developmental disorder	1.07	Novel	Novel	Novel	False	random50_ann	random50_ann
XRRA1	epilepsy	1.05	Novel	Novel	Novel	False	random50_ann	random50_ann
XRRA1	schizophrenia	1.06	Novel	Novel	Novel	False	random50_ann	random50_ann
XRRA1	type 2 diabetes	1.12	Novel	Novel	Novel	False	random50_ann	random50_ann
YLPM1	Alzheimer's disease	1.55	Hypothesized	Novel	Hypothesized	False	fig3_alzheimer	universe450
YLPM1	Autism Spectrum Disorder	1.95	Hypothesized	Hypothesized	Hypothesized	False	asc_ref299	
YLPM1	bipolar disorder	2.38	Hypothesized	Existing	Hypothesized	False	asc_ref299	
YLPM1	congenital heart disease	1.14	Novel	Novel	Novel	False	fig3_chd	universe509
YLPM1	developmental disorder	2.46	Hypothesized	Existing	Hypothesized	False	asc_ref299	
YLPM1	epilepsy	1.38	Novel	Novel	Novel	False	asc_ref299	
YLPM1	schizophrenia	2.92	Existing	Existing	Existing	True	asc_ref299	
YLPM1	type 2 diabetes	2.49	Hypothesized	Existing	Hypothesized	False	asc_ref299	
YWHAG	Alzheimer's disease	2.26	Hypothesized	Hypothesized	Hypothesized	False	fig3_alzheimer	universe450
YWHAG	Autism Spectrum Disorder	3.3	Existing	Existing	Existing	True	asc_ref299	
YWHAG	bipolar disorder	1.48	Novel	Novel	Novel	False	asc_ref299	
YWHAG	congenital heart disease	1.92	Hypothesized	Hypothesized	Hypothesized	False	fig3_chd	universe509
YWHAG	developmental disorder	3.95	Established	Established	Established	True	asc_ref299	
YWHAG	epilepsy	3.95	Established	Established	Established	True	asc_ref299	
YWHAG	schizophrenia	2.16	Hypothesized	Hypothesized	Hypothesized	False	asc_ref299	
YWHAG	type 2 diabetes	1.06	Novel	Novel	Novel	False	asc_ref299	
YY1	Alzheimer's disease	2.12	Hypothesized	Hypothesized	Hypothesized	False	fig3_alzheimer	universe450
YY1	Autism Spectrum Disorder	2.95	Existing	Existing	Existing	True	asc_ref299	
YY1	bipolar disorder	2.11	Hypothesized	Hypothesized	Hypothesized	False	asc_ref299	
YY1	congenital heart disease	2.21	Hypothesized	Hypothesized	Hypothesized	False	fig3_chd	universe509
YY1	developmental disorder	3.92	Established	Established	Established	True	asc_ref299	
YY1	epilepsy	2.92	Existing	Existing	Existing	True	asc_ref299	
YY1	schizophrenia	2.18	Hypothesized	Hypothesized	Hypothesized	False	asc_ref299	
YY1	type 2 diabetes	2.14	Hypothesized	Hypothesized	Hypothesized	False	asc_ref299	
ZBTB18	Alzheimer's disease	1.11	Novel	Novel	Novel	False	fig3_alzheimer	universe450
ZBTB18	Autism Spectrum Disorder	2.75	Existing	Existing	Existing	True	asc_ref299	
ZBTB18	bipolar disorder	2.52	Existing	Existing	Existing	True	asc_ref299	
ZBTB18	congenital heart disease	1.24	Novel	Novel	Novel	False	fig3_chd	universe509
ZBTB18	developmental disorder	3.94	Established	Established	Established	True	asc_ref299	
ZBTB18	epilepsy	3.25	Existing	Existing	Existing	True	asc_ref299	
ZBTB18	schizophrenia	1.8	Hypothesized	Hypothesized	Hypothesized	False	asc_ref299	
ZBTB18	type 2 diabetes	1.9	Hypothesized	Hypothesized	Hypothesized	False	asc_ref299	
ZBTB20	Alzheimer's disease	2.69	Existing	Existing	Existing	True	fig3_alzheimer	universe450
ZBTB20	Autism Spectrum Disorder	3.21	Existing	Existing	Existing	True	asc_ref299	
ZBTB20	bipolar disorder	2.33	Hypothesized	Existing	Hypothesized	False	asc_ref299	
ZBTB20	congenital heart disease	1.59	Hypothesized	Novel	Hypothesized	False	fig3_chd	universe509
ZBTB20	developmental disorder	3.95	Established	Established	Established	True	asc_ref299	
ZBTB20	epilepsy	2.32	Hypothesized	Hypothesized	Hypothesized	False	asc_ref299	
ZBTB20	schizophrenia	2.58	Existing	Existing	Existing	True	asc_ref299	
ZBTB20	type 2 diabetes	3.13	Existing	Existing	Existing	True	asc_ref299	
ZBTB34	Alzheimer's disease	1.05	Novel	Novel	Novel	False	fig3_alzheimer	universe450
ZBTB34	Autism Spectrum Disorder	1.06	Novel	Novel	Novel	False	asc_ref299	
ZBTB34	bipolar disorder	1.05	Novel	Novel	Novel	False	asc_ref299	
ZBTB34	congenital heart disease	1.06	Novel	Novel	Novel	False	fig3_chd	universe509
ZBTB34	developmental disorder	1.07	Novel	Novel	Novel	False	asc_ref299	
ZBTB34	epilepsy	1.04	Novel	Novel	Novel	False	asc_ref299	
ZBTB34	schizophrenia	1.07	Novel	Novel	Novel	False	asc_ref299	
ZBTB34	type 2 diabetes	1.09	Novel	Novel	Novel	False	asc_ref299	
ZBTB7A	Alzheimer's disease	1.9	Hypothesized	Hypothesized	Hypothesized	False	fig3_alzheimer	universe450
ZBTB7A	Autism Spectrum Disorder	2.59	Existing	Existing	Existing	True	asc_ref299	
ZBTB7A	bipolar disorder	1.87	Hypothesized	Hypothesized	Hypothesized	False	asc_ref299	
ZBTB7A	congenital heart disease	2.23	Hypothesized	Existing	Hypothesized	False	fig3_chd	universe509
ZBTB7A	developmental disorder	3.86	Established	Established	Established	True	asc_ref299	
ZBTB7A	epilepsy	1.81	Hypothesized	Novel	Hypothesized	False	asc_ref299	
ZBTB7A	schizophrenia	1.76	Hypothesized	Hypothesized	Hypothesized	False	asc_ref299	
ZBTB7A	type 2 diabetes	1.92	Hypothesized	Hypothesized	Hypothesized	False	asc_ref299	
ZC3H12B	Alzheimer's disease	2.53	Existing	Existing	Existing	True	fig3_alzheimer	universe450
ZC3H12B	Autism Spectrum Disorder	1.1	Novel	Novel	Novel	False	asc_ref299	
ZC3H12B	bipolar disorder	1.12	Novel	Novel	Novel	False	asc_ref299	
ZC3H12B	congenital heart disease	1.13	Novel	Novel	Novel	False	fig3_chd	universe509
ZC3H12B	developmental disorder	1.12	Novel	Novel	Novel	False	asc_ref299	
ZC3H12B	epilepsy	1.06	Novel	Novel	Novel	False	asc_ref299	
ZC3H12B	schizophrenia	1.09	Novel	Novel	Novel	False	asc_ref299	
ZC3H12B	type 2 diabetes	1.13	Novel	Novel	Novel	False	asc_ref299	
ZCCHC14	Alzheimer's disease	1.12	Novel	Novel	Novel	False	fig3_alzheimer	universe450
ZCCHC14	Autism Spectrum Disorder	1.42	Novel	Novel	Novel	False	asc_ref299	
ZCCHC14	bipolar disorder	1.38	Novel	Novel	Novel	False	asc_ref299	
ZCCHC14	congenital heart disease	1.21	Novel	Novel	Novel	False	fig3_chd	universe509
ZCCHC14	developmental disorder	2.42	Hypothesized	Existing	Hypothesized	False	asc_ref299	
ZCCHC14	epilepsy	1.47	Novel	Novel	Novel	False	asc_ref299	
ZCCHC14	schizophrenia	1.28	Novel	Novel	Novel	False	asc_ref299	
ZCCHC14	type 2 diabetes	1.09	Novel	Novel	Novel	False	asc_ref299	
ZEB2	Alzheimer's disease	1.82	Hypothesized	Hypothesized	Hypothesized	False	fig3_alzheimer	universe450
ZEB2	Autism Spectrum Disorder	2.86	Existing	Existing	Existing	True	asc_ref299	
ZEB2	bipolar disorder	1.86	Hypothesized	Novel	Hypothesized	False	asc_ref299	
ZEB2	congenital heart disease	3.74	Established	Established	Established	True	fig3_chd	universe509
ZEB2	developmental disorder	3.97	Established	Established	Established	True	asc_ref299	
ZEB2	epilepsy	3.86	Established	Established	Established	True	asc_ref299	
ZEB2	schizophrenia	2.88	Existing	Existing	Existing	True	asc_ref299	
ZEB2	type 2 diabetes	2.9	Existing	Existing	Existing	True	asc_ref299	
ZFHX3	Alzheimer's disease	2.65	Existing	Existing	Existing	True	fig3_alzheimer	universe450
ZFHX3	Autism Spectrum Disorder	3.22	Existing	Existing	Existing	True	asc_ref299	
ZFHX3	bipolar disorder	1.87	Hypothesized	Hypothesized	Hypothesized	False	asc_ref299	
ZFHX3	congenital heart disease	2.48	Hypothesized	Existing	Hypothesized	False	fig3_chd	universe509
ZFHX3	developmental disorder	3.91	Established	Established	Established	True	asc_ref299	
ZFHX3	epilepsy	3.41	Existing	Established	Existing	True	asc_ref299	
ZFHX3	schizophrenia	2.05	Hypothesized	Hypothesized	Hypothesized	False	asc_ref299	
ZFHX3	type 2 diabetes	2.54	Existing	Existing	Existing	True	asc_ref299	
ZIC3	Alzheimer's disease	1.11	Novel	Novel	Novel	False	fig3_chd	pcgc_sig60
ZIC3	Autism Spectrum Disorder	2.08	Hypothesized	Hypothesized	Hypothesized	False	fig3_chd	pcgc_sig60
ZIC3	bipolar disorder	1.32	Novel	Novel	Novel	False	fig3_chd	pcgc_sig60
ZIC3	congenital heart disease	3.95	Established	Established	Established	True	fig3_chd	pcgc_sig60
ZIC3	developmental disorder	3.94	Established	Established	Established	True	fig3_chd	pcgc_sig60
ZIC3	epilepsy	1.25	Novel	Novel	Novel	False	fig3_chd	pcgc_sig60
ZIC3	schizophrenia	1.88	Hypothesized	Hypothesized	Hypothesized	False	fig3_chd	pcgc_sig60
ZIC3	type 2 diabetes	1.05	Novel	Novel	Novel	False	fig3_chd	pcgc_sig60
ZKSCAN4	Alzheimer's disease	1.1	Novel	Novel	Novel	False	random50_ann2	random50_ann2
ZKSCAN4	Autism Spectrum Disorder	1.55	Hypothesized	Novel	Hypothesized	False	random50_ann2	random50_ann2
ZKSCAN4	bipolar disorder	2.29	Hypothesized	Existing	Hypothesized	False	random50_ann2	random50_ann2
ZKSCAN4	congenital heart disease	1.12	Novel	Novel	Novel	False	fig3_chd	universe509
ZKSCAN4	developmental disorder	2.15	Hypothesized	Existing	Hypothesized	False	random50_ann2	random50_ann2
ZKSCAN4	epilepsy	1.12	Novel	Novel	Novel	False	random50_ann2	random50_ann2
ZKSCAN4	schizophrenia	3.05	Existing	Existing	Existing	True	random50_ann2	random50_ann2
ZKSCAN4	type 2 diabetes	1.12	Novel	Novel	Novel	False	random50_ann2	random50_ann2
ZMYM2	Alzheimer's disease	1.19	Novel	Novel	Novel	False	fig3_alzheimer	universe450
ZMYM2	Autism Spectrum Disorder	2.55	Existing	Existing	Existing	True	asc_ref299	
ZMYM2	bipolar disorder	2.08	Hypothesized	Hypothesized	Hypothesized	False	asc_ref299	
ZMYM2	congenital heart disease	3.18	Existing	Existing	Existing	True	fig3_chd	universe509
ZMYM2	developmental disorder	3.9	Established	Established	Established	True	asc_ref299	
ZMYM2	epilepsy	2.24	Hypothesized	Existing	Hypothesized	False	asc_ref299	
ZMYM2	schizophrenia	2.76	Existing	Existing	Existing	True	asc_ref299	
ZMYM2	type 2 diabetes	1.9	Hypothesized	Hypothesized	Hypothesized	False	asc_ref299	
ZMYND11	Alzheimer's disease	1.14	Novel	Novel	Novel	False	fig3_alzheimer	universe450
ZMYND11	Autism Spectrum Disorder	3.47	Existing	Established	Existing	True	asc_ref299	
ZMYND11	bipolar disorder	1.67	Hypothesized	Novel	Hypothesized	False	asc_ref299	
ZMYND11	congenital heart disease	1.37	Novel	Novel	Novel	False	fig3_chd	universe509
ZMYND11	developmental disorder	3.96	Established	Established	Established	True	asc_ref299	
ZMYND11	epilepsy	3.82	Established	Established	Established	True	asc_ref299	
ZMYND11	schizophrenia	3.0	Existing	Existing	Existing	True	asc_ref299	
ZMYND11	type 2 diabetes	1.39	Novel	Novel	Novel	False	asc_ref299	
ZMYND8	Alzheimer's disease	1.75	Hypothesized	Hypothesized	Hypothesized	False	fig3_alzheimer	universe450
ZMYND8	Autism Spectrum Disorder	2.83	Existing	Existing	Existing	True	asc_ref299	
ZMYND8	bipolar disorder	1.41	Novel	Novel	Novel	False	asc_ref299	
ZMYND8	congenital heart disease	2.96	Existing	Existing	Existing	True	fig3_chd	universe509
ZMYND8	developmental disorder	3.13	Existing	Existing	Existing	True	asc_ref299	
ZMYND8	epilepsy	2.53	Existing	Existing	Existing	True	asc_ref299	
ZMYND8	schizophrenia	2.04	Hypothesized	Hypothesized	Hypothesized	False	asc_ref299	
ZMYND8	type 2 diabetes	1.17	Novel	Novel	Novel	False	asc_ref299	
ZNF136	Alzheimer's disease	1.09	Novel	Novel	Novel	False	random50_ann2	random50_ann2
ZNF136	Autism Spectrum Disorder	1.72	Hypothesized	Novel	Hypothesized	False	random50_ann2	random50_ann2
ZNF136	bipolar disorder	1.69	Hypothesized	Novel	Hypothesized	False	random50_ann2	random50_ann2
ZNF136	congenital heart disease	1.09	Novel	Novel	Novel	False	fig3_chd	universe509
ZNF136	developmental disorder	1.89	Hypothesized	Novel	Hypothesized	False	random50_ann2	random50_ann2
ZNF136	epilepsy	1.12	Novel	Novel	Novel	False	random50_ann2	random50_ann2
ZNF136	schizophrenia	3.15	Existing	Existing	Existing	True	random50_ann2	random50_ann2
ZNF136	type 2 diabetes	1.04	Novel	Novel	Novel	False	random50_ann2	random50_ann2
ZNF213	Alzheimer's disease	1.09	Novel	Novel	Novel	False	fig3_alzheimer	universe450
ZNF213	Autism Spectrum Disorder	1.06	Novel	Novel	Novel	False	random50_ann	random50_ann
ZNF213	bipolar disorder	1.09	Novel	Novel	Novel	False	random50_ann	random50_ann
ZNF213	congenital heart disease	1.06	Novel	Novel	Novel	False	fig3_chd	universe509
ZNF213	developmental disorder	1.06	Novel	Novel	Novel	False	random50_ann	random50_ann
ZNF213	epilepsy	1.04	Novel	Novel	Novel	False	random50_ann	random50_ann
ZNF213	schizophrenia	1.1	Novel	Novel	Novel	False	random50_ann	random50_ann
ZNF213	type 2 diabetes	1.1	Novel	Novel	Novel	False	random50_ann	random50_ann
ZNF292	Alzheimer's disease	2.64	Existing	Existing	Existing	True	fig3_alzheimer	universe450
ZNF292	Autism Spectrum Disorder	3.71	Established	Established	Established	True	asc_ref299	
ZNF292	bipolar disorder	1.42	Novel	Novel	Novel	False	asc_ref299	
ZNF292	congenital heart disease	1.51	Hypothesized	Novel	Hypothesized	False	fig3_chd	universe509
ZNF292	developmental disorder	3.92	Established	Established	Established	True	asc_ref299	
ZNF292	epilepsy	2.54	Existing	Existing	Existing	True	asc_ref299	
ZNF292	schizophrenia	1.64	Hypothesized	Novel	Hypothesized	False	asc_ref299	
ZNF292	type 2 diabetes	1.14	Novel	Novel	Novel	False	asc_ref299	
ZNF462	Alzheimer's disease	1.05	Novel	Novel	Novel	False	fig3_alzheimer	universe450
ZNF462	Autism Spectrum Disorder	3.15	Existing	Existing	Existing	True	random50_ann	random50_ann
ZNF462	bipolar disorder	1.17	Novel	Novel	Novel	False	random50_ann	random50_ann
ZNF462	congenital heart disease	3.3	Existing	Existing	Existing	True	fig3_chd	universe509
ZNF462	developmental disorder	3.97	Established	Established	Established	True	random50_ann	random50_ann
ZNF462	epilepsy	1.89	Hypothesized	Novel	Hypothesized	False	random50_ann	random50_ann
ZNF462	schizophrenia	1.41	Novel	Novel	Novel	False	random50_ann	random50_ann
ZNF462	type 2 diabetes	1.06	Novel	Novel	Novel	False	random50_ann	random50_ann
ZNF484	Alzheimer's disease	1.13	Novel	Novel	Novel	False	random50_ann2	random50_ann2
ZNF484	Autism Spectrum Disorder	1.13	Novel	Novel	Novel	False	random50_ann2	random50_ann2
ZNF484	bipolar disorder	1.13	Novel	Novel	Novel	False	random50_ann2	random50_ann2
ZNF484	congenital heart disease	1.13	Novel	Novel	Novel	False	fig3_chd	universe509
ZNF484	developmental disorder	1.15	Novel	Novel	Novel	False	random50_ann2	random50_ann2
ZNF484	epilepsy	1.15	Novel	Novel	Novel	False	random50_ann2	random50_ann2
ZNF484	schizophrenia	1.32	Novel	Novel	Novel	False	random50_ann2	random50_ann2
ZNF484	type 2 diabetes	1.12	Novel	Novel	Novel	False	random50_ann2	random50_ann2
ZNF536	Alzheimer's disease	1.39	Novel	Novel	Novel	False	fig3_alzheimer	universe450
ZNF536	Autism Spectrum Disorder	2.78	Existing	Existing	Existing	True	asc_ref299	
ZNF536	bipolar disorder	1.91	Hypothesized	Hypothesized	Hypothesized	False	asc_ref299	
ZNF536	congenital heart disease	1.89	Hypothesized	Hypothesized	Hypothesized	False	fig3_chd	universe509
ZNF536	developmental disorder	2.62	Existing	Existing	Existing	True	asc_ref299	
ZNF536	epilepsy	2.24	Hypothesized	Hypothesized	Hypothesized	False	asc_ref299	
ZNF536	schizophrenia	2.65	Existing	Existing	Existing	True	asc_ref299	
ZNF536	type 2 diabetes	1.71	Hypothesized	Novel	Hypothesized	False	asc_ref299	
ZNF644	Alzheimer's disease	1.06	Novel	Novel	Novel	False	fig3_alzheimer	universe450
ZNF644	Autism Spectrum Disorder	2.58	Existing	Existing	Existing	True	asc_ref299	
ZNF644	bipolar disorder	1.17	Novel	Novel	Novel	False	asc_ref299	
ZNF644	congenital heart disease	1.14	Novel	Novel	Novel	False	fig3_chd	universe509
ZNF644	developmental disorder	2.77	Existing	Existing	Existing	True	asc_ref299	
ZNF644	epilepsy	1.44	Novel	Novel	Novel	False	asc_ref299	
ZNF644	schizophrenia	1.36	Novel	Novel	Novel	False	asc_ref299	
ZNF644	type 2 diabetes	1.13	Novel	Novel	Novel	False	asc_ref299	
ZNF652	Alzheimer's disease	2.58	Existing	Existing	Existing	True	fig3_alzheimer	universe450
ZNF652	Autism Spectrum Disorder	1.13	Novel	Novel	Novel	False	extra50_random	random50
ZNF652	bipolar disorder	1.32	Novel	Novel	Novel	False	fig3_four_phenos	
ZNF652	congenital heart disease	1.09	Novel	Novel	Novel	False	fig3_chd	universe509
ZNF652	developmental disorder	1.14	Novel	Novel	Novel	False	fig3_four_phenos	
ZNF652	epilepsy	1.08	Novel	Novel	Novel	False	fig3_four_phenos	
ZNF652	schizophrenia	1.87	Hypothesized	Hypothesized	Hypothesized	False	extra50_random	random50
ZNF652	type 2 diabetes	2.15	Hypothesized	Existing	Hypothesized	False	fig3_four_phenos	
ZNF653	Alzheimer's disease	1.14	Novel	Novel	Novel	False	fig3_alzheimer	universe450
ZNF653	Autism Spectrum Disorder	1.13	Novel	Novel	Novel	False	asd_extra101	random
ZNF653	bipolar disorder	1.13	Novel	Novel	Novel	False	fig3_four_phenos	
ZNF653	congenital heart disease	1.21	Novel	Novel	Novel	False	fig3_chd	universe509
ZNF653	developmental disorder	1.29	Novel	Novel	Novel	False	fig3_four_phenos	
ZNF653	epilepsy	1.13	Novel	Novel	Novel	False	fig3_four_phenos	
ZNF653	schizophrenia	1.21	Novel	Novel	Novel	False	scz_extra101	random
ZNF653	type 2 diabetes	1.42	Novel	Novel	Novel	False	fig3_four_phenos	
ZNF865	Alzheimer's disease	1.17	Novel	Novel	Novel	False	fig3_alzheimer	universe450
ZNF865	Autism Spectrum Disorder	2.48	Hypothesized	Existing	Hypothesized	False	asc_ref299	
ZNF865	bipolar disorder	1.26	Novel	Novel	Novel	False	asc_ref299	
ZNF865	congenital heart disease	1.26	Novel	Novel	Novel	False	fig3_chd	universe509
ZNF865	developmental disorder	3.2	Existing	Existing	Existing	True	asc_ref299	
ZNF865	epilepsy	2.43	Hypothesized	Existing	Hypothesized	False	asc_ref299	
ZNF865	schizophrenia	1.34	Novel	Novel	Novel	False	asc_ref299	
ZNF865	type 2 diabetes	1.13	Novel	Novel	Novel	False	asc_ref299	
