year	gene	phenotype	disease_curie	n_pmids	oldest_pmid	verdict	lit_score	p_established	p_existing	p_hypothesized	p_novel	justification	input_tokens	output_tokens	usd	calls
2011	SEPTIN12	spermatogenic failure 10	MONDO:0013901	6	20801438	Existing	3.06	28	52	18	2	"SEPTIN12 (SEPT12) is the OMIM-designated gene for spermatogenic failure 10 (SPGF10), based primarily on human studies by Lin, Kuo and colleagues reporting heterozygous variants (e.g., T89M, D197N) in Taiwanese infertile men with teratozoospermia/oligozoospermia and defective sperm annulus/head morphology. Supportive functional data exist, including Sept12 mutant/knockout mouse models with sperm annulus and nuclear defects, plus immunolocalization of SEPT12 in the sperm annulus, which strengthen biological plausibility. However, systematic gene–disease validity reviews of male infertility genes have generally graded SEPT12 as limited or moderate rather than definitive, given few independent probands, mostly heterozygous variants with incomplete segregation data, and limited replication in other populations. Therefore the evidence best fits ""Existing,"" with meaningful but smaller probability for ""Established,"" and residual weight on ""Hypothesized"" if the human genetic findings are discounted in favor of the animal/functional data."	828	850	0.02539	1
2010	SPTAN1	hereditary spastic paraplegia	MONDO:0019064	6	20493457	Existing	3.07	30	52	13	5	"SPTAN1 (α-II spectrin) is best established as a cause of early infantile epileptic encephalopathy/West syndrome, but human genetic studies have also linked it to motor axonopathy and pyramidal/cerebellar phenotypes, including a multicenter report (Van de Vondel et al., Mov Disord 2022) describing de novo and dominantly inherited SPTAN1 variants causing spastic paraplegia with cerebellar ataxia, and Beijer et al. describing dominant distal hereditary motor neuropathy. These are human cohort/family studies with segregation and recurrent variants, supporting more than a purely hypothetical link, and the spectrin cytoskeleton's role in axonal integrity provides a strong mechanistic rationale for length-dependent corticospinal degeneration. However, SPTAN1 has not received a formal SPG designation, the number of independent HSP probands remains modest, and replication across independent groups is still limited, so the evidence falls short of firmly ""established."" A small residual probability is retained for the possibility that the association is driven mainly by functional/model data or remains unreplicated."	833	863	0.02574	1
2011	AKT1	Cowden syndrome 6	MONDO:0014048	3	21194675	Existing	3.2	35	52	11	2	"Cowden syndrome 6 (OMIM 615109) is assigned to AKT1 based primarily on Orloff et al. (2013, Am J Hum Genet), who identified germline AKT1 variants (e.g., p.Glu17Lys) in a small number of PTEN-mutation-negative Cowden/Cowden-like probands, with functional evidence of increased AKT signaling in patient-derived material. This is credible human genetic evidence, and AKT1 lies directly downstream of PTEN in the PI3K/AKT pathway, giving strong biological plausibility. However, replication has been sparse—only a handful of additional probands/case reports—and gene–disease validity curations have generally regarded the evidence as limited rather than definitive. Therefore the strongest weight falls on ""Existing,"" with substantial residual probability for ""Established"" given the formal OMIM phenotype designation, and a small allowance for a purely pathway/biology-based classification."	813	842	0.025115	1
2011	TRIM69	hereditary predisposition to infections	MONDO:0015979	1	22105173	Hypothesized	1.99	1	8	80	11	"TRIM69 is a well-characterized interferon-stimulated tripartite-motif antiviral restriction factor, with functional studies showing it restricts vesicular stomatitis virus, dengue virus, Zika virus, and HIV-1 (e.g., through targeting viral phosphoprotein/NS3 or nuclear body-mediated restriction in macrophages). This evidence is predominantly in vitro (cell lines, overexpression/knockdown) and comparative/evolutionary (positive selection analyses), rather than from human clinical genetics. I am not aware of any replicated human studies identifying pathogenic TRIM69 variants in patients with inborn errors of immunity or susceptibility to infection, nor of robust GWAS/candidate-gene associations with infectious disease outcomes. Thus the biology is directly and strongly relevant to antiviral defense, placing most weight on ""Hypothesized,"" with a small allowance for an obscure human polymorphism association study I may be unaware of, and some residual probability that no meaningful human-relevant link exists."	823	750	0.022865	1
2011	TECR	intellectual disability	MONDO:0001071	3	21212097	Existing	3.1	25	62	11	2	"TECR (trans-2,3-enoyl-CoA reductase, also GPSN2) was implicated in autosomal recessive non-syndromic intellectual disability (MRT14, OMIM 614020) through exome sequencing of a large consanguineous family (Caliskan et al., Hum Mol Genet 2011), which identified a homozygous missense variant (p.Pro182Leu) segregating with ID, supported by functional/enzymatic data on very-long-chain fatty acid elongation relevant to brain lipid metabolism. This provides credible human genetic evidence, so the relationship is clearly beyond hypothesized or novel. However, independent replication in additional unrelated probands has been sparse, and curation efforts (e.g., SysID, gene–disease validity panels) generally treat TECR as a limited-evidence or candidate ID gene rather than definitive. Therefore most weight falls on ""Existing,"" with a moderate allocation to ""Established"" reflecting its OMIM disease-gene status and inclusion on some ID diagnostic panels."	783	858	0.025365	1
2011	PECR	neurodevelopmental disorder	MONDO:0700092	1	21937992	Hypothesized	2.01	3	22	48	27	"PECR encodes peroxisomal trans-2-enoyl-CoA reductase, involved in peroxisomal fatty acid elongation; because peroxisomal dysfunction is a well-established cause of neurodevelopmental and neurodegenerative phenotypes (e.g., Zellweger spectrum, ELOVL/fatty-acid elongation defects), there is a strong biological rationale for a hypothesized link even without confirmed pathogenic variants. PECR has appeared in human genetic association work mainly for alcohol dependence (2q35 linkage/GWAS follow-up), a neurobehavioral rather than neurodevelopmental phenotype, and it is occasionally listed as a candidate in consanguineous intellectual-disability or autism candidate-gene screens, which would provide weak ""Existing"" support if genuine. However, PECR is not an accepted OMIM disease gene for intellectual disability, autism, or developmental delay, and no replicated multi-family evidence exists, so ""Established"" is very unlikely. The residual probability on ""Novel"" reflects the possibility that all co-mentions are incidental and that its peroxisomal role has not been specifically tied to neurodevelopment."	808	1116	0.03194	1
2010	C19orf12	hereditary spastic paraplegia 43	MONDO:0014024	4	20039086	Established	3.51	60	33	5	2	"SPG43 (OMIM 615043) is formally attributed to biallelic C19orf12 variants, first identified by Landouré et al. (2013) in a consanguineous Malian family with two affected sisters carrying a homozygous missense variant (p.Ala63Pro), with additional patients subsequently reported. C19orf12 is also the definitive cause of MPAN (mitochondrial membrane protein-associated neurodegeneration), a phenotypic continuum in which spastic paraparesis is a prominent, frequently reported feature, providing supportive allelic evidence in humans. The gene is routinely included on hereditary spastic paraplegia diagnostic panels, indicating broad clinical acceptance. However, the number of independent families reported specifically as ""SPG43"" is small, so some uncertainty remains as to whether the evidence rises above a limited/moderate classification, which is why a substantial share of probability is retained for ""Existing."" Purely biological or animal-model-only support is not the basis of this association, so Hypothesized and Novel receive minimal weight."	838	974	0.02854	1
2010	SHANK3	schizophrenia 15	MONDO:0013498	4	20385823	Existing	3.18	35	50	13	2	Schizophrenia 15 (SCZD15) is an OMIM-designated phenotype specifically linked to SHANK3 at 22q13.3, based principally on Gauthier et al. (2010, PNAS), who identified de novo SHANK3 mutations (R1117X, R536W) in unrelated human probands with schizophrenia, with supporting functional and segregation data. Additional human evidence comes from 22q13 deletion/Phelan-McDermid syndrome patients who frequently develop psychosis or schizoaffective illness, and from rare-variant/CNV studies in psychosis cohorts, supporting a genuine human genetic contribution. However, replication in large independent case-control or sequencing cohorts remains limited, and SHANK3's dominant association is with autism/intellectual disability rather than schizophrenia specifically, so the causal evidence for SCZD15 falls short of the multiply-replicated standard. Considerable supporting biology (glutamatergic postsynaptic scaffolding, Shank3 mutant mouse models with social and cognitive deficits) reinforces plausibility but is animal/in vitro and therefore counted under Hypothesized. Overall the evidence is best described as credible but not definitive, with a meaningful chance a curator would call it established given the OMIM phenotype entry.	808	953	0.027865	1
2011	ARL14EP	neurodevelopmental disorder	MONDO:0700092	1	21937992	Hypothesized	2.19	3	25	60	12	"ARL14EP (also known as C11orf46/ARF7EP) lies in the 11p13 region deleted in WAGR/contiguous-gene deletion syndromes, so human evidence largely comes from multigenic deletions rather than gene-specific point variants, which weakens causal attribution. The strongest published work (Peter et al., Nat Commun 2019) is functional/animal: knockdown of C11orf46 in mouse cortex caused transcallosal dysconnectivity via epigenetic dysregulation of Sema6a, and epigenetic editing rescued the phenotype — highly relevant biology but not human genetic proof. This supports a predominantly ""Hypothesized"" classification, with partial weight on ""Existing"" because of the human deletion-mapping/candidate-gene argument within neurodevelopmental 11p13 deletions. I see no replicated independent human probands with pathogenic single-gene ARL14EP variants, so ""Established"" is very unlikely, and ""Novel"" is also unlikely given the clear mechanistic link."	823	1018	0.029565	1
2011	MOG	narcolepsy 7	MONDO:0013652	1	21907016	Existing	3.11	28	57	13	2	"Narcolepsy 7 (OMIM 614250) is the OMIM designation created specifically after Hor et al. (Am J Hum Genet, 2011) reported a missense mutation (S133C) in MOG segregating in a multiplex family with narcolepsy with cataplexy, with supporting in vitro functional data showing altered protein trafficking/misfolding. This is direct human genetic evidence, so the relationship is clearly more than hypothesized. However, the evidence rests essentially on a single family/report with limited independent replication, and subsequent studies have not consistently confirmed MOG as a recurrent narcolepsy gene, so most gene-curation frameworks would call this limited rather than definitive. Additional biological plausibility exists (MOG is at 6p22 near the HLA region, and anti-MOG autoimmunity relates to CNS demyelination and hypersomnia phenotypes), which supports but does not establish causality. Hence the weight falls mainly on ""Existing,"" with a meaningful minority on ""Established"" given the OMIM gene–phenotype assignment."	793	979	0.02844	1
2010	SOBP	intellectual disability, anterior maxillary protrusion, and strabismus	MONDO:0013353	1	21035105	Established	3.44	55	36	7	2	"SOBP (JXC1) is the gene assigned to autosomal recessive ""mental retardation, anterior maxillary protrusion, and strabismus"" (MRAMS syndrome, OMIM 613671), first defined by Birk et al. (2010) in a consanguineous Bedouin kindred with homozygous truncating SOBP variants, with additional families reported for syndromic and nonsyndromic intellectual disability. Subsequent case reports and consanguineous ID cohort studies have described further biallelic SOBP variants, supporting replication in humans, though the total number of independent probands remains modest. Supportive biology exists (Sobp expression in brain limbic system; the mouse ""Jackson circler"" Sobp mutant), which would only reach ""Hypothesized"" alone, but human genetic data dominate here. I therefore weight Established most heavily, with substantial residual probability for Existing given that some curation frameworks might rate the evidence as moderate/limited due to few families."	878	1006	0.02954	1
2010	ADAMTS9	ciliopathy	MONDO:0005308	4	20096780	Existing	3.09	32	48	17	3	"ADAMTS9 has direct human genetic evidence linking it to a ciliopathy: an American Journal of Human Genetics report (Choi et al., 2019) described biallelic ADAMTS9 variants in families with nephronophthisis-related ciliopathy, supported by patient-derived cell and model-organism data showing defective ciliogenesis. Complementary functional work (Nandadasa et al.) demonstrated that the secreted metalloproteases ADAMTS9 and ADAMTS20 have a non-canonical intracellular role in ciliary vesicle formation, and mouse mutants display ciliopathy-like phenotypes, which strongly supports biological plausibility. However, the human genetic evidence is based on a small number of families with limited independent replication, so most gene–disease validity frameworks would rate it as limited-to-moderate rather than definitive. Therefore the weight falls mainly on ""Existing,"" with meaningful probability for ""Established"" and residual weight on ""Hypothesized"" if the human data are judged insufficient."	808	1163	0.033115	1
2010	IRAG1	achalasia	MONDO:0008698	2	20080989	Hypothesized	1.98	2	17	58	23	"IRAG1 (formerly MRVI1) encodes the IP3 receptor–associated cGMP kinase substrate, a core effector of the nitric oxide/cGMP/PKG pathway that mediates inhibitory neurotransmission and smooth muscle relaxation in the gut; loss of this pathway (NOS1, PRKG1, IRAG1) is the central mechanism of impaired lower esophageal sphincter relaxation in achalasia, and Irag1-knockout mice show impaired NO-dependent relaxation with gastrointestinal dysmotility. This makes a biologically direct, mechanism-based link highly defensible, favoring ""Hypothesized."" Human genetic evidence for IRAG1/MRVI1 exists chiefly for infantile hypertrophic pyloric stenosis (GWAS-replicated), a different smooth-muscle relaxation disorder rather than a recognized precursor or subtype of achalasia, so it only weakly supports ""Existing."" Achalasia GWAS/candidate studies have implicated HLA-DQ and, less consistently, NOS1/NOS1AP, but I am not aware of replicated human variant-level association of IRAG1 with achalasia, so ""Established"" is very unlikely. Some probability remains for ""Novel"" if no achalasia-specific literature mentions this gene at all."	788	1103	0.031515	1
2010	PDGFRA	congenital heart disease	MONDO:0005453	2	20071345	Hypothesized	2.49	8	40	45	7	"PDGFRA has strong developmental relevance to cardiac morphogenesis: Pdgfra mutant/hypomorphic mice show cardiac neural crest and epicardial defects with outflow tract anomalies, and the gene is required for pulmonary vein and coronary vessel development, giving robust ""Hypothesized""-level biological support. Human evidence exists but is limited: PDGFRA was pursued as the candidate gene at a locus for familial total anomalous pulmonary venous return (Bleyl and colleagues), with reported promoter/regulatory variants reducing expression in affected individuals, and 4q12 deletions/CNVs encompassing PDGFRA have been reported in patients with congenital anomalies including heart defects. These findings are single-group, not widely replicated, and no gene curation consortium lists PDGFRA as a definitive CHD gene, so ""Established"" is unlikely. Most of the human-genetic literature on PDGFRA instead concerns GISTs, hypereosinophilic syndrome, and neural tube/orofacial clefting, which further limits confidence in a causal CHD role. Hence probability is concentrated between Hypothesized and Existing."	803	1211	0.03429	1
2010	DIAPH3	auditory neuropathy	MONDO:0021944	2	20624953	Established	3.28	45	40	13	2	DIAPH3 is the gene underlying AUNA1 (autosomal dominant auditory neuropathy 1; OMIM 609129), mapped by linkage in a large North American family and shown by Schoen et al. (PNAS 2010) to result from a 5'UTR point mutation causing DIAPH3 overexpression in human patient cells. This constitutes credible human genetic evidence with supporting functional work in Drosophila and transgenic mouse models showing hair cell/stereocilia and auditory phenotypes. However, the primary evidence rests largely on a single extended family, with only sparse reports of additional probands or variants in independent auditory neuropathy cohorts, so replication is limited and some curation efforts have judged the gene–disease validity as less than definitive. Hence points are split between Established (given the widely accepted, named disease entity) and Existing (given the limited independent replication), with a small residual for Hypothesized reflecting the heavy reliance on model-organism functional data.	813	1003	0.02914	1
2011	CRYGB	cataract 39 multiple types	MONDO:0014075	2	21941057	Existing	3.21	40	44	13	3	"CRYGB is one of the βγ-crystallin genes and is the assigned gene for OMIM ""Cataract 39, multiple types"" (CTRCT39), indicating that at least one human family/proband with congenital or age-related cataract carrying a CRYGB variant has been reported (notably Chinese pedigrees with autosomal dominant congenital cataract). The biological plausibility is very strong, since γ-crystallins are core lens structural proteins and mutations in paralogs CRYGC and CRYGD are well-established cataract causes; a Crygb mouse mutant also shows lens opacity, supporting mechanistic relevance. However, unlike CRYGC/CRYGD, the number of independent human families with CRYGB variants is small and some reported variants have questionable segregation or population frequency data, so gene–disease validity is often rated limited-to-moderate rather than definitive. I therefore split most probability between ""Existing"" (at least one credible human report, evidence not definitive) and ""Established"" (OMIM phenotype designation with a few replicated reports), with a smaller share for purely biological/animal-model-based support."	813	1202	0.034115	1
2010	SLC34A1	Fanconi renotubular syndrome 2	MONDO:0013247	1	20335586	Existing	3.12	30	55	12	3	"SLC34A1 encodes the renal proximal tubule sodium-phosphate cotransporter NaPi-IIa, and the OMIM entry for Fanconi renotubular syndrome 2 (FRTS2) is based principally on a single consanguineous family reported by Magen et al. (NEJM 2010), in which a homozygous in-frame 21-bp duplication segregated with proximal tubulopathy and hypophosphatemic rickets, supported by in vitro evidence of ER retention/dominant-negative behavior. This is credible human genetic evidence but has had limited independent replication for the full Fanconi phenotype, and some authors have questioned or reclassified the phenotype. However, biallelic SLC34A1 variants are firmly linked in humans to related proximal tubular phenotypes (idiopathic infantile hypercalcemia type 2 with renal phosphate wasting, nephrocalcinosis, and partial Fanconi-like features) and to hypophosphatemic nephrolithiasis/osteoporosis, which are recognized allelic/mechanistically linked conditions. Therefore ""Existing"" best captures the evidence level, with meaningful probability that curators would judge it ""Established"" given the mechanistic clarity and additional allelic human cases."	848	1194	0.03409	1
2011	NDUFA12	Leigh syndrome	MONDO:0009723	3	21617257	Established	3.35	50	38	9	3	"NDUFA12 encodes an accessory subunit of mitochondrial complex I, and biallelic loss-of-function variants are recognized in OMIM as causing mitochondrial complex I deficiency, nuclear type 23, with Leigh/Leigh-like disease being the predominant clinical presentation. Human evidence comes from a small number of independent probands/families (e.g., Torraco et al. reporting novel NDUFA12 variants with isolated complex I defect, Leigh syndrome, and variable manifestations including dystonia and optic atrophy), supported by functional rescue and complex I assembly/activity studies in patient fibroblasts. This constitutes replicated but relatively limited human genetic evidence, so the relationship sits between ""Established"" and ""Existing,"" with gene-curation efforts likely rating it moderate rather than definitive. Note also potential nomenclature confusion with NDUFAF2 (formerly NDUFA12L/B17.2L), which is a well-established Leigh syndrome gene. Purely hypothetical or absent evidence is very unlikely given the documented human variants."	813	1202	0.034115	1
2010	LAS1L	X-linked syndromic intellectual disability	MONDO:0020119	8	20647540	Existing	2.88	20	55	18	7	"LAS1L encodes a ribosome biogenesis factor (Las1 homolog, part of the PELP1–TEX10–WDR18 complex) on Xq12, and human hemizygous variants have been reported in X-linked conditions, including a congenital lethal motor neuron disease/severe SMA-like phenotype and, in at least one family, Wilson–Turner syndrome (X-linked syndromic intellectual disability with obesity and gynecomastia), a disorder more commonly attributed to HDAC8. This supports human genetic evidence, but the number of independent probands/families for the syndromic ID phenotype is small and replication is limited, and some assignments are debated given the competing HDAC8 etiology. Therefore ""Existing"" is the most probable category, with a meaningful but smaller chance that curators consider the evidence sufficient for ""Established"" (e.g., additional exome-based ID cohorts reporting LAS1L variants). Purely biological plausibility (ribosome biogenesis defects causing neurodevelopmental disease, cellular/animal models) would support ""Hypothesized"" if the human reports are judged insufficient, while ""Novel"" is unlikely given documented human variant reports."	833	1848	0.050365	1
2012	FOXD3	anterior segment dysgenesis	MONDO:0019503	1	22815627	Hypothesized	2.01	3	15	62	20	"FOXD3 is a forkhead transcription factor essential for neural crest specification and maintenance, and the anterior segment of the eye (cornea endothelium/stroma, iris stroma, trabecular meshwork) is largely of periocular neural crest origin, making a biological link highly plausible. Zebrafish foxd3 mutants (e.g., sym1) and conditional mouse neural crest knockouts show craniofacial and periocular neural crest defects, providing animal-model support typical of the ""Hypothesized"" category. Other FOX-family members (FOXC1, FOXE3) are firmly established ASD genes, which has motivated candidate-gene consideration of FOXD3, but I am not aware of replicated human pedigrees or robust case series showing pathogenic FOXD3 variants causing anterior segment dysgenesis. A small possibility remains that a single candidate-gene screening or rare-variant report in humans exists, which would support ""Existing."" Therefore most weight goes to Hypothesized, with modest weight to Existing and Novel and minimal weight to Established."	823	860	0.025615	1
2012	RNLS	cataract	MONDO:0005129	1	22935719	Novel	1.69	2	18	27	53	"RNLS encodes renalase, a secreted FAD-dependent amine oxidase best studied in kidney disease, hypertension, catecholamine metabolism, type 1 diabetes susceptibility (e.g., rs10509540), and cardiovascular/ischemic protection; I am not aware of any Mendelian or candidate-gene study implicating RNLS variants in congenital or age-related cataract. A plausible but indirect biological link exists through oxidative stress handling and diabetes, a well-recognized cataract risk factor, which could support a ""hypothesized"" or weakly ""existing"" classification if a large biobank GWAS incidentally listed RNLS near a cataract signal. However, no replicated, well-characterized human genetic evidence for RNLS–cataract causation exists to my knowledge, ruling out ""Established."" The most likely situation is incidental co-mention or, at best, a nonspecific pathway/oxidative-stress rationale. I therefore weight Novel highest, with meaningful residual probability on Hypothesized and some on Existing."	773	835	0.02474	1
2013	DTHD1	LCAT deficiency	MONDO:0018999	1	23105016	Novel	1.21	1	4	10	85	"LCAT deficiency (familial LCAT deficiency and fish-eye disease) is a well-characterized monogenic disorder caused by biallelic pathogenic variants in the LCAT gene on chromosome 16q22; no other locus has been established as causal. DTHD1 (death domain containing 1, chromosome 4p14) is a poorly characterized gene with limited literature, primarily tentative reports in bacterial meningitis susceptibility and some cancer/immune contexts, with no known role in HDL metabolism, cholesterol esterification, or lipoprotein biology. I am not aware of any human genetic study, GWAS signal, or functional/animal work linking DTHD1 to LCAT activity or LCAT-deficiency phenotypes (corneal opacity, anemia, proteinuric renal disease, low HDL). A small residual probability is allotted to ""hypothesized"" in case of an obscure lipid GWAS or expression correlation I am unaware of, but the pairing appears essentially incidental."	808	597	0.018965	1
2012	FUS	tremor, hereditary essential, 4	MONDO:0013888	5	22863194	Existing	3.09	30	52	15	3	"FUS is the designated gene for ETM4 (OMIM 614782) based on Merner et al. (2012), who used exome sequencing in a large French-Canadian essential tremor family and found a segregating FUS p.Gln290* nonsense variant, plus two additional rare missense variants in unrelated ET probands. This is credible human genetic evidence, so the pair is clearly beyond Hypothesized or Novel. However, multiple subsequent screening studies of ET cohorts (European, Asian, North American) largely failed to identify pathogenic FUS variants, and only isolated additional candidate variants (e.g., in some families/case reports) have been described, leaving the gene–disease relationship widely regarded as limited or disputed rather than firmly replicated. FUS biology (RNA-binding protein, ALS/FTD-linked neurodegeneration) provides plausible mechanistic support, but the human replication needed for ""Established"" is lacking, so most weight falls on Existing with meaningful residual probability for Established given the formal OMIM ETM4 designation."	818	766	0.02324	1
2012	CTNNA3	arrhythmogenic right ventricular cardiomyopathy	MONDO:0016587	2	22421363	Existing	2.93	15	65	18	2	"CTNNA3 encodes αT-catenin, an area composita/intercalated disc protein that interacts with plakophilin-2, giving strong biological plausibility for ARVC. Human genetic evidence exists: van Hengel et al. (Eur Heart J, 2013) reported rare CTNNA3 variants (e.g., p.V94D, a splice/frameshift variant) in ARVC probands with supporting functional studies showing impaired adhesion and aberrant PKP2 interaction, and subsequent cohort screens have reported occasional rare variants. However, replication in independent families with segregation data is sparse, and ClinGen's ARVC gene curation classified CTNNA3 as limited/disputed rather than definitive, with many variants being of uncertain significance. This places the pair firmly in the ""Existing"" category, with some residual probability for ""Established"" (if one weighs the original multi-proband report heavily) and for ""Hypothesized"" (if the human genetic evidence is discounted in favor of the functional/mouse αT-catenin knockout data)."	878	868	0.02609	1
2012	CPA6	familial temporal lobe epilepsy 5	MONDO:0013741	7	21922598	Existing	3.02	25	57	13	5	"CPA6 (carboxypeptidase A6) is the gene assigned to OMIM entry ""Epilepsy, familial temporal lobe, 5"" (ETL5), based primarily on work by Salzmann, Sapio and colleagues (2012) who identified rare CPA6 variants in probands/families with temporal lobe epilepsy and febrile seizures, with functional assays showing reduced secretion or enzymatic activity of the mutant proteins in vitro. Subsequent screens in additional epilepsy cohorts (including Chinese and European series) reported further rare variants, but segregation data are often incomplete, inheritance patterns are inconsistent (both dominant and recessive claims), and some variants occur at appreciable population frequency, leading gene-curation efforts to regard the gene–disease validity as limited or disputed rather than definitive. Thus human genetic evidence clearly exists and is the basis of the disease entity, but replication in independent, well-segregating families is not robust enough for ""Established."" A smaller probability is retained for ""Hypothesized"" because much of the supporting data is biochemical/in vitro or mouse-based rather than definitive human genetics."	838	842	0.02524	1
2012	TNIK	non-syndromic intellectual disability	MONDO:0000509	3	23035106	Existing	2.74	12	55	28	5	"TNIK was reported as a candidate gene for autosomal recessive non-syndromic intellectual disability in the large consanguineous-family exome study by Najmabadi et al. (2011), and it appears on candidate ID gene lists (e.g., SysID) rather than as a definitively confirmed disease gene in OMIM. A few additional human reports (de novo/biallelic variants in NDD cohorts, 3q26 deletions encompassing TNIK) provide supportive but not replicated, definitive evidence, which best fits the ""Existing"" category. Strong supporting biology exists—TNIK is a postsynaptic density kinase interacting with DISC1, regulating Wnt signaling and dendritic/synaptic function, with cognitive deficits in knockout mice—so a substantial share goes to ""Hypothesized"" in case the human genetic evidence is judged insufficient. Established is unlikely because multiple independent, well-phenotyped probands with clear segregation and functional validation have not been convincingly assembled. A ""Novel"" classification is improbable given the existing candidate-gene reports and direct synaptic biology."	818	924	0.02719	1
2013	CDK6	microcephaly 12, primary, autosomal recessive	MONDO:0014484	1	23918663	Existing	3.08	25	60	13	2	"CDK6 was linked to MCPH12 (OMIM 616080) primarily through Hussain et al. (2013, AJHG), who identified a homozygous missense variant (p.Ala197Thr) segregating in a single consanguineous Pakistani family with primary microcephaly, supported by functional work showing mislocalization of CDK6 at the centrosome and spindle abnormalities. Only a small number of additional human families/probands with biallelic CDK6 variants have since been reported, so replication across independent kindreds is sparse, and gene–disease validity curations for this pair tend to be limited/moderate rather than definitive. The biology is highly consistent (centrosomal localization, neural progenitor proliferation, shared mechanism with other MCPH genes), which would independently support at least a hypothesized relationship. Given credible but not extensively replicated human genetic evidence, ""Existing"" is the most probable classification, with some chance that accumulated case reports now justify ""Established."""	853	652	0.020565	1
2013	MRPL12	combined oxidative phosphorylation deficiency 45	MONDO:0033533	1	23603806	Existing	2.89	15	62	20	3	"MRPL12 encodes a mitochondrial large ribosomal subunit protein essential for mtDNA-encoded protein synthesis, so loss of function plausibly causes a combined OXPHOS (multiple respiratory chain complex) deficiency, and OMIM designates COXPD45 for MRPL12. However, the human genetic evidence rests largely on a single report (Serre et al., 2013) of a homozygous missense variant in one child with growth retardation, neurologic deterioration and impaired mitochondrial translation, supported by patient fibroblast functional studies. Additional independent probands/families are, to my knowledge, very few or absent, so replication is lacking and gene–disease validity would likely be curated as ""limited."" This places the bulk of the weight on Existing, with a modest allowance for Established (if later unreported cases exist) and for Hypothesized (if the evidence is judged predominantly functional/in vitro rather than definitive human genetic proof)."	858	920	0.02729	1
2012	AP2A2	schizophrenia	MONDO:0005090	1	23042115	Hypothesized	1.92	2	18	50	30	"AP2A2 encodes an alpha subunit of the AP-2 clathrin adaptor complex, central to synaptic vesicle endocytosis and receptor (including NMDA/AMPA receptor) trafficking — biology repeatedly implicated in schizophrenia through synaptic/PSD proteomic and gene-set analyses, which supports a strong ""Hypothesized"" weighting. I am not aware of any replicated, definitive human genetic study demonstrating that AP2A2 variants cause schizophrenia, so ""Established"" is very unlikely. There may be incidental appearances of AP2A2 in rare-variant/exome or CNV screens or as a nearby gene at 11p15 loci, and in synaptic gene-set enrichment analyses, giving modest weight to ""Existing,"" but no well-known dedicated association study exists. A substantial probability remains that mentions of AP2A2 with schizophrenia are only incidental co-occurrences, justifying meaningful weight on ""Novel."""	798	923	0.027065	1
2013	ELMOD3	nonsyndromic genetic hearing loss	MONDO:0019497	4	24039609	Existing	3.21	38	47	13	2	"ELMOD3 was linked to autosomal recessive nonsyndromic hearing loss (DFNB88) through a large consanguineous Pakistani family (Jaworek et al., 2013), with subsequent reports including a Chinese family with a missense variant segregating with autosomal dominant nonsyndromic hearing loss and additional consanguineous families in later studies. Supporting biology includes ELMOD3 expression in hair cell stereocilia and ARL2-related actin cytoskeleton regulation, plus mouse models with hearing impairment, which strengthens plausibility but is non-human evidence. Because human genetic evidence exists in more than one independent family, the pair clearly exceeds ""Hypothesized,"" but the number of reported probands remains small and gene–disease validity curations have generally rated it limited-to-moderate rather than definitive. Therefore, points are concentrated on ""Existing"" with substantial weight on ""Established,"" and minimal weight on ""Novel."""	848	894	0.02659	1
2013	AGBL1	corneal dystrophy, Fuchs endothelial, 8	MONDO:0014228	2	24094747	Existing	3.09	27	58	12	3	"AGBL1 is the designated gene for FECD8 (OMIM 615523) based primarily on Riazuddin et al. (AJHG, 2013), who mapped a locus in a family with late-onset Fuchs endothelial corneal dystrophy and identified missense variants (e.g., p.Arg1028Ala/frameshift-type changes) segregating in a family plus an additional variant in a sporadic case, with functional data showing altered interaction with TCF4. This constitutes credible human genetic evidence, so the relationship is clearly beyond hypothesized or novel. However, replication in independent large FECD cohorts has been sparse, and subsequent sequencing/candidate-gene studies have found the variants rare or of uncertain significance, with the dominant genetic driver of FECD remaining the TCF4 CTG18.1 repeat expansion; some curation efforts consider AGBL1 evidence limited or disputed. Therefore most weight falls on ""Existing,"" with a moderate share for ""Established"" given the OMIM phenotype designation."	873	801	0.02439	1
2013	NPPA	atrial standstill 2	MONDO:0014329	1	23275345	Existing	3.13	30	55	13	2	"Atrial standstill 2 (OMIM 615745) is specifically attributed to NPPA, based primarily on the report by Disertori and colleagues of an Italian family with autosomal recessive atrial dilated cardiomyopathy progressing to atrial standstill, caused by a homozygous truncating NPPA mutation (with heterozygous carriers being unaffected or mildly affected). This is credible human genetic evidence with segregation in multiple affected siblings, supported by functional data on the mutant atrial natriuretic peptide and by NPPA's known role in atrial myocyte biology and atrial fibrillation/atrial cardiomyopathy. However, replication in independent, unrelated probands appears very limited, so the evidence falls short of firmly ""Established"" by multi-family replication standards. Thus most weight goes to Existing, with a substantial minority to Established given the OMIM gene–disease designation, and a small residual to Hypothesized (mechanistic/animal support) and essentially none to Novel."	798	870	0.02574	1
2013	STT3B	congenital disorder of glycosylation	MONDO:0015286	3	23842455	Existing	3.28	42	46	10	2	"STT3B encodes a catalytic subunit of the oligosaccharyltransferase complex, and biallelic STT3B variants were reported by Shrimal, Ng, Losfeld, Gilmore and Freeze (2013) in a patient with a type I congenital disorder of glycosylation, alongside STT3A-CDG; this is recognized in OMIM as STT3B-CDG (CDG-Ix). The report included human patient fibroblast studies showing hypoglycosylation and rescue by wild-type STT3B, providing strong mechanistic support. However, the number of independently reported probands is very small (essentially one initial patient, with few subsequent cases), so gene–disease validity curation would likely be ""limited/moderate"" rather than definitive. Therefore points are split roughly evenly between Established and Existing, with a small allowance for Hypothesized given the heavy reliance on functional/in vitro corroboration, and negligible probability of Novel."	818	819	0.024565	1
2012	KCTD13	neurodevelopmental disorder	MONDO:0700092	3	22596160	Hypothesized	2.52	9	38	49	4	"KCTD13 lies within the 16p11.2 BP4–BP5 recurrent CNV interval, which is definitively associated in humans with autism, developmental delay, intellectual disability, and reciprocal macrocephaly/microcephaly — so human copy-number variants affecting KCTD13 are indeed linked to neurodevelopmental disorder, though the CNV spans ~29 genes and causality cannot be attributed to KCTD13 alone. The strongest gene-specific evidence (Golzio et al., 2012) came from zebrafish overexpression/knockdown showing KCTD13 as the major driver of the head-size phenotype, which is functional/animal rather than human genetic evidence, and subsequent mouse knockouts (Escamilla et al., 2017) failed to reproduce brain-size changes, weakening the driver hypothesis. Reports of rare single-nucleotide/point variants in KCTD13 in autism or NDD cohorts exist but are sparse, not convincingly replicated, and lack segregation or statistical enrichment data. Biological plausibility is high (KCTD13–CUL3–RhoA pathway regulating synaptic and neuronal proliferation), supporting a strong ""hypothesized"" weighting, with meaningful probability for ""existing"" given the human CNV context, and little support for ""established"" or ""novel."""	823	932	0.027415	1
2012	ABCB6	microphthalmia, isolated, with coloboma 7	MONDO:0013783	4	22226084	Existing	3.04	25	57	15	3	"ABCB6 is listed in OMIM as the gene for microphthalmia, isolated, with coloboma 7 (MCOPCB7), based principally on a single report (Wang et al., Hum Mol Genet 2012) describing a large autosomal dominant Chinese coloboma family plus a few additional probands with heterozygous ABCB6 variants, supported by zebrafish knockdown showing ocular/coloboma phenotypes. This provides credible human genetic evidence, but independent replication in other cohorts has been sparse, and ABCB6 is better established for other phenotypes (dyschromatosis universalis hereditaria, familial pseudohyperkalemia, Lan blood group), raising questions about penetrance and variant specificity. Therefore the relationship is best described as reported but not definitively replicated, favoring ""Existing,"" with some probability that curators would deem the OMIM-recognized, multi-proband evidence ""Established."" Purely biological/animal-model support alone (zebrafish, expression in eye) would only justify ""Hypothesized,"" so a modest weight is retained there."	858	892	0.02659	1
2013	MAP2K2	Noonan syndrome	MONDO:0018997	3	23875798	Existing	3.14	35	48	13	4	"MAP2K2 (MEK2) is a definitively established human disease gene within the RAS/MAPK (RASopathy) pathway, with heterozygous gain-of-function missense variants causing cardiofaciocutaneous syndrome type 4 (CFC4), demonstrated in multiple independent probands (Rodriguez-Viciana et al. 2006 and subsequent cohorts). CFC overlaps clinically and mechanistically with Noonan syndrome, and MAP2K2 is routinely included on Noonan syndrome/RASopathy diagnostic gene panels, with several reported patients carrying MAP2K2 variants described as having Noonan-like or clinically ambiguous Noonan/CFC phenotypes. However, the strict gene–disease curation (e.g., ClinGen, OMIM) assigns MAP2K2 to CFC rather than classic Noonan syndrome, where MAP2K1 is more often invoked, so evidence for MAP2K2 specifically causing Noonan syndrome is less definitive than for PTPN11, SOS1, RAF1, or RIT1. Because CFC is a well-recognized allelic/overlapping subtype within the Noonan spectrum, ""Existing"" is the most defensible category, with substantial weight also given to ""Established"" given human replicated data across the Noonan-spectrum phenotype."	813	1052	0.030365	1
2011	H3-4	neurodevelopmental disorder	MONDO:0700092	1	21937992	Hypothesized	2.14	5	22	55	18	"H3-4 (formerly HIST3H3) encodes the histone H3.4/H3.1t variant, which is predominantly testis-enriched, making it a less likely candidate for a dominant neurodevelopmental ""histone-opathy"" than its paralogs. However, the broader histone gene family has strong, replicated human evidence in neurodevelopmental disorders — H3-3A/H3-3B (Bryant–Li–Bhoj syndrome), H1-4 (Rahman syndrome), and multiple H4C genes (Tessadori–Bicknell–van Haaften syndrome) — and recent large de novo variant surveys of histone genes in NDD cohorts have implicated additional H3 cluster genes, so a plausible biological and paralog-based rationale clearly exists. I am not aware of a definitive, replicated set of human probands with pathogenic H3-4 variants and neurodevelopmental phenotypes, so Established receives little weight. Some probability is retained for Existing in case isolated de novo variants in H3-4 were reported within histone-gene NDD screens or ID/DD exome cohorts. Novel retains modest weight only for the possibility that H3-4 has never been linked beyond incidental family co-mention, though its chromatin biology makes purely incidental co-mention unlikely."	818	2112	0.05689	1
2014	TSEN54	cerebellar ataxia	MONDO:0000437	1	24938831	Established	3.4	55	33	9	3	"Biallelic TSEN54 variants are a well-replicated cause of pontocerebellar hypoplasia types 2, 4, and 5 (notably the recurrent p.Ala307Ser founder allele), documented in many independent human probands and families across multiple cohorts. These disorders involve severe cerebellar hypoplasia/atrophy, and affected or milder/atypical patients frequently display cerebellar signs including ataxia, with some reports of TSEN54-related cerebellar atrophy/ataxia phenotypes in longer-surviving individuals. This constitutes strong, replicated human genetic evidence for a cerebellar degenerative phenotype, supporting ""Established."" Some uncertainty remains because the core PCH2 phenotype is dominated by dyskinesia, spasticity, and profound developmental impairment rather than classic isolated cerebellar ataxia, which is why a substantial share of probability is assigned to ""Existing."" Animal/functional data on tRNA splicing endonuclease support but are not required for the human evidence."	813	692	0.021365	1
2014	KPNA7	epilepsy	MONDO:0005027	3	24045845	Existing	2.83	13	62	20	5	"KPNA7 (karyopherin alpha 7/importin alpha 8) was reported by Paciorkowski et al. (2014) in two siblings from a consanguineous/Amish-type family with a homozygous missense variant, presenting with infantile spasms, cerebellar malformation, and intellectual disability, supported by functional studies showing impaired nuclear import cargo binding. This constitutes credible human genetic evidence, but it derives essentially from a single family with few or no confirmed independent replications, so the gene–disease relationship is generally curated as limited rather than definitive. Therefore ""Existing"" receives most weight, with modest probability for ""Established"" in case additional probands have since been reported. Some weight goes to ""Hypothesized"" because much of the supporting mechanistic work (nuclear transport function, brain expression, model systems) is non-human/in vitro, and a small residual to ""Novel."""	793	819	0.02444	1
2013	ABCB6	familial pseudohyperkalemia	MONDO:0012204	1	23180570	Established	3.43	55	35	8	2	ABCB6 (the Lan blood group transporter, 2q35) was reported by Andolfo et al. (Am J Hematol, 2013) to harbor heterozygous missense variants (e.g., R375Q, R375W) segregating with dominant familial pseudohyperkalemia in independent human families, and additional families/cases with FP and related stomatocytosis-spectrum red cell disorders have since been described, supporting replication in humans. Functional studies in erythroid cells support altered cation leak, adding mechanistic support. However, some uncertainty remains because ABCB6 loss-of-function (Lan-negative) individuals are largely asymptomatic and some reported variants are relatively frequent, so a minority view treats the gene–disease relationship as limited/moderate rather than definitive. Accordingly, most weight goes to Established, with substantial residual probability on Existing.	828	920	0.02714	1
2014	KIF4A	complex neurodevelopmental disorder with or without congenital anomalies	MONDO:0100465	3	24812067	Existing	3.13	35	47	14	4	"KIF4A is an X-linked kinesin gene implicated in human neurodevelopmental disease: Willemsen et al. (2014) reported KIF4A (and KIF5C) variants/disruptions in families with X-linked intellectual disability, with supporting functional data showing effects on synaptic function, and OMIM lists an X-linked intellectual developmental disorder attributed to KIF4A. Additional case reports/microdeletions and cohort sequencing have described KIF4A variants in males with ID, epilepsy, and associated anomalies, supporting a broader ""complex neurodevelopmental disorder with or without congenital anomalies"" designation. However, the number of independent probands remains relatively small and some variants are of uncertain significance, so curation efforts often rate this as limited-to-moderate rather than definitive. Therefore the weight sits mainly on ""Existing"" with substantial probability for ""Established,"" and a smaller share for ""Hypothesized"" reflecting the strong but partly model-based mechanistic support."	878	915	0.027265	1
2014	RPS20	Lynch syndrome	MONDO:0005835	3	24941021	Existing	2.95	20	60	15	5	"Nieminen et al. (Gastroenterology, 2014) identified a germline RPS20 missense variant (p.Val54Leu) segregating in a large Finnish family with microsatellite-stable hereditary nonpolyposis colorectal carcinoma (HNPCC/Lynch-like syndrome), with functional evidence of defective pre-rRNA maturation — a human genetic study directly linking RPS20 to the Lynch/HNPCC phenotype spectrum. A few subsequent reports (e.g., truncating/rare RPS20 variants in familial colorectal cancer cohorts) provide additional but sparse support, and gene–disease curation efforts generally regard the evidence as limited rather than definitive. Importantly, classical Lynch syndrome is defined by mismatch repair gene defects, and RPS20 families are typically MMR-proficient, so RPS20 is best framed as a candidate gene for Lynch-like/HNPCC rather than a replicated Lynch syndrome gene. This places most weight on ""Existing,"" with modest probability for ""Established"" given the strong single-family segregation plus functional data, and a smaller allocation to ""Hypothesized"" if one discounts the limited human replication."	803	825	0.02464	1
2015	PRIMA1	frontal lobe epilepsy	MONDO:0002612	1	26339676	Existing	2.92	15	65	17	3	"PRIMA1 (proline-rich membrane anchor 1), which anchors acetylcholinesterase at synaptic membranes, was reported by Hildebrand and colleagues (Ann Clin Transl Neurol, ~2015) as a candidate cause of nocturnal frontal lobe epilepsy/sleep-related hypermotor epilepsy: a homozygous deletion segregated in affected siblings from a consanguineous family, with supporting functional/cholinergic rationale. This is a credible human genetic finding directly tied to the phenotype, but it derives essentially from a single small family with limited independent replication, so the evidence best fits ""Existing"" rather than ""Established."" The biology is highly plausible given that other NFLE genes (CHRNA4, CHRNB2, CHRNA2) implicate cholinergic signaling, which supports at least the ""Hypothesized"" tier if the genetic report were discounted. Since PRIMA1 has not been robustly replicated in multiple independent probands and appears in gene panels with limited/moderate validity, only modest weight goes to ""Established,"" and ""Novel"" is very unlikely."	828	914	0.02699	1
2014	ABCA5	gingival fibromatosis-hypertrichosis syndrome	MONDO:0007610	1	24831815	Existing	2.71	28	52	0	3	"ABCA5 lies within the 17q24.2–q24.3 region whose microdeletions/rearrangements were reported in patients with congenital generalized hypertrichosis terminalis with gingival hyperplasia (Sun et al., AJHG 2009), and DeStefano et al. (PLoS Genetics 2014) identified a homozygous ABCA5 loss-of-function variant in a consanguineous family with hypertrichosis and gingival hyperplasia, supported by reduced ABCA5 expression in patient tissue and an Abca5-knockout mouse showing hair overgrowth. This constitutes credible human genetic evidence, so ""Existing"" is the best fit. However, the number of independent probands/families is small and the region-based CNV evidence does not definitively pinpoint ABCA5 versus neighboring genes, so full ""Established"" status is less certain, especially compared with better-validated genes for this phenotype (e.g., ABCC9 in Cantú syndrome, SOS1 in hereditary gingival fibromatosis). Some residual probability is assigned to ""Hypothesized"" because much of the mechanistic support (cholesterol transport, hair follicle biology) comes from mouse and in vitro work."	873	1185	0.03399	1
2015	APC2	intellectual developmental disorder, autosomal recessive 74	MONDO:0014951	1	25753423	Established	3.38	52	36	10	2	APC2 (MIM 612034) is the gene assigned by OMIM to autosomal recessive intellectual developmental disorder 74, based initially on a consanguineous Qatari family with a homozygous loss-of-function variant causing Sotos-like features and intellectual disability (Almuriekhi et al., Cell Reports 2015), supported by functional work showing APC2 acts downstream of NSD1 in cytoskeletal/neuronal migration pathways. Subsequent reports have described additional biallelic APC2 variants in patients with intellectual disability and cortical malformations (e.g., polymicrogyria-like brain anomalies), providing independent human replication. This supports an Established relationship, though the total number of reported probands remains modest, so a substantial share of probability remains on Existing (limited/definitive-pending evidence). Purely hypothetical or novel classifications are unlikely given direct human variant evidence plus concordant mouse models showing neuronal migration defects.	858	909	0.027015	1
2015	PRICKLE1	epilepsy	MONDO:0005027	6	26727662	Established	3.46	57	34	7	2	"PRICKLE1 is the gene underlying autosomal recessive progressive myoclonic epilepsy type 1B (EPM1B; OMIM 612437), first reported by Bassuk et al. (2008) with a homozygous R104Q missense variant segregating in multiple consanguineous Middle Eastern families with myoclonic epilepsy and ataxia. Additional human reports (e.g., Tao et al. 2011) described heterozygous PRICKLE1 missense variants in patients with myoclonic epilepsy, and functional work in Drosophila and Prickle1-deficient mice showed seizure phenotypes and impaired PRICKLE1–REST interaction, supporting the mechanism. This constitutes replicated human genetic evidence in independent families, favoring ""Established."" However, some of the later heterozygous variant reports are of uncertain significance and some curation efforts have downgraded the gene toward limited/moderate evidence, so meaningful probability remains on ""Existing."" Purely biological/animal-only support (""Hypothesized"") or absence of evidence (""Novel"") are unlikely given the clear human family data."	803	1044	0.030115	1
2014	RGS6	neurodevelopmental disorder	MONDO:0700092	2	25525169	Established	3.15	40	38	19	3	"RGS6 encodes a regulator of G-protein signaling that is highly enriched in brain, particularly cerebellar Purkinje cells, and Rgs6-null mice show Purkinje cell degeneration and ataxia, providing a strong biological rationale (Hypothesized-level support at minimum). Beyond animal data, I recall recent human reports (circa 2022–2023) describing bi-allelic loss-of-function RGS6 variants in multiple consanguineous families with a recessive neurodevelopmental phenotype including developmental delay, hypotonia, ataxia, and corpus callosum/cerebellar abnormalities, which would support an Established or near-established gene–disease relationship. However, the number of independent probands is relatively small and replication is still emerging, so the evidence may better fit ""Existing"" than fully ""Established."" Additional human genetic literature links RGS6 variants to alcohol use, Parkinson disease risk, and cancers, which supports biological relevance in the nervous system but is not directly neurodevelopmental. Very little probability is assigned to Novel given the clear, mechanistically relevant CNS biology."	818	1113	0.031915	1
2014	TBXT	sacral agenesis-abnormal ossification of the vertebral bodies-persistent notochordal canal syndrome	MONDO:0014314	2	24253444	Existing	3.17	32	55	11	2	"This specific syndrome (SAVA; OMIM 615709) was delineated by Postma et al. (2014, J Med Genet), who identified a homozygous TBXT (T/brachyury) missense variant segregating in affected siblings of a consanguineous family, with functional support and consistency with the well-known role of Brachyury in notochord and caudal mesoderm development (Danforth's short tail and T mouse mutants). Because the human genetic evidence rests essentially on a single family (with few or no independently replicated probands reported since), most curation frameworks would rate the evidence as limited-to-moderate rather than definitively established. The gene–disease relationship is nonetheless highly plausible biologically, and TBXT variation has also been linked in humans to related axial phenotypes (neural tube defects, chordoma), reinforcing the notochord-based mechanism. Thus the weight falls mainly on ""Existing,"" with substantial probability for ""Established"" since the syndrome is formally attributed to TBXT in OMIM, and only small residual weight for ""Hypothesized""/""Novel."""	948	888	0.02694	1
2014	FBXO32	dilated cardiomyopathy	MONDO:0005021	4	24789905	Existing	2.95	18	62	17	3	"FBXO32 (atrogin-1/MAFbx) is a muscle-specific F-box E3 ubiquitin ligase with well-documented roles in cardiac atrophy/hypertrophy signaling, providing strong biological plausibility. Beyond biology, there is direct human genetic evidence: a homozygous FBXO32 variant was reported in a consanguineous family with autosomal recessive dilated cardiomyopathy (Al-Yacoub et al., Genome Biology 2016), with supporting functional studies, and a few additional variants have since been described. However, replication across multiple independent probands/families remains sparse, and expert curation efforts (e.g., ClinGen/DCM gene curation panels) have generally assigned FBXO32 limited rather than definitive evidence for DCM. Therefore ""Existing"" is the most probable category, with residual probability for ""Established"" (if additional families are counted) and ""Hypothesized"" (if the human evidence is judged insufficient and only mechanistic/animal data are credited)."	823	1161	0.03314	1
2014	DNAH8	primary ciliary dyskinesia	MONDO:0016575	1	24307375	Hypothesized	2.32	5	32	53	10	"DNAH8 encodes an axonemal outer dynein arm heavy chain, making it a strong biological candidate for motile ciliopathy; it was proposed as a positional candidate for primary ciliary dyskinesia when mapped to 6p21.3, but no replicated human PCD cohort has confirmed biallelic DNAH8 variants as causal for classic PCD (situs anomalies, bronchiectasis, chronic rhinosinusitis). The best-documented human genetic evidence is that biallelic DNAH8 variants cause asthenoteratozoospermia/multiple morphological abnormalities of the sperm flagella and male infertility, with affected men typically lacking respiratory disease — a sperm-flagellar motility defect that overlaps mechanistically with PCD-related dynein arm dysfunction, which supports some weight for ""Existing."" Occasional PCD exome/panel studies list DNAH8 variants of uncertain significance, but these are not definitive. Therefore most probability falls on ""Hypothesized"" (compelling axonemal dynein biology and partial phenotype overlap) with a substantial minority on ""Existing,"" and little support for ""Established."""	828	1152	0.03294	1
2015	SPP2	retinitis pigmentosa	MONDO:0019200	1	26459573	Existing	2.36	7	45	25	23	"SPP2 (secreted phosphoprotein 2 / spp-24) is best characterized as a bone-matrix, BMP-binding cystatin-family protein, with no classical role in photoreceptor or RPE biology, so it is not a standard RetNet retinal dystrophy gene. However, I recall at least one candidate-gene report from whole-exome sequencing in a family with retinitis pigmentosa proposing SPP2 variants as causal, which would qualify as limited human evidence (""Existing"") but has not been widely replicated across independent probands. If such reports are supported mainly by in vitro or animal follow-up (e.g., zebrafish/mouse knockdown showing retinal changes) rather than multiple human families, the evidence would sit closer to ""Hypothesized."" Because replication in independent human cohorts appears lacking and the gene is not routinely included in clinical RP panels, ""Established"" receives little weight, and a modest probability remains that any co-mention is incidental."	813	984	0.028665	1
2014	BMP7	isolated craniosynostosis	MONDO:0015337	3	24429398	Hypothesized	2.16	3	22	63	12	"BMP signaling is central to cranial suture biology, and human genetic evidence in nonsyndromic craniosynostosis has firmly implicated the BMP pathway (BMP2 risk locus, SMAD6 rare damaging variants, BMPR1B/pathway modifiers), which makes BMP7 a biologically plausible candidate through pathway membership, suture/dura expression, and mouse Bmp7 skeletal/craniofacial phenotypes. However, I am not aware of replicated human studies demonstrating that BMP7 variants cause isolated craniosynostosis; known human BMP7 mutations are associated with ocular, renal and other developmental anomalies rather than isolated suture fusion. There may be isolated candidate-gene or exome-cohort reports listing rare BMP7 variants in craniosynostosis probands, or 20q13 deletion cases, which would support a limited ""Existing"" classification, but such evidence is uncertain and not definitive. Therefore most weight falls on ""Hypothesized"" (strong pathway/animal-model rationale), with a moderate share for ""Existing"" and little support for ""Established."""	813	1177	0.03349	1
2015	KITLG	Waardenburg syndrome 2F	MONDO:0030983	2	26522471	Established	3.31	48	38	11	3	"KITLG is the gene assigned to Waardenburg syndrome type 2F in OMIM, based principally on Zazo Seco et al. (AJHG, 2015), who reported human families with heterozygous KITLG variants causing asymmetric/unilateral hearing loss and a family with Waardenburg syndrome type 2, supporting a causal role in humans. The biology is highly congruent, since KIT ligand/KIT signaling is essential for melanoblast migration and survival, and Kitl mouse mutants (Steel) show white spotting and deafness; KITLG variants also cause familial progressive hyper- and hypopigmentation, a pigmentary phenotype mechanistically linked to WS. Evidence is thus clearly human-based and has led to a formal OMIM subtype designation, favoring ""Established,"" but the number of independent WS2F probands/families reported remains relatively small with limited replication, so substantial weight also belongs to ""Existing."" Some residual probability is retained for ""Hypothesized,"" since part of the supporting evidence derives from animal models and pigmentation phenotypes rather than definitive replicated WS2 cohorts."	823	1399	0.03909	1
2015	KLC4	early-childhood-onset neurodegeneration with retinitis pigmentosa, sensorineural hearing loss, and demyelinating peripheral neuropathy	MONDO:0700288	1	26423925	Existing	2.72	15	52	23	10	"KLC4 (kinesin light chain 4) has been implicated in human neurological disease, most notably by a homozygous missense variant segregating in a consanguineous Turkish family with autosomal recessive hereditary spastic paraplegia (Bayrakli et al.), and subsequent case reports have described biallelic KLC4 variants in children with a broader neurodegenerative syndrome involving retinal dystrophy/retinitis pigmentosa, sensorineural hearing loss, and peripheral neuropathy. Such reports are few, typically single families or isolated probands, so the evidence is credible but limited rather than robustly replicated across many independent kindreds, favoring ""Existing"" over ""Established."" Supporting biology exists (kinesin-1 light chain function in axonal/intraflagellar-like cargo transport, klc4 knockdown affecting axon branching in zebrafish), which would sustain at least a ""Hypothesized"" rating if human variant evidence were discounted. A small probability remains that the very specific multisystem phenotype described has not been formally linked to KLC4 in humans, hence a residual weight on ""Novel."""	1028	1360	0.03914	1
2015	ASPN	osteoarthritis susceptibility 3	MONDO:0011923	1	25689697	Existing	3.2	35	52	11	2	"ASPN (asporin) is the gene formally assigned to ""osteoarthritis susceptibility 3"" in OMIM, based on Kizawa et al. (2005, Nature Genetics), who reported that the aspartic acid repeat (D14) allele of ASPN is associated with knee and hip osteoarthritis in Japanese and Chinese cohorts, with functional data showing asporin inhibits TGF-β–mediated chondrogenesis. Several subsequent human association studies and meta-analyses (Japanese, Chinese, Greek, Spanish, Turkish) have supported the D14 association, particularly in East Asian populations, so human genetic evidence clearly exists. However, replication has been inconsistent, with several well-powered European studies (e.g., UK, Dutch, Spanish cohorts) failing to confirm the association, and large GWAS of osteoarthritis have not highlighted ASPN, so the evidence falls short of an unequivocal, universally replicated causal role. Substantial supporting functional/animal work (TGF-β and BMP-2 antagonism, cartilage degradation models) reinforces biological plausibility but is secondary to the human data. Accordingly, most weight goes to ""Existing,"" with a meaningful share to ""Established"" given OMIM's designation and multiple positive replications."	828	816	0.02454	1
2015	TNNI1	childhood-onset nemaline myopathy	MONDO:0015738	3	25613900	Existing	2.52	10	42	38	10	"TNNI1 encodes slow skeletal troponin I, a thin-filament sarcomeric protein in the same functional complex as TNNT1, TPM3, TPM2 and ACTA1, all of which are well-established nemaline myopathy genes, so the biological rationale for involvement is strong (supporting at least ""Hypothesized""). Recent human genetic reports (roughly 2020s) have described TNNI1 variants in congenital/distal myopathies, with some patients reported to show nemaline rods or rod-core pathology, which would support ""Existing."" However, the number of independent probands is small and the gene is not part of the classical, replicated nemaline myopathy gene panel with definitive ClinGen-level classification, so ""Established"" is unlikely. A small residual probability remains that the reported associations are with distal myopathy/arthrogryposis phenotypes rather than childhood-onset nemaline myopathy specifically, or rest primarily on functional/animal data. Overall the evidence appears emerging but not definitive."	838	1445	0.040315	1
2013	DNM2	fetal akinesia-cerebral and retinal hemorrhage syndrome	MONDO:0014149	1	23092955	Existing	2.73	20	45	23	12	"DNM2 is a well-validated disease gene in humans for autosomal dominant centronuclear myopathy, dominant intermediate Charcot-Marie-Tooth neuropathy, and—most relevant here—autosomal recessive lethal congenital contracture syndrome 5 (LCCS5, OMIM 615368), reported by Koutsopoulos et al. in a consanguineous family with a homozygous DNM2 variant presenting as fetal akinesia deformation sequence. A fetal akinesia phenotype with hemorrhagic/vascular complications is therefore biologically and nosologically close to DNM2-related disease, and dynamin-2 function in endocytosis, cytoskeletal dynamics, and endothelial/vascular integrity provides a plausible mechanism for hemorrhage. However, the specific entity ""fetal akinesia–cerebral and retinal hemorrhage syndrome"" is a rare Orphanet-type term for which I am not confident a DNM2 etiology has been replicated across independent probands; the human evidence linking DNM2 to fetal akinesia is limited to very few families. Consequently the strongest weight falls on ""Existing"" (credible but limited human genetic evidence, or association with a closely related fetal akinesia subtype), with meaningful residual probability for ""Hypothesized"" if the link rests only on mechanistic/related-phenotype reasoning, and a smaller chance the pairing is essentially a database artifact."	893	2073	0.05629	1
2016	SLC14A1	blood group, kidd system	MONDO:0020612	2	27834480	Established	3.97	97	3	0	0	SLC14A1 encodes the erythrocyte urea transporter UT-B, which carries the Kidd (JK) blood group antigens; this is a canonical, textbook gene–blood group assignment recognized by the ISBT. The JK*A/JK*B antithetical antigens result from the c.838G>A (p.Asp280Asn) polymorphism, demonstrated in multiple independent human studies, and numerous distinct null alleles (splice-site, nonsense, missense, and deletion variants, e.g., the Polynesian intron 5 g>a and Finnish variants) cause the Jk(a–b–) null phenotype in unrelated probands and families worldwide. Molecular genotyping of SLC14A1 is routinely used clinically for Kidd typing in transfusion medicine and hemolytic disease workups. Evidence is entirely human, replicated, and mechanistically confirmed, leaving essentially no doubt about causality.	813	499	0.01654	1
2016	IFT57	orofaciodigital syndrome 18	MONDO:0054770	3	26655555	Existing	3.03	20	65	13	2	"Orofaciodigital syndrome 18 (OMIM 617927) is attributed to IFT57 based on a single report (Thevenon et al., Clin Genet 2016) describing a homozygous hypomorphic IFT57 variant in siblings from a consanguineous family with an unclassified oral-facial-digital phenotype with short stature and brachymesophalangia, supported by functional studies showing impaired ciliary/Hedgehog transport. IFT57 is a core intraflagellar transport-B complex component, biologically highly plausible for a ciliopathy, and mouse models show Hedgehog signaling defects, but the human genetic evidence rests essentially on one family with few, if any, independent replications. This places the relationship firmly in the ""Existing"" category — credible human genetic evidence, curated in OMIM, but limited and not robustly replicated. Some probability is retained for ""Established"" because of formal OMIM/ciliopathy-panel recognition, and a smaller amount for ""Hypothesized"" given the heavy reliance on functional/animal support."	828	723	0.022215	1
2015	NDUFV2	Leigh syndrome	MONDO:0009723	2	26008862	Established	3.28	45	40	13	2	"NDUFV2 encodes the 24-kDa flavoprotein subunit of mitochondrial complex I, and biallelic pathogenic variants cause mitochondrial complex I deficiency, nuclear type 7, first reported by Bénit et al. (2003) in patients with encephalopathy and hypertrophic cardiomyopathy. Subsequent human reports, including deep intronic and splice variants, have described Leigh or Leigh-like encephalopathy phenotypes, and NDUFV2 is routinely included in curated Leigh syndrome gene panels and reviews (e.g., Lake et al.). The number of independent probands with clearly documented Leigh syndrome is relatively small, and the dominant reported phenotype is often cardiomyopathy/encephalomyopathy rather than classic Leigh syndrome, so the evidence sits between ""established"" and ""existing."" Because complex I deficiency is the single most common biochemical cause of Leigh syndrome, the mechanistic link is strong and human-based, making Hypothesized or Novel unlikely."	813	909	0.02679	1
2016	SEMA3E	CHARGE syndrome	MONDO:0008965	7	26633542	Existing	2.72	8	63	22	7	"CHD7 is the definitively established gene for CHARGE syndrome; SEMA3E has been proposed only as a rare candidate. Lalani et al. (2004, J Med Genet) reported a patient with CHARGE features and a de novo translocation t(2;7) disrupting SEMA3E at 7q21.11, along with a missense change identified in another CHARGE patient — credible human genetic evidence, but in single/isolated cases without robust replication. Subsequent large mutation screens of CHARGE cohorts have not confirmed a recurrent causal role, and curation efforts generally regard the gene–disease relationship as limited or disputed. Supporting biology (semaphorin–plexin signaling in neural crest and cranial nerve development, Sema3e/Plxnd1 mouse models with cardiovascular defects) provides mechanistic plausibility, justifying some weight on ""Hypothesized,"" while ""Established"" and ""Novel"" remain unlikely."	813	726	0.022215	1
2016	TCF7L1	combined pituitary hormone deficiencies, genetic form	MONDO:0013099	1	26764381	Existing	2.73	10	58	27	5	"TCF7L1 (a Wnt pathway transcriptional repressor) was implicated in hypothalamo-pituitary axis development by Gaston-Massuet et al. (PNAS 2016), which combined mouse models showing pituitary/hypothalamic defects with the identification of rare heterozygous TCF7L1 variants in patients with septo-optic dysplasia/hypopituitarism, supported by in vitro functional assays showing reduced repressor activity. This provides credible but limited human genetic evidence (few probands, largely a single report, incomplete segregation/penetrance data), consistent with ""Existing"" rather than ""Established,"" and gene–disease curations typically rate such evidence as limited. A substantial portion of the supporting data is animal/in vitro, so meaningful weight also belongs to ""Hypothesized."" Replication in independent CPHD cohorts is sparse, so ""Established"" receives few points, and ""Novel"" is unlikely given the direct published human report."	868	940	0.02784	1
2016	SMARCA1	schizophrenia	MONDO:0005090	1	27001614	Hypothesized	1.97	2	23	45	30	"SMARCA1 (SNF2L) encodes an ISWI-family chromatin remodeler highly expressed in developing and adult brain, with roles in neural progenitor proliferation and neuronal differentiation; loss-of-function and missense variants have been reported in X-linked intellectual disability/neurodevelopmental syndromes (e.g., Coffin-Siris-like features), which makes a biological/pathway link to schizophrenia plausible and supports a strong ""Hypothesized"" weighting. Chromatin-remodeling complexes more broadly (notably BAF/SMARCA2, CHD8, ARID1B) have been implicated in psychiatric and neurodevelopmental risk, and SMARCA2 specifically has replicated schizophrenia association in human studies—but that evidence does not directly transfer to SMARCA1. I am not aware of a robust, specific human genetic association study (GWAS, rare-variant burden, or family study) that implicates SMARCA1 variants in schizophrenia; any mentions are likely incidental within large exome/CNV gene lists. Therefore substantial probability remains on Novel, moderate probability on Existing (in case a single small candidate-gene, de novo, or expression-QTL study exists), and very little on Established."	803	866	0.025665	1
2016	TOP6BL	hydatidiform mole, recurrent, 4	MONDO:0032747	2	26917764	Existing	3.13	30	55	13	2	"TOP6BL (C11orf80/TOPOVIBL), which encodes the SPO11 partner required for meiotic double-strand break formation, was implicated in recurrent hydatidiform mole by Nguyen et al. (AJHG, 2018), who identified biallelic variants in MEI1, TOP6BL, and REC114 in women with androgenetic/biparental moles; OMIM subsequently designated HYDM4 for TOP6BL. This is direct human genetic evidence, so the relationship is more than merely hypothesized. However, the evidence base appears limited to a very small number of probands with little independent replication, unlike NLRP7 or KHDC3L, so ""Established"" is less likely than ""Existing."" Strong supporting biology (meiotic recombination machinery, oocyte-derived mechanism of androgenetic mole formation, mouse models) reinforces plausibility but does not by itself elevate the classification. A small residual probability is left for a purely hypothesized/animal-based interpretation."	848	1021	0.029765	1
2017	SNAI1	congenital heart disease	MONDO:0005453	3	28880281	Hypothesized	2.06	2	12	76	10	SNAI1 (Snail1) is a core EMT transcription factor with well-documented roles in endocardial-to-mesenchymal transition during atrioventricular cushion and valve formation, downstream of Notch/TGF-β signaling; mouse conditional knockouts show cushion/valve and cardiac developmental defects, and SNAI1/SNAI2 redundancy has been studied in cardiac morphogenesis. This constitutes strong biological and animal-model support, placing most weight on Hypothesized. I am not aware of replicated human genetic studies identifying pathogenic SNAI1 variants as a cause of congenital heart disease, and SNAI1 does not appear on curated CHD gene panels or ClinGen-validated lists. There is some possibility that SNAI1 appears as a candidate in large CHD exome/de novo variant or CNV screens, or in EMT-pathway burden analyses, which would justify a modest allocation to Existing. Established is very unlikely given the absence of multiple independent human probands or families.	803	648	0.020215	1
2016	SPTBN5	neurodevelopmental disorder	MONDO:0700092	3	28007035	Existing	2.47	7	45	36	12	"SPTBN5 encodes β-V spectrin, a member of the β-spectrin family in which paralogs are firmly linked to neurodevelopmental phenotypes (SPTBN1 – developmental disorder with ID/autism; SPTBN2 – SCA5 and infantile-onset ataxia with ID; SPTBN4 – congenital hypotonia, neuropathy and intellectual disability), giving strong biological plausibility even absent variant data. I recall at least one small clinical genetics report (consanguineous families, largely from South Asia) describing rare bi-allelic SPTBN5 variants segregating with intellectual disability/neurodevelopmental features, which would qualify as limited human evidence (""Existing""). However, SPTBN5 is a very large, highly polymorphic gene that tolerates many rare loss-of-function alleles in gnomAD and is frequently flagged as a false-positive candidate in exome studies, so such reports are weakly supported and not independently replicated. There is therefore little basis for ""Established,"" while a substantial share of probability remains on ""Hypothesized"" (paralog biology and expression only) and some on ""Novel"" if the reported associations are spurious."	828	1162	0.03319	1
2015	PRIMA1	epilepsy	MONDO:0005027	1	26339676	Existing	2.68	10	55	28	7	"PRIMA1 encodes the proline-rich membrane anchor that tethers acetylcholinesterase to neuronal membranes, giving it strong biological plausibility for cortical hyperexcitability, and Prima1-null mice show markedly reduced membrane-bound AChE with altered cholinergic signaling. In humans, I recall at least one report of a homozygous PRIMA1 deletion segregating in a consanguineous family with a generalized/juvenile myoclonic-type epilepsy phenotype identified by exome/CNV analysis, which supports the ""Existing"" category (credible but single-family, essentially unreplicated evidence). PRIMA1 consequently appears as a candidate rather than a confirmed gene on epilepsy panels and is not classified as definitive by curation efforts such as ClinGen/Gene2Phenotype. Because independent probands and functional confirmation in additional families are lacking, ""Established"" receives little weight, while a moderate share remains on ""Hypothesized"" in case the human genetic evidence is judged too weak or is primarily animal/in vitro derived."	798	1418	0.03944	1
2016	CDK16	intellectual disability	MONDO:0001071	2	25644381	Hypothesized	2.34	7	33	47	13	CDK16 (PCTAIRE1/PCTK1) is an X-linked, brain-enriched CDK-family kinase with well-documented neuronal functions (phosphorylation of NSF, regulation of vesicle trafficking, neurite outgrowth and neuronal migration), which provides a strong biological rationale for a role in intellectual disability even absent definitive variant evidence. To my knowledge it has been proposed as a candidate X-linked ID gene in large X-exome/XLID sequencing efforts (e.g., cohorts of unresolved XLID families), but it is not an established OMIM disease gene and replication across independent probands appears lacking. Therefore the most probable classification is Hypothesized, with substantial weight on Existing if one credible human report of hemizygous/de novo variants in ID patients exists. Established is unlikely given the absence of multiple independent, well-segregating clinical reports, and Novel is improbable because the gene's neuronal biology is directly relevant.	793	998	0.028915	1
2016	PNPLA4	mitochondrial disease	MONDO:0044970	1	26741492	Novel	1.73	3	14	36	47	PNPLA4 (GS2/iPLA2-eta) is an Xp22.31 gene encoding a patatin-domain triacylglycerol lipase/transacylase involved in retinyl ester and lipid droplet metabolism; it is best known from Xp22.3 contiguous-gene deletion studies rather than from any recognized Mendelian mitochondrial disorder. I am not aware of replicated human genetic evidence, or even a single well-documented proband, in which biallelic/hemizygous PNPLA4 variants cause a primary mitochondrial disease, so Established is very unlikely and Existing is only marginally plausible (e.g., incidental reports within deletion syndromes or a single functional-genomics association). Biological plausibility does exist, however: the closely related family member PNPLA8 (iPLA2-gamma) is an established mitochondrial myopathy/lactic acidosis gene, and phospholipase-mediated remodeling of mitochondrial membrane phospholipids is a recognized disease mechanism, which supports a Hypothesized rating if any expression or functional data implicate PNPLA4 in mitochondrial lipid handling. Absent such direct data, most of the weight falls between Novel and Hypothesized, with Novel slightly favored because current co-mentions appear largely incidental or based on paralog inference rather than PNPLA4-specific evidence.	813	1260	0.035565	1
2016	SLC22A4	hearing loss, autosomal recessive	MONDO:0019588	2	27023905	Existing	2.93	18	62	15	5	"SLC22A4 (OCTN1, an organic cation/ergothioneine transporter) has been proposed as the gene underlying the DFNB60 locus on 5q23-q31, based on a report (Ben Said et al., Hum Genet 2016) of a homozygous missense variant segregating with prelingual autosomal recessive nonsyndromic hearing loss in a consanguineous Tunisian family, supported by expression in cochlear stria vascularis endothelium and transport-function assays. This constitutes credible human genetic evidence, but it derives essentially from a single family with limited independent replication, and gene-curation efforts have generally regarded the evidence as limited rather than definitive. Therefore ""Existing"" is the most appropriate category, with some residual probability for ""Established"" should additional probands have been reported, and for ""Hypothesized"" if the main support is judged to rest on expression/functional rather than robust segregation data. ""Novel"" is very unlikely given the explicit DFNB60 assignment in the literature."	838	1089	0.031415	1
2017	TRIM36	anencephaly 1	MONDO:0008791	1	28087737	Existing	2.98	20	62	14	4	"TRIM36 is the gene assigned to ""anencephaly 1"" (ANPH1, OMIM 206500) based on a single report of a homozygous truncating/frameshift variant segregating in a consanguineous Indian family with recurrent anencephaly (Singh et al., Hum Mol Genet, ~2017). This constitutes credible human genetic evidence, but to my knowledge it derives from one family/limited probands without robust independent replication, which fits the ""Existing"" category rather than ""Established."" Supporting functional data (TRIM36 as a microtubule-associated RING E3 ligase, knockdown causing neural tube/neurulation defects in Xenopus and cellular models) reinforce biological plausibility but are non-human and would only support ""Hypothesized"" on their own. A small probability is retained for ""Established"" in case additional families or replication cohorts have since been published, and minimal weight for ""Novel"" given the recognized OMIM gene–phenotype entry."	803	704	0.021615	1
2017	KIF17	microphthalmia, isolated, with coloboma	MONDO:0000170	3	28341548	Hypothesized	1.86	3	15	47	35	"KIF17 encodes a homodimeric kinesin-2 motor best characterized for intraflagellar/intracellular transport in photoreceptor outer segments and neuronal dendrites, with most functional data derived from zebrafish and mouse models showing photoreceptor and ciliary defects rather than optic fissure closure defects. Because ciliary/IFT dysfunction is a recognized mechanism in ocular coloboma and microphthalmia (ciliopathy-associated eye malformations), a biologically plausible, animal-model-supported link exists, which fits the ""Hypothesized"" category. I am not aware of replicated human genetic studies identifying KIF17 variants as a cause of isolated microphthalmia with coloboma, and KIF17 is not among the standard MCOPCB loci (e.g., SHH, STRA6, YAP1, ABCB6, MAB21L2). A small allocation to ""Existing"" accounts for the possibility of an isolated case report or candidate-gene screen in human anophthalmia/microphthalmia/coloboma cohorts that I may not recall, and a substantial ""Novel"" weight reflects the possibility that the co-mention is incidental."	843	1067	0.03089	1
2017	ERBIN	autosomal dominant combined immunodeficiency due to ERBIN deficiency	MONDO:0958120	2	28126831	Existing	3.09	30	52	15	3	"Human evidence exists: Lyons et al. (J Exp Med/JACI, 2017) reported heterozygous loss-of-function ERBIN (ERBB2IP) variants in kindreds with a connective-tissue/atopic phenotype featuring elevated IgE, impaired STAT3-dependent responses and dysregulated TGF-β signaling, and ERBIN deficiency is included in IUIS classifications of inborn errors of immunity as an autosomal dominant hyper-IgE/combined immunodeficiency-like condition. However, the reported cohort is very small (a few families/probands) with limited independent replication, so the evidence is credible but not definitive, favoring ""Existing"" over ""Established."" Supporting mechanistic and murine/in vitro data (ERBIN as a SMAD2/3 and NF-κB regulator, ERBIN-deficient mouse models) strengthen biological plausibility but by themselves would only support ""Hypothesized."" Some probability is retained for ""Established"" because the original human report included multiple affected individuals across families with segregating variants and consistent immunophenotypes."	898	979	0.028965	1
2017	DTNA	dilated cardiomyopathy	MONDO:0005021	3	27532257	Existing	2.66	8	55	32	5	"DTNA encodes α-dystrobrevin, a component of the dystrophin-associated glycoprotein complex whose disruption (e.g., dystrophin, sarcoglycans) is a well-established cause of dilated cardiomyopathy, providing strong biological plausibility and supportive mouse/functional data. In humans, DTNA missense variants were reported by Ichida et al. in left ventricular non-compaction with congenital heart disease, a phenotype that frequently overlaps with and can progress to a dilated, systolic-dysfunction phenotype, and DTNA appears on many clinical cardiomyopathy panels with occasional rare variants reported in DCM cohorts. However, the human genetic evidence is sparse, largely from candidate-gene screening without robust segregation or replication, and curation efforts (e.g., ClinGen-style assessments) have generally rated DTNA as limited or disputed for cardiomyopathy. Therefore ""Existing"" is most likely, with substantial weight on ""Hypothesized"" because much of the mechanistic support is animal/in vitro, and ""Established"" is improbable."	813	846	0.025215	1
2017	FAM120A	Tourette syndrome	MONDO:0007661	1	28472652	Novel	1.71	2	20	25	53	"FAM120A (C9orf10/OSSA) is a ubiquitously expressed RNA-binding protein implicated in oxidative-stress signaling and mRNA stability, but it is not among the genes conventionally linked to Tourette syndrome (e.g., SLITRK1, HDC, CNTNAP2, NRXN1, CELSR3, WWC1, FN1, FLT3, AADAC). I am not aware of a replicated human genetic study demonstrating that FAM120A variants cause Tourette disorder, so ""Established"" is very unlikely. There is a modest possibility that FAM120A appeared as a nominal hit or as a de novo/rare-variant candidate in one of the larger TS exome, CNV, or GWAS datasets, which would support ""Existing,"" but I cannot recall such a specific report. Its neuronal expression and role in RNA regulation give some generic biological plausibility, supporting a limited ""Hypothesized"" weight. On balance, the most probable classification is ""Novel,"" with residual probability spread over limited or purely biological evidence."	803	1224	0.034615	1
2017	ATAD3C	pontocerebellar hypoplasia, hypotonia, and respiratory insufficiency syndrome, neonatal lethal	MONDO:0032931	3	28549128	Novel	1.98	3	32	25	40	"The neonatal lethal pontocerebellar hypoplasia, hypotonia and respiratory insufficiency syndrome (PHRINL, MIM 618810) is definitively attributed to biallelic ATAD3A variants, not ATAD3C. However, ATAD3C lies within the tandemly duplicated ATAD3 gene cluster (ATAD3A/ATAD3B/ATAD3C) on 1p36.33, and recurrent biallelic deletions in affected neonates arise by non-allelic homologous recombination involving ATAD3C/ATAD3B paralogous sequences, generating chimeric genes; thus ATAD3C is genuinely implicated in the human genomic mechanism of the disorder, supporting some weight for ""Existing."" Nonetheless, no point mutation or gene-specific loss of ATAD3C has been shown to cause the phenotype, and ATAD3C is poorly expressed and possibly a pseudogene-like paralog, so much of the evidence is contiguous-gene/co-mention in nature. Weight is therefore split mainly between ""Novel""/""Existing,"" with some ""Hypothesized"" credit for its paralogous mitochondrial biology and involvement in the recombination mechanism."	978	1291	0.037165	1
2018	MYL3	arrhythmogenic right ventricular cardiomyopathy	MONDO:0016587	1	29709087	Novel	1.65	2	16	27	55	"MYL3 (ventricular essential myosin light chain) is a well-validated hypertrophic cardiomyopathy gene, with additional reports in restrictive/left ventricular non-compaction phenotypes, but it is not among the recognized ARVC genes, which are predominantly desmosomal (PKP2, DSP, DSG2, DSC2, JUP) plus TMEM43, DES, PLN, LMNA, FLNC, CTNNA3. No replicated human studies implicate MYL3 variants as causal for ARVC, so ""Established"" is very unlikely. Some weight goes to ""Existing"" because broad cardiomyopathy/arrhythmia panels applied to ARVC or sudden-death cohorts occasionally report rare MYL3 variants of uncertain significance, though these are generally interpreted as incidental or phenotype-mismatched. ""Hypothesized"" retains moderate weight because MYL3 is a core sarcomeric contractile gene whose dysfunction causes cardiomyopathy generally, providing a plausible—but not ARVC-specific—biological rationale. Overall the evidence most closely fits ""Novel"" with a substantial chance of weak/hypothetical linkage."	868	891	0.026615	1
2018	CLCC1	retinitis pigmentosa	MONDO:0019200	1	30157172	Established	3.31	48	38	11	3	CLCC1 is the gene assigned to the RP32 locus (1p21.3–p13.3), which was originally mapped in consanguineous Pakistani families with autosomal recessive retinitis pigmentosa. Li et al. (PLoS Genetics, 2018) identified a homozygous missense variant (p.Asp25Glu) in CLCC1 segregating in several such families, and supported causality with zebrafish and mouse functional/knockdown studies showing photoreceptor degeneration; OMIM lists CLCC1 as the RP32 gene. However, the human evidence largely rests on a single founder variant shared across related Pakistani families, with limited independent replication of additional variants in other populations, so some curation efforts would rate the evidence as moderate/limited rather than definitive. Accordingly, most weight is split between Established and Existing, with a small residual for Hypothesized (reflecting the substantial animal-model/functional component) and negligible weight for Novel.	818	1024	0.02969	1
2018	ATP5F1D	mitochondrial disease	MONDO:0044970	2	29478781	Established	3.38	50	40	8	2	"ATP5F1D encodes the delta subunit of mitochondrial ATP synthase (complex V), and biallelic variants were reported by Oláhová et al. (2018, AJHG) in two unrelated families with episodic lethargy, metabolic acidosis, 3-methylglutaconic aciduria and encephalopathy, with functional studies (patient fibroblasts, yeast/Drosophila models) supporting pathogenicity. This established OMIM entry ""Mitochondrial complex V (ATP synthase) deficiency, nuclear type 5"" (MC5DN5), and the gene is routinely included on mitochondrial disease panels. Because the human evidence rests on a small number of probands with limited independent replication since, the relationship sits at the boundary between definitively established and limited-but-credible (ClinGen would likely rate it moderate/limited-to-strong). Purely hypothesized or novel classifications are very unlikely given direct human variant evidence with functional corroboration."	813	716	0.021965	1
2018	CEP112	spermatogenic failure 44	MONDO:0033622	2	30296263	Established	3.28	45	40	13	2	"CEP112 is the designated gene for spermatogenic failure 44 (SPGF44, OMIM 619044), based on human reports of biallelic/compound heterozygous CEP112 variants in infertile men with multiple morphological abnormalities of the sperm flagella and asthenoteratozoospermia (e.g., Sha et al., Chinese cohorts). Subsequent studies, including work combining human patient variants with mouse and functional data on CEP112's role in centriole/flagellar assembly and translational regulation during spermiogenesis, add supporting evidence. However, the number of independent probands remains relatively small and largely from a few East Asian cohorts, so evidence sits between ""established"" and ""existing"" rather than being overwhelmingly replicated. Substantial mechanistic and animal-model support exists but is supplementary to the human genetic findings, so only modest weight goes to ""hypothesized,"" and essentially none to ""novel."""	813	821	0.02459	1
2017	TNNT1	nemaline myopathy 5C, autosomal dominant	MONDO:0957284	1	29178646	Existing	3.16	35	50	11	4	"TNNT1 is a well-established nemaline myopathy gene, but the classic association (Amish nemaline myopathy, NEM5) is autosomal recessive with truncating/splice variants. The autosomal dominant form (NEM5C) rests on a much smaller literature, notably the report by Konersman et al. of a de novo heterozygous missense variant (p.Glu104Val) causing congenital nemaline myopathy in a human patient, with supporting functional data suggesting a dominant-negative effect on thin-filament regulation. A small number of additional heterozygous cases/families have since been suggested, but replication across independent probands is limited compared with the recessive form, which is why OMIM created a distinct dominant entry and gene–disease validity for the dominant mechanism is likely ""moderate/limited"" rather than definitive. Because the key evidence is human genetic (de novo variant plus segregation/functional support), points concentrate on Existing with substantial weight to Established, and only small residual probability for Hypothesized or Novel."	863	1283	0.03639	1
2018	MARK3	visual impairment and progressive phthisis bulbi	MONDO:0032655	1	29771303	Established	3.17	42	38	15	5	"The very specific phenotype label ""visual impairment and progressive phthisis bulbi"" corresponds to a recently delineated Mendelian ocular disorder attributed to biallelic loss-of-function variants in MARK3 (a Par-1 family kinase involved in microtubule dynamics and cell polarity), reported in consanguineous families and catalogued in OMIM. This suggests at least one credible human genetic study, likely with more than one independent proband/family plus supporting functional or animal-model data, which would push toward ""Established."" However, because the entity is new and replication across many independent cohorts is likely still limited, ""Existing"" (limited but credible human evidence) remains a strong alternative. Purely hypothesized status is less likely given the named clinical entity, though possible if the association rests mainly on model-organism eye phenotypes. Novel is very unlikely given the phenotype is defined in relation to this gene."	848	1060	0.03074	1
2018	PDHA2	spermatogenic failure 70	MONDO:0030733	2	29581481	Existing	3.0	25	55	15	5	"PDHA2 encodes the testis-specific somatic-cell-absent isoform of the pyruvate dehydrogenase E1 alpha subunit, expressed in spermatogenic cells and post-meiotic sperm, making it biologically highly plausible for sperm energy metabolism and motility. The existence of a discrete OMIM-style designation ""spermatogenic failure 70"" implies that at least one human genetic study reported biallelic PDHA2 variants in infertile men (likely oligo-/astheno-teratozoospermia in a consanguineous or Chinese/Middle-Eastern cohort), typically supported by functional or in silico validation. However, such recently numbered SPGF entries are usually based on a single report or a small number of probands, with limited independent replication, which best fits the ""Existing"" category. Some probability is retained for ""Established"" in case multiple independent families have since been described, and a smaller allowance for ""Hypothesized"" if the primary support turns out to be expression/knockout-mouse data rather than human variants."	818	1020	0.02959	1
2018	ZFHX2	indifference to pain, congenital, autosomal dominant	MONDO:0007828	1	29253101	Existing	3.08	25	60	13	2	"ZFHX2 is the gene implicated in ""Marsili syndrome,"" an autosomal dominant congenital indifference/insensitivity to pain described by Habib et al. (Brain, 2018) in a single multigenerational Italian family, where a missense variant (p.Arg1913Lys) segregated with the pain-insensitive phenotype; this underpins the OMIM entry for autosomal dominant congenital indifference to pain. The human genetic evidence, however, rests essentially on that one family, with supporting data derived from knock-in/knockout mouse models showing altered nociceptive thresholds, and some subsequent commentary has questioned the strength of the variant-level evidence. Independent replication in additional unrelated probands is lacking, so the relationship is credible but not definitively established. Accordingly, most weight goes to ""Existing,"" with meaningful probability for ""Established"" given the strong segregation and OMIM recognition, and a smaller share for ""Hypothesized"" since much of the mechanistic support is murine."	863	736	0.022715	1
2017	IL37	inflammatory bowel disease (infantile ulcerative colitis) 31, autosomal recessive	MONDO:0030314	3	28181534	Existing	2.83	15	58	22	5	"IL37 is the gene assigned to the OMIM phenotype ""inflammatory bowel disease (infantile ulcerative colitis) 31, autosomal recessive,"" which implies at least one human report of biallelic IL37 variants in an infantile-onset colitis proband/family, typically with supporting functional evidence of loss of the anti-inflammatory IL-37 cytokine. However, to my knowledge this designation rests on very limited human data (essentially a single consanguineous family/small case series) without broad independent replication, which fits ""Existing"" rather than ""Established."" IL-37 biology strongly supports plausibility—it is an IL-1 family anti-inflammatory cytokine that suppresses mucosal inflammation, with protective effects demonstrated in murine DSS/TNBS colitis models—so a substantial share of probability also belongs to ""Hypothesized"" if the human genetic evidence is judged insufficient. Established retains modest weight in case additional independent probands have since been reported; Novel is nearly excluded given the recognized OMIM gene–phenotype entry."	923	1363	0.03869	1
2018	PLCB3	spondylometaphyseal dysplasia with corneal dystrophy	MONDO:0030074	1	29122926	Existing	3.08	32	50	12	6	"Spondylometaphyseal dysplasia with corneal dystrophy (SMD-CD) is a very rare skeletal dysplasia that has been linked in OMIM to biallelic variants in PLCB3, based on report(s) of homozygous/compound-heterozygous variants in consanguineous or small families with supporting functional data on phospholipase C beta 3 signaling in cartilage and cornea. This constitutes credible human genetic evidence, but the number of independent probands is small and replication across multiple unrelated cohorts is limited, so most curation frameworks would call the evidence limited-to-moderate rather than definitive. Therefore the bulk of probability sits in ""Existing,"" with a substantial minority allowing that additional families may have been reported to reach ""Established."" Some residual weight is retained for ""Hypothesized"" in case the primary support is largely functional/in vitro, and minimal weight for ""Novel,"" since a specific gene–disease pairing is documented."	883	1008	0.029615	1
2019	MRPS25	combined oxidative phosphorylation deficiency 50	MONDO:0033570	1	31039582	Existing	3.04	20	66	12	2	"MRPS25 encodes a small subunit mitochondrial ribosomal protein, and OMIM designates combined oxidative phosphorylation deficiency 50 (COXPD50) based principally on a single report (Bugiardini et al., Hum Mol Genet 2019) of a homozygous MRPS25 missense variant in a patient with encephalomyopathy, impaired mitochondrial translation, and multiple OXPHOS complex deficiencies, supported by patient fibroblast/functional rescue studies. This is credible human genetic evidence but derives from one proband/family, with few if any independent replications reported, so the relationship is best described as limited rather than definitively established. Additional supporting biology (mitoribosome assembly defects, analogous phenotypes for other MRPS genes) reinforces plausibility. A modest probability is retained for ""Established"" in case subsequent unreported cases have accumulated, and little weight is given to Novel."	858	596	0.01919	1
2018	WDR5	congenital heart disease	MONDO:0005453	3	30377171	Existing	2.71	12	52	31	5	"WDR5 is a core scaffold of the MLL/SET1 H3K4 methyltransferase complexes, a pathway repeatedly implicated in congenital heart disease (e.g., KMT2D, KDM5A/B, CHD7). Human exome studies of CHD probands, notably the Pediatric Cardiac Genomics Consortium/Zaidi et al. analyses of de novo variants in histone-modifying genes, specifically highlighted WDR5 among H3K4-methylation pathway genes carrying damaging de novo mutations, which supports at least ""Existing"" evidence. More recent reports of de novo WDR5 variants in a neurodevelopmental/multiple congenital anomaly syndrome include some patients with cardiac defects, though cardiac involvement is not a consistent, replicated core feature. Strong supporting biology (WDR5 interaction with cardiac transcription factors, chromatin regulation of cardiogenesis, and animal/in vitro models) keeps substantial weight on ""Hypothesized."" Evidence falls short of ""Established"" because independent, well-powered clinical replication demonstrating WDR5 as a bona fide CHD-causing gene is lacking."	798	1188	0.03369	1
2019	GIGYF1	neurodevelopmental disorder	MONDO:0700092	4	31439631	Established	3.32	48	39	10	3	GIGYF1 emerged as one of the significant autism/neurodevelopmental risk genes in large-scale human exome sequencing studies (e.g., the Autism Sequencing Consortium analyses by Satterstrom et al. 2020 and the combined ASD/NDD analysis by Fu et al. 2022), where protein-truncating variants were enriched in probands. Additional human population data (UK Biobank analyses by Deaton et al. and Chen et al.) link GIGYF1 loss-of-function to reduced cognitive/educational measures alongside metabolic phenotypes, supporting a neurodevelopmental impact in independent cohorts. It is listed as a high-confidence ASD gene in SFARI, and its biology (GIGYF1/2–4EHP translational repression, with GIGYF2 already implicated in neurologic phenotypes) provides mechanistic plausibility. However, most evidence comes from statistical burden in case cohorts rather than deeply phenotyped families with segregation, and no firmly curated Mendelian disease entity is universally accepted, so probability is split between Established and Existing.	828	1010	0.02939	1
2019	HS6ST2	Paganini-Miozzo syndrome	MONDO:0026724	1	30471091	Existing	3.15	30	57	11	2	"Paganini-Miozzo syndrome (X-linked syndromic intellectual developmental disorder, MRXSPM; OMIM 301095) is defined by its original description in association with HS6ST2, a heparan sulfate 6-O-sulfotransferase gene on Xq26. The eponymous report (Paganini, Miozzo and colleagues) described a hemizygous missense variant in affected brothers with intellectual disability, obesity/dysmorphism and severe myopia, supported by functional studies of sulfotransferase activity and zebrafish/cellular models. Because the human genetic evidence rests essentially on a single family, the association is credible and disease-defining but not broadly replicated across independent probands, which fits ""Existing"" better than ""Established."" Some weight remains for ""Established"" given the OMIM gene–phenotype entry and supporting functional data, and a small amount for ""Hypothesized"" since much of the mechanistic support is non-human. There is essentially no basis for ""Novel,"" as the phenotype is named for this gene discovery."	843	911	0.02699	1
2018	PLCB3	spondylometaphyseal dysplasia	MONDO:0016763	1	29122926	Existing	2.71	18	45	27	10	"Most classic spondylometaphyseal dysplasias are attributed to other genes (TRPV4 for Kozlowski type, COL2A1 for corner-fracture type, GPX4 for Sedaghatian type, PCYT1A for the cone–rod dystrophy form), so PLCB3 is not among the long-established SMD genes. However, I recall reports of biallelic loss-of-function PLCB3 variants in patients with a spondylometaphyseal-type skeletal dysplasia, which would constitute limited but credible human genetic evidence, likely from one or a few probands/families rather than broadly replicated cohorts. Biologically the association is plausible because PLCβ3 acts downstream of Gq-coupled receptors including PTH1R/PTHrP signaling, a pathway central to growth-plate chondrocyte differentiation and metaphyseal patterning, supporting at minimum a hypothesized relationship. Given uncertainty about the number of independent human probands and replication, I weight ""Existing"" highest, with meaningful residual probability on ""Hypothesized"" (if the main support is functional/animal data) and smaller probability on ""Established"" or ""Novel."""	838	1541	0.042715	1
2019	NOTCH3	inherited thrombocytopenia	MONDO:0100241	1	31729093	Hypothesized	1.86	2	12	56	30	"NOTCH3 is firmly established as the gene for CADASIL (cerebral small-vessel arteriopathy) and, unlike NOTCH2 (Hajdu-Cheney/Alagille) or the classic inherited thrombocytopenia genes (e.g., ANKRD26, RUNX1, MYH9, NBEAL2, ETV6, GP1BA/B, ITGA2B), it is not recognized as a cause of inherited thrombocytopenia in gene panels or curated ClinGen/ThromboGenomics lists. However, Notch signaling has documented biological relevance to megakaryopoiesis and platelet production, and NOTCH3 is expressed in vascular mural cells and hematopoietic niche components, giving a plausible mechanistic rationale that supports a ""Hypothesized"" designation. Any human genetic reports would most likely be incidental variants of uncertain significance found in exome/panel screening of unexplained thrombocytopenia rather than replicated causal evidence, so I allot only modest weight to ""Existing"" and essentially none to ""Established."" A meaningful share remains for ""Novel"" because co-mention of NOTCH3 and thrombocytopenia may simply be incidental in the literature."	828	816	0.02454	1
2019	MRPS14	mitochondrial disease	MONDO:0044970	2	30358850	Existing	3.03	20	65	13	2	"MRPS14 encodes uS14m, a small subunit protein of the mitochondrial ribosome, making it biologically central to mitochondrial translation and OXPHOS biogenesis. A single human case (Jackson et al., Hum Mol Genet 2019) described a homozygous missense variant in MRPS14 in a patient with perinatal hypertrophic cardiomyopathy, lactic acidosis, growth retardation and neurological involvement, with patient-derived fibroblast studies confirming impaired mitochondrial translation and combined OXPHOS deficiency (OMIM COXPD38). This constitutes credible but singular human evidence with strong functional support, rather than replicated independent probands. Therefore ""Existing"" is most appropriate, with some probability for ""Established"" in case additional cases have since been reported, and a smaller residual for ""Hypothesized"" if the evidence is judged largely functional/in vitro."	808	761	0.023065	1
2019	STXBP3	arthrogryposis syndrome	MONDO:0015225	2	31130284	Novel	1.76	4	18	28	50	"STXBP3 (Munc18c) is a Sec1/Munc18-family protein best characterized in SNARE-mediated vesicle trafficking, GLUT4 translocation, and epithelial/immune secretion; I am not aware of any replicated human genetic studies linking STXBP3 variants to arthrogryposis multiplex congenita or fetal akinesia syndromes. Established arthrogryposis genes involve neuromuscular junction, contractile apparatus, motor neuron, or connective tissue pathways (e.g., CHRNG, DOK7, RAPSN, MYH3, TPM2, PIEZO2, ECEL1, GLE1, ZBTB42), none of which include STXBP3. A biologically plausible but indirect link exists through the Sec1/Munc18 family, since VPS33B/VIPAS39 defects cause ARC (arthrogryposis–renal dysfunction–cholestasis) syndrome and syntaxin-binding proteins participate in synaptic and secretory vesicle fusion relevant to neuromuscular transmission, supporting a modest ""hypothesized"" weight. Any single case report or candidate variant from exome studies of fetal akinesia would move this to ""Existing,"" so a moderate probability is retained there, but the most likely status is that the pair is essentially unreported and thus novel."	823	1399	0.03909	1
2017	KIF15	braddock-carey syndrome 2	MONDO:0859570	4	28150392	Existing	2.79	28	40	15	17	"Braddock–Carey syndrome (congenital amegakaryocytic thrombocytopenia, Pierre Robin sequence, agenesis of the corpus callosum, dysmorphism) was historically attributed to 21q22 contiguous gene deletions, but recent gene-discovery work has defined autosomal recessive molecular subtypes (BRDCS1 and BRDCS2) in OMIM, and my recollection is that biallelic KIF15 variants were implicated in one of these subtypes in human patients. KIF15 encodes a mitotic kinesin whose loss-of-function plausibly disrupts proliferation of megakaryocytes and neural/craniofacial progenitors, providing a coherent mechanism consistent with the phenotype. However, such recently delineated recessive entities are typically based on a small number of consanguineous families, so replication across independent probands may be limited, favoring ""Existing"" over ""Established."" I retain nontrivial weight on ""Novel"" because I cannot confirm with certainty that KIF15 (rather than another gene) is the BRDCS2 locus."	823	2312	0.061915	1
2019	ARL6IP6	cutis marmorata telangiectatica congenita	MONDO:0009055	1	31142202	Existing	2.68	8	62	20	10	"I recall a human report (Abumansour et al., Human Genetics, ~2015) describing a homozygous truncating variant in ARL6IP6 — a locus previously linked to ischemic stroke — in a consanguineous family with cutis marmorata telangiectatica congenita, supporting a candidate recessive etiology. This constitutes at least one credible human genetic study, but the evidence rests on a single family/proband without clear independent replication, so it falls short of ""Established."" Most subsequent CMTC genetic work has focused on mosaic GNA11/GNAQ activating variants, which are now the better-supported molecular cause, leaving ARL6IP6 as a limited, largely unreplicated candidate. Some probability is retained for ""Hypothesized"" (if the association is regarded as only a candidate with supportive biology/expression data) and a small amount for ""Novel"" in case my recollection of the specific report is inaccurate."	858	1196	0.03419	1
2020	RIOK2	male infertility with azoospermia or oligozoospermia due to single gene mutation	MONDO:0018393	1	32719396	Hypothesized	1.98	4	20	46	30	"RIOK2 is best characterized as an atypical serine/threonine kinase essential for cytoplasmic maturation of the 40S ribosomal subunit, with most literature concerning ribosome biogenesis, 5q- syndrome/hematopoiesis, and glioblastoma rather than reproduction. Because ribosome biogenesis and translational control are critical for meiosis and spermiogenesis, and related RIO kinases/ribosome factors show germline expression and infertility phenotypes in model organisms, a biologically plausible (hypothesized) link is reasonable. I am not aware of replicated human studies reporting biallelic or monoallelic RIOK2 variants segregating with non-obstructive azoospermia or oligozoospermia, so ""Established"" is very unlikely. There is some chance that a single exome/whole-genome sequencing cohort of idiopathic azoospermic men listed RIOK2 as a candidate gene, which would support ""Existing,"" but such a report would be limited and unreplicated. Substantial probability also remains that co-mention is incidental, justifying meaningful weight on ""Novel."""	898	902	0.02704	1
2020	TKFC	triokinase and FMN cyclase deficiency syndrome	MONDO:0032927	1	32004446	Existing	3.25	42	44	11	3	"TKFC encodes the bifunctional triokinase/FMN cyclase, and biallelic loss-of-function variants have been reported in humans (notably Wortmann et al., Am J Hum Genet 2020) in patients with cataracts, developmental delay, hypotonia, liver involvement, and recurrent infections, with supporting enzymatic/functional studies in patient fibroblasts. The named phenotype ""triokinase and FMN cyclase deficiency syndrome"" derives directly from this gene, so the relationship is definitionally causal. However, the total number of independent probands/families remains small and replication across independent groups is limited, so curation bodies often rate the evidence as moderate rather than definitive. Points are therefore concentrated between Established and Existing, with a small residual for Hypothesized reflecting the substantial reliance on functional/biochemical data, and minimal weight for Novel."	858	986	0.02894	1
2019	XRCC2	premature ovarian failure 17	MONDO:0030870	1	30489636	Existing	3.04	25	57	15	3	"Premature ovarian failure 17 (POF17, MIM 619146) is the OMIM-designated phenotype attributed to biallelic XRCC2 variants, based on human genetic reports—most notably a consanguineous family with a homozygous XRCC2 missense variant segregating with primary/secondary amenorrhea and hypergonadotropic hypogonadism, supported by functional evidence of impaired homologous recombination. XRCC2's biology (RAD51 paralog, meiotic DNA double-strand break repair, and mouse/animal models showing gonadal dysgenesis and germ cell depletion) provides a strong mechanistic rationale, and XRCC2 is also implicated in a Fanconi anemia-like disorder (FANCU), a DNA-repair context linked to ovarian insufficiency. However, the human evidence base remains small—few probands and limited independent replication—so the association is credible but not firmly established by multiple independent clinical cohorts. Therefore most weight falls on ""Existing,"" with meaningful residual probability for ""Established"" given the formal OMIM phenotype designation, and a smaller allocation to ""Hypothesized"" reflecting reliance on functional/animal support."	818	1220	0.03459	1
2020	CAV1	amyotrophic lateral sclerosis	MONDO:0004976	2	33264630	Existing	2.75	8	62	27	3	"Human genetic evidence exists: Cooper-Knock et al. (Cell Reports, 2020) performed a genome-wide rare variant burden analysis of enhancer regions in ALS cohorts and identified enhancers regulating CAV1/CAV2 as significantly enriched for rare variants in ALS patients, with replication in independent cohorts and functional demonstration of reduced CAV1 expression and disrupted membrane lipid raft signaling. Additional supportive biology includes CAV1 interaction with SIGMAR1 (an established ALS gene), lipid raft/membrane trafficking defects in ALS models, and reports of caveolin-1 dysregulation in motor neurons. However, the evidence is largely from a single group, involves non-coding regulatory variants rather than clearly pathogenic coding mutations, and independent replication with clear Mendelian causation in multiple families is lacking, so it falls short of ""Established."" A meaningful share of weight remains on ""Hypothesized"" because much of the mechanistic support derives from cell models and animal/in vitro work rather than definitive human genetic causation."	833	857	0.02559	1
2019	CLDN2	azoospermia, obstructive, with nephrolithiasis	MONDO:0025356	2	31320686	Existing	2.75	15	50	30	5	"CLDN2 encodes claudin-2, an X-linked (Xq22.3) tight-junction protein mediating paracellular Na+/Ca2+ reabsorption in the proximal tubule and also expressed in Sertoli cells and the epididymal/efferent duct epithelium, giving strong biological plausibility for a combined nephrolithiasis–obstructive azoospermia phenotype. Cldn2-knockout mice display hypercalciuria and calcium kidney stones, providing robust but non-human functional support. Human evidence appears limited: a small number of reports (essentially one or a very few families/probands with X-linked deletions or loss-of-function variants involving CLDN2) underpin the OMIM entry for obstructive azoospermia with nephrolithiasis, and CLDN2 variants are separately associated in humans with pancreatitis and stone risk. Because replication across multiple independent probands/families is sparse, ""Existing"" is the most likely category, with meaningful weight on ""Hypothesized"" if the causal evidence rests mainly on mouse/functional data, and a smaller chance that additional human families have consolidated it into ""Established."""	868	1491	0.041615	1
2019	ABCC1	autosomal dominant nonsyndromic hearing loss	MONDO:0019587	1	31273342	Hypothesized	1.99	3	20	50	27	"ABCC1 (MRP1) is not among the recognized DFNA (autosomal dominant nonsyndromic hearing loss) genes listed in the Hereditary Hearing Loss Homepage, and I am not aware of replicated family-based linkage or segregation studies implicating it in dominant deafness, so ""Established"" is very unlikely. There is, however, relevant biology: MRP1 is expressed in the cochlea, including the stria vascularis and blood–labyrinth barrier, where efflux transporters modulate drug handling and protection of hair cells, giving a plausible mechanistic link to hearing function. Human pharmacogenomic studies of ABC transporter variants (mainly ABCC3, ABCC1, ABCB1) and cisplatin- or aminoglycoside-induced ototoxicity provide some human variant-level evidence for hearing loss susceptibility, but this is an acquired, non-Mendelian phenotype rather than autosomal dominant nonsyndromic deafness, making it only a weak surrogate for ""Existing."" Animal/in vitro data on MRP1 in cochlear protection support ""Hypothesized"" rather than higher categories. A residual probability remains that co-mentions are incidental and no meaningful link exists."	863	1279	0.03629	1
2020	GPR161	pituitary stalk interruption syndrome	MONDO:0019828	1	31609649	Existing	2.93	18	62	15	5	"GPR161 encodes an orphan GPCR that acts as a negative regulator of Sonic hedgehog signaling at the primary cilium, a pathway central to ventral forebrain and pituitary development, giving strong biological plausibility. In humans, whole-exome sequencing (Karaca et al., JCEM 2015) identified a homozygous GPR161 variant segregating in a consanguineous family with pituitary stalk interruption syndrome, providing direct but limited human genetic evidence. Subsequent PSIS cohort/panel studies have included GPR161 among candidate genes, but robust, independent replication with multiple unrelated probands is not well documented, and PSIS is generally oligogenic with low diagnostic yield. Therefore the evidence best fits ""Existing"" (credible human report, not definitive), with some probability that later cohorts have accumulated enough cases to approach ""Established,"" and residual weight on ""Hypothesized"" if the human evidence is judged too sparse relative to the mouse/Hh-pathway data."	833	869	0.02589	1
2020	EMC10	global developmental delay with or without impaired intellectual development	MONDO:0032680	1	32869858	Established	3.41	55	33	10	2	EMC10 encodes a subunit of the ER membrane protein complex, a family in which other members (e.g., EMC1) are established neurodevelopmental disease genes. For EMC10 specifically, I recall human reports of biallelic loss-of-function/splice variants (including a recurrent variant in consanguineous families of Middle Eastern origin) segregating with global developmental delay, intellectual disability, hypotonia, and sometimes seizures, with supporting functional data showing loss of EMC10 protein. Multiple affected individuals across more than one family appear to have been described, which supports an Established relationship, though the total number of independent probands is still modest and gene–disease validity may be curated as moderate rather than definitive. Accordingly, most weight goes to Established, with substantial residual probability on Existing if the human evidence is limited to a single family/report; Hypothesized retains small weight given the strong mechanistic and model-organism support, and Novel is essentially excluded.	848	1156	0.03314	1
2020	BOD1	syndromic intellectual disability	MONDO:0000508	1	32578875	Existing	2.7	10	55	30	5	"BOD1 (biorientation of chromosomes in cell division 1) was implicated in cognitive impairment by Esmaeeli-Nieh et al. (PLoS Genetics, 2016), who identified a homozygous truncating variant segregating in a consanguineous family with intellectual disability, supported by Drosophila models showing learning and memory deficits. This constitutes credible human genetic evidence but is essentially limited to a single family, with much of the mechanistic support coming from fly and cellular experiments, so the association is not definitively established and lacks independent replication in multiple probands. Additionally, the reported phenotype has generally been characterized as predominantly intellectual disability (with variable additional features), so the specific ""syndromic"" designation is uncertain. Therefore ""Existing"" is the best fit, with substantial weight to ""Hypothesized"" given the reliance on animal-model functional data, and only limited weight to ""Established."""	813	766	0.023215	1
2020	VPS26C	neurodevelopmental disorder	MONDO:0700092	1	31845315	Hypothesized	1.91	2	12	61	25	VPS26C (DSCR3) lies within the Down syndrome critical region on 21q22 and encodes a core subunit of the Retriever endosomal recycling complex together with VPS35L and VPS29. Its paralog VPS26A and its partner VPS35L are linked to neurodevelopmental phenotypes (e.g., VPS35L variants cause Ritscher–Schinzel/3C syndrome with developmental delay), and Commander/Retriever complex dysfunction is a recognized mechanism in neurodevelopmental disease, giving strong biological plausibility. However, I am not aware of replicated or even clearly documented human pathogenic VPS26C variants in probands with neurodevelopmental disorder; any linkage largely derives from chromosomal region co-mention (trisomy 21) and functional/expression data rather than gene-level variant evidence. Therefore most weight belongs to Hypothesized, with a modest allowance for a possible single case report or NDD cohort candidate listing (Existing) and some chance the pairing is essentially incidental (Novel).	818	824	0.02469	1
2020	KCNAB3	neurodevelopmental disorder	MONDO:0700092	3	32990398	Hypothesized	2.01	3	18	56	23	"KCNAB3 encodes a brain-enriched Kv channel beta subunit (Kvβ3) that modulates Kv1 (Shaker-family) channel inactivation, giving it clear biological relevance to neuronal excitability, epilepsy, and neurodevelopment; mouse and in vitro functional data support this, which fits the ""Hypothesized"" tier. Unlike its paralogs KCNAB1 and especially KCNAB2 (deleted in 1p36 syndrome and linked to epilepsy/intellectual disability), KCNAB3 has no recognized Mendelian disease entry in OMIM/ClinGen and is not a validated neurodevelopmental disorder gene. At most, it may appear as an incidental candidate variant in large autism/developmental-disorder exome cohorts or on research epilepsy gene panels, which would provide only weak, unreplicated human evidence. There is no replicated, statistically supported human genetic evidence establishing causation, so ""Established"" is very unlikely, and a modest probability remains that the gene–phenotype link is essentially unexplored (""Novel"")."	828	777	0.023565	1
2020	SOD2	microvascular complications of diabetes, susceptibility to, 6	MONDO:0012970	1	31494578	Existing	3.02	22	60	16	2	MVCD6 in OMIM corresponds to the association of SOD2 (manganese superoxide dismutase) variants, principally the Ala16Val polymorphism (rs4880), with diabetic microvascular complications such as nephropathy and polyneuropathy. Human case-control studies (e.g., Möllsten et al. in Swedish type 1 diabetes cohorts, and several subsequent cohorts and meta-analyses in type 1 and type 2 diabetes) report associations, giving credible human genetic evidence. However, replication has been inconsistent, effect sizes are modest, and the variant has not reached genome-wide significance in large GWAS, so the evidence falls short of definitive/established causation. Strong supporting biology (mitochondrial superoxide scavenging, hyperglycemia-induced oxidative stress, SOD2 overexpression/knockout rodent models) reinforces plausibility but is mechanistic rather than proof of causality, so a modest weight remains on Hypothesized.	868	948	0.02804	1
2021	MYH7	congenital heart disease	MONDO:0005453	3	33309763	Established	3.51	60	32	7	1	"MYH7 is best known for sarcomeric cardiomyopathies (HCM, DCM, left ventricular noncompaction), but there is substantial human genetic evidence linking it to structural congenital heart disease as well. Budde et al. (2007) and Postma et al. (2011) reported MYH7 mutations segregating in families and cohorts with Ebstein anomaly co-occurring with LVNC, with roughly 6–8% of Ebstein patients carrying MYH7 variants, and additional reports describe septal defects (ASD/VSD) and other malformations in MYH7 variant carriers. These are independent human probands and families, supporting an established causal role for at least the Ebstein anomaly/LVNC phenotype, though the association is narrower and less replicated than for cardiomyopathy, and CHD penetrance is variable. Some weight remains on ""Existing"" because much of the CHD evidence is limited to a few cohorts and because LVNC itself is sometimes classified as a cardiomyopathy rather than a congenital malformation. Very little probability belongs to Hypothesized or Novel given direct human variant data."	798	736	0.02239	1
2021	LAMA4	familial dilated cardiomyopathy	MONDO:0016333	1	33947203	Existing	2.67	6	58	33	3	"LAMA4 (laminin α4) was reported by Knöll et al. (Circulation, 2007) as a candidate dilated cardiomyopathy gene, with rare missense variants identified in a small number of human DCM probands alongside supportive Lama4-null mouse models showing cardiomyopathy and endothelial/cardiomyocyte defects. This provides credible but limited human genetic evidence, essentially from a single study with few probands and little independent replication. Subsequent gene-curation efforts (e.g., ClinGen DCM panel) have judged the human evidence weak, classifying LAMA4 as limited or disputed for monogenic DCM, which argues strongly against ""Established."" Much of the supporting mechanistic data (basement membrane/extracellular matrix integrity, integrin-linked kinase interaction, knockout mice) is non-human, so a substantial share of probability belongs to ""Hypothesized."" ""Novel"" is essentially excluded because a direct, biologically plausible gene–disease link has been proposed in the literature."	833	772	0.023465	1
2021	ETV2	congenital heart disease	MONDO:0005453	1	33359164	Hypothesized	2.18	4	22	62	12	"ETV2 (ER71) is a well-characterized master transcriptional regulator of hemato-endothelial lineage specification; Etv2-null mice die by ~E9.5 with complete failure of endothelial/endocardial and blood development, and it acts within the FLK1/VEGF–ETS network relevant to endocardial cushion and cardiac vasculature formation. This provides strong biological plausibility for a role in cardiac malformation, but the definitive data are from mouse and zebrafish models and in vitro reprogramming studies rather than human genetics. I am not aware of replicated human cohort or family studies demonstrating that ETV2 variants cause congenital heart disease, and ETV2 is not an established CHD gene in clinical panels or ClinGen curation. There may be isolated rare-variant screening reports in CHD cohorts (e.g., septal defects or conotruncal defects) that would support ""Existing,"" so some probability is assigned there, but the bulk of the evidence is mechanistic/animal, favoring ""Hypothesized."""	798	730	0.02224	1
2021	MYADML2	connective tissue disorder	MONDO:0003900	1	32778762	Novel	1.56	2	15	20	63	MYADML2 (myeloid-associated differentiation marker-like 2) is a poorly characterized gene at 17q25.3 with no established biological role in extracellular matrix biology, collagen/elastin metabolism, or fibroblast function, which are the pathways central to connective tissue disorders. There are no known Mendelian syndromes attributed to MYADML2 variants, and it does not appear in clinical gene panels for heritable connective tissue disease (e.g., Marfan, Ehlers-Danlos, Loeys-Dietz). It occasionally appears as a nearest-gene annotation in GWAS signals in the gene-dense 17q25.3 region, so a weak, non-definitive association reported for a related trait cannot be entirely excluded, which supports a modest allocation to Existing/Hypothesized. Overall, the evidence base is best described as absent or incidental, favoring Novel.	808	706	0.02169	1
2020	YPEL2	retinitis pigmentosa	MONDO:0019200	1	33022222	Existing	3.17	38	45	13	4	"YPEL2 lies within the RP17 locus on chromosome 17q22, where heterozygous structural variants (duplications/inversions/triplications) segregating in multiple independent autosomal dominant retinitis pigmentosa families have been reported (de Bruijn et al., AJHG 2020, and subsequent reports in additional European, Chinese and other cohorts). These are human clinical genetic data in multiple probands and families, which supports a strong locus-level association and justifies substantial weight on Established. However, the mechanistic work indicates that the SVs act by TAD reorganization creating ectopic retinal enhancer contacts that misexpress GDPD1, so YPEL2 itself may be a bystander/breakpoint-region gene rather than the causal effector, which tempers the ""Established"" assignment for this specific gene. Consequently the evidence is best framed as credible human genetic association at the YPEL2-containing region with uncertainty about YPEL2 being the causal gene, leaving little probability for Hypothesized or Novel."	818	1345	0.037715	1
2021	DLST	pheochromocytoma/paraganglioma syndrome 7	MONDO:0032771	1	33180916	Existing	3.28	42	46	10	2	"DLST encodes the E2 subunit of the 2-oxoglutarate dehydrogenase complex, a TCA-cycle enzyme functionally adjacent to the SDH complex whose subunits are canonical pheochromocytoma/paraganglioma (PPGL) genes, giving strong biological plausibility. Remacha et al. (AJHG, 2019) reported germline DLST variants—most notably the recurrent p.Gly374Glu—in several unrelated human PPGL probands, with supporting evidence including loss of heterozygosity, altered succinate/2-hydroxyglutarate metabolite profiles, and hypermethylation, leading OMIM to designate PPGL susceptibility 7 (MIM 618475). This constitutes at least one credible human genetic study with multiple probands, so the relationship clearly exceeds ""hypothesized."" However, replication has been limited and the recurrent variant's population frequency and functional interpretation have been questioned by subsequent curation efforts, so the evidence sits between definitive ""established"" and ""existing,"" with points split accordingly."	858	876	0.02619	1
2021	MAST2	thrombotic disease	MONDO:0000831	1	33465109	Existing	2.85	15	60	20	5	"A well-known human study (Lee et al., PLoS Genetics 2016) used whole-exome sequencing in a French/Caucasian family with unexplained inherited thrombophilia and identified a rare MAST2 missense variant (p.Arg89Gln) segregating with venous thromboembolism, supported by functional work in endothelial cells showing reduced TFPI and thrombomodulin expression and a prothrombotic phenotype. This constitutes credible human genetic evidence linking MAST2 variation to venous thrombosis, favoring the ""Existing"" category. However, the evidence rests essentially on a single kindred with limited independent replication in other probands or cohorts, so ""Established"" is not well supported. Some probability is retained for ""Hypothesized"" because much of the supporting mechanistic evidence is in vitro/expression-based rather than from multiple independent human genetic studies, and a small residual for ""Novel"" in case the association is considered too preliminary."	798	1093	0.031315	1
2022	MAD1L1	familial prostate carcinoma	MONDO:0023122	1	36322655	Hypothesized	2.09	3	25	50	22	MAD1L1 encodes a core spindle-assembly checkpoint protein and a recognized tumor suppressor; Mad1 haploinsufficient mice develop tumors and chromosomal instability, providing a strong biological rationale for a role in prostate carcinogenesis, which supports the Hypothesized category. In humans, candidate-gene studies of mitotic checkpoint genes (including the MAD1L1 Arg558His variant) have reported associations with several cancers, and MAD1L1 is occasionally altered/downregulated in prostate tumors, but these are largely sporadic-cancer or somatic findings rather than familial prostate cancer specifically. I am not aware of replicated germline linkage or GWAS evidence implicating MAD1L1 in hereditary/familial prostate carcinoma (7p22 is not among the classic HPC loci; MAD1L1 variants are better known for psychiatric GWAS signals). Therefore Established is very unlikely, Existing retains moderate weight in case a candidate-gene or rare-variant sequencing study in familial cases exists, and there remains a meaningful chance the pairing is essentially incidental (Novel).	823	1184	0.033715	1
2021	NCOA3	autosomal dominant nonsyndromic hearing loss	MONDO:0019587	1	33326993	Hypothesized	1.93	4	20	41	35	"NCOA3 (SRC-3/AIB1) is not listed among the recognized DFNA genes on the Hereditary Hearing Loss Homepage, and I am not aware of replicated human family studies demonstrating that NCOA3 variants segregate with autosomal dominant nonsyndromic hearing loss; it is far better known in hormone-driven cancers. There is, however, reasonable biological plausibility: NCOA3 is a coactivator for thyroid hormone, estrogen, and estrogen-related receptors (e.g., ESRRB, whose loss causes DFNB35), and thyroid hormone signaling is essential for cochlear maturation, giving a pathway-level rationale that supports the ""Hypothesized"" category. Occasional exome-sequencing or candidate-gene reports could plausibly have nominated NCOA3 in a single family or in age-related/complex hearing loss association studies, which is why some weight is placed on ""Existing."" Because I cannot recall any specific, credible human genetic report, substantial probability remains on ""Novel,"" and ""Established"" is very unlikely."	863	1371	0.03859	1
2021	FBN2	carpal tunnel syndrome	MONDO:0007275	1	32900841	Existing	2.25	5	40	30	25	"FBN2 is a well-established Mendelian disease gene for congenital contractural arachnodactyly (Beals syndrome), a connective-tissue/microfibril disorder, but it is not a recognized Mendelian cause of carpal tunnel syndrome (CTS). Large human GWAS of CTS (e.g., UK Biobank analyses identifying multiple susceptibility loci) strongly implicated extracellular matrix and microfibril-related genes such as ADAMTS10/ADAMTS17 and EFEMP1, and fibrillin-family loci plausibly appear among the expanded loci lists, which would support an ""Existing"" association; however, I cannot confirm with certainty that FBN2 itself reached genome-wide significance. Biologically, fibrillin-2 contributes to elastic microfibrils in tendon, ligament, and the transverse carpal ligament, providing a coherent mechanistic rationale for altered tenosynovial/ligamentous properties and median nerve compression, which supports ""Hypothesized"" at minimum. Given this mix of plausible but unconfirmed human genetic evidence and strong biological relevance, points are distributed mainly between Existing and Hypothesized, with residual probability that co-mention is incidental."	818	1239	0.035065	1
2022	DNAH14	neurodevelopmental disorder	MONDO:0700092	1	35438214	Existing	2.78	18	50	24	8	"DNAH14 encodes a dynein axonemal heavy chain family member that is expressed in brain and, unlike classical ciliary dyneins, has been proposed to function in neuronal microtubule-based transport, giving strong biological plausibility for a neurodevelopmental role. I recall at least one recent human cohort/case-series report describing rare de novo and inherited DNAH14 variants in individuals with developmental delay, intellectual disability and/or epilepsy, often supported by model-organism (e.g., Drosophila/mouse) functional assays, which would satisfy the ""Existing"" threshold. However, the number of independent probands and replication across laboratories appears limited, and DNAH14 is a very large gene prone to rare benign variation, so causality is not yet definitively established (it is not, to my knowledge, a confirmed ClinGen/OMIM disease gene with strong classification). Therefore most weight goes to Existing, with some probability that recent replication has elevated it toward Established, and a residual allocation to Hypothesized if the human evidence I recall is actually predominantly functional/animal-based."	823	1059	0.03059	1
2022	ATP5PB	hypermetabolism due to uncoupled mitochondrial oxidative phosphorylation 2	MONDO:0859302	1	36239646	Existing	2.83	18	52	25	5	"ATP5PB (ATP5F1, subunit b of the peripheral stalk of mitochondrial ATP synthase) is mechanistically central to oxidative phosphorylation coupling, so any loss of its stator/proton-gating function is a plausible cause of intrinsic uncoupling and hypermetabolism (the Luft disease phenotype). The existence of a numbered OMIM-style designation ""hypermetabolism due to uncoupled mitochondrial oxidative phosphorylation 2"" implies that at least one human proband with an ATP5PB variant has been reported, with functional demonstration of uncoupled respiration in patient-derived tissue/fibroblasts, which supports ""Existing."" However, such ultra-rare hypermetabolic ATP synthase disorders are typically described in single cases or very small numbers, so replication across multiple independent families sufficient for ""Established"" is unlikely. Substantial probability remains for ""Hypothesized"" if the supporting evidence is primarily biochemical/in vitro modeling of the subunit rather than a firmly attributed human genetic cohort. ""Novel"" is very improbable given the direct biological relevance of the gene to OXPHOS coupling."	928	1235	0.035515	1
2021	ATP5MC3	mitochondrial disease	MONDO:0044970	3	33340416	Existing	2.76	18	48	26	8	"ATP5MC3 (formerly ATP5G3) encodes the c-subunit (P3 isoform) of the F1FO-ATP synthase (complex V) proton-translocating c-ring, so its biology is directly and unambiguously relevant to mitochondrial OXPHOS disease, guaranteeing at least a ""Hypothesized"" level of support. Beyond biology, I recall human genetic reports—most notably heterozygous/dominant ATP5MC3 variants in families with hereditary spastic paraplegia and associated complex V assembly/activity defects in patient fibroblasts—which would qualify as at least ""Existing"" evidence in humans. However, unlike ATPAF2, TMEM70, ATP5F1A/D/E, ATP5PO and ATP5MK, ATP5MC3 is not established as an OMIM-designated nuclear complex V deficiency gene, and the number of independent probands appears small, so replication is limited and gene–disease validity is likely curated as ""limited/moderate"" rather than definitive. I therefore concentrate probability on ""Existing,"" with meaningful residual weight on ""Hypothesized"" (if the reported human variants are considered unreplicated or the functional work is largely cell-based) and less on ""Established."""	818	1829	0.049815	1
2022	NFATC2	joint contractures, osteochondromas, and B-cell lymphoma	MONDO:0859369	1	35789258	Existing	3.05	28	52	17	3	"A distinct human Mendelian entity of joint contractures, osteochondroma-like lesions, and B-cell lymphoma has been attributed to biallelic loss-of-function variants in NFATC2, reported in a small consanguineous kindred/limited number of probands with supporting functional immunologic characterization, and is catalogued as a recognized OMIM phenotype. Because the human genetic evidence rests on very few families rather than multiple independent replicated cohorts, the relationship is best described as credible but not yet definitively established. Strong supporting biology exists: Nfatc2-deficient mice develop cartilaginous/osteochondroma-like tumors and lymphoproliferation, and NFAT signaling is central to lymphocyte activation and chondrocyte differentiation, which underpins the mechanistic plausibility. Thus most weight falls on ""Existing,"" with meaningful probability for ""Established"" (if additional probands have since been reported) and residual weight on ""Hypothesized"" given that much of the mechanistic support is murine/in vitro."	883	1280	0.036415	1
2021	DLG5	ciliopathy	MONDO:0005308	1	32631816	Existing	2.64	12	45	38	5	DLG5 is a MAGUK scaffolding protein with well-documented roles in ciliogenesis: Dlg5-null mice display congenital hydrocephalus, renal cysts, and defective ciliary vesicle trafficking (via Rab8/Girdin and interactions with the ciliary machinery), giving strong biological/animal-model support that would at minimum qualify as Hypothesized. Beyond model organisms, I recall human reports of rare biallelic loss-of-function DLG5 variants in patients with ciliopathy-like presentations (congenital hydrocephalus, renal cystic dysplasia, other multi-organ anomalies), which would support the Existing category, though the number of independent probands is small and some findings are candidate-level from exome studies. The gene's better-known human genetic association is with inflammatory bowel disease, which is unrelated, so much of the co-mention literature is not ciliopathy-relevant. Replication across multiple independent families with clear segregation and functional confirmation appears limited, so Established is unlikely but not excluded. Novel is very improbable given the direct mechanistic link to ciliogenesis.	793	1571	0.04324	1
2022	SLC11A1	Mycobacterium tuberculosis, susceptibility	MONDO:0000070	1	35140349	Established	3.33	45	44	10	1	SLC11A1 (NRAMP1) is the archetypal candidate gene for mycobacterial susceptibility, originating from the murine Bcg/Ity/Lsh locus, and its role in macrophage phagosomal divalent cation transport provides a strong biological rationale. In humans, Bellamy et al. (1998, NEJM) reported association of NRAMP1 polymorphisms (5'(GT)n, D543N, 3'UTR TGTG deletion, INT4) with pulmonary tuberculosis in The Gambia, and dozens of case–control studies across African, Asian, and European populations plus multiple meta-analyses have reported significant associations, supporting replicated human genetic evidence. However, results are heterogeneous, effect sizes are modest, several replications are negative, and large GWAS have not confirmed genome-wide significant signals at this locus, so the evidence falls short of definitive causality. Points are therefore split nearly evenly between Established and Existing, with a small residual for Hypothesized given the reliance of some evidence on animal/functional data, and essentially none for Novel.	868	746	0.02299	1
2022	NFE2L1	syndromic disease	MONDO:0002254	1	35112409	Hypothesized	2.07	3	18	62	17	"NFE2L1 (NRF1/TCF11) is a CNC-bZIP transcription factor best known for the proteasome ""bounce-back"" response, lipid/cholesterol regulation, and oxidative stress adaptation, and mouse models (global knockouts causing embryonic lethality, conditional neuronal knockouts causing neurodegeneration, hepatic/adipocyte knockouts causing steatohepatitis and metabolic-syndrome-like phenotypes) provide strong biological plausibility for a multisystem/syndromic role—this supports the Hypothesized category most heavily. Unlike its paralog NFE2L2, for which de novo gain-of-function variants cause a recognized human multisystem developmental syndrome, I am not aware of an OMIM-recognized Mendelian disorder or replicated human proband series attributable to NFE2L1 variants. Some limited human data exist (expression changes in neurodegenerative and metabolic disease tissues, its location in 17q21.3 potentially within larger CNVs, and scattered association/candidate-gene reports), which leaves modest weight for Existing. Established evidence is very unlikely given the absence of independent human families with causal variants, and Novel is retained at low-moderate weight only because direct human variant evidence for a syndromic phenotype may be entirely lacking."	803	1262	0.035565	1
2022	CCDC34	spermatogenic failure 76	MONDO:0031077	1	34348960	Existing	3.08	28	55	14	3	"Spermatogenic failure 76 is an OMIM-designated phenotype, and such numbered SPGF entries are assigned only after human genetic evidence (typically biallelic variants in infertile men) is reported, which for this entry corresponds to CCDC34. My recollection is of a small number of reports describing homozygous/compound heterozygous loss-of-function CCDC34 variants in men with asthenoteratozoospermia/flagellar defects, supported by knockout mouse models and sperm functional studies. This constitutes credible but limited human evidence from few probands rather than broad independent replication, favoring ""Existing"" over ""Established."" A minority of probability is retained for ""Hypothesized"" in case the principal support is animal/in vitro work with only a single human family, and very little for ""Novel"" given the OMIM phenotype designation."	818	796	0.02399	1
2022	DNAH14	complex neurodevelopmental disorder	MONDO:0100038	2	35438214	Existing	2.56	13	45	27	15	"DNAH14 encodes an axonemal-type dynein heavy chain; most dynein heavy chain literature concerns cilia/flagella and sperm motility, but cytoplasmic and axonemal dyneins are broadly relevant to neuronal migration and ciliary signaling, giving a plausible biological rationale for neurodevelopmental phenotypes. I recall at least one recent human genetics report describing de novo and/or rare inherited DNAH14 variants in probands with intellectual disability/developmental delay and related neurodevelopmental features, plus its occasional appearance as a candidate in large exome/genome cohorts, which supports the ""Existing"" tier. However, such evidence appears limited to one or a few reports with modest proband numbers and no clear replication or functional validation in humans, so ""Established"" is unlikely. There remains a real possibility that any association is incidental (DNAH14 is a very large gene prone to rare-variant accumulation), justifying some weight on Novel, and the mechanistic/cilia-based rationale alone supports Hypothesized."	833	1155	0.03304	1
2022	LHX8	inherited primary ovarian failure	MONDO:0019852	1	36029299	Hypothesized	2.36	6	32	54	8	"LHX8 is an oocyte-specific LIM-homeobox transcription factor, and Lhx8-null mice show failure of primordial follicle formation with rapid oocyte loss, providing a strong biological/animal-model rationale for a role in primary ovarian insufficiency (supporting ""Hypothesized""). Human genetic evidence is much weaker: candidate-gene screens of POI cohorts (e.g., Chinese and Caucasian series) and later NGS panel studies have reported only rare missense/variants of uncertain significance, and several screens were essentially negative, so any causal claim rests on a handful of unreplicated variants without robust segregation or functional validation. This is enough for some probability on ""Existing"" but far short of replicated causal proof in independent probands, so ""Established"" is unlikely. Curation efforts generally treat LHX8 as a limited/candidate POI gene rather than a definitive one, and outright ""Novel"" is improbable given the direct ovarian biology and the existing (if inconclusive) human screening literature."	818	1196	0.03399	1
2023	GTF2IRD1	neurodevelopmental disorder	MONDO:0700092	1	36308390	Existing	2.77	15	50	32	3	"GTF2IRD1 lies within the 7q11.23 Williams–Beuren syndrome critical region, whose deletion (and reciprocal duplication) causes a well-characterized neurodevelopmental phenotype including intellectual disability, visuospatial impairment, and speech/social abnormalities. Human studies of atypical/partial deletions have implicated GTF2IRD1 (together with the neighboring GTF2I) in craniofacial features and aspects of visuospatial cognition, providing credible but non-definitive, contiguous-gene evidence that cannot cleanly isolate this single gene. No convincing set of pathogenic intragenic point mutations in independent probands has established GTF2IRD1 alone as a monogenic cause of neurodevelopmental disorder, which argues against ""Established."" Considerable supporting evidence comes from Gtf2ird1 knockout mice (altered anxiety, social behavior, motor and craniofacial phenotypes) and expression in developing brain, which supports ""Hypothesized"" weight. Overall, ""Existing"" best captures the current state, with meaningful probability mass on ""Hypothesized"" because much of the gene-specific causal evidence is animal/functional."	838	805	0.024315	1
2023	TBC1D31	congenital anomaly of kidney and urinary tract	MONDO:0019719	1	37468454	Novel	0.87	2	18	0	25	"TBC1D31 (also known as WDR67/Gm85) encodes a centrosomal/basal-body protein that interacts with OFD1 and is required for ciliogenesis; because ciliary dysfunction is a well-established mechanism underlying renal developmental anomalies and ciliopathy-associated kidney malformations, there is a strong biological rationale linking it to CAKUT. However, I am not aware of replicated human genetic studies identifying pathogenic TBC1D31 variants in CAKUT probands or families, and it is not on standard CAKUT diagnostic gene panels. It is plausible that it has appeared as a candidate gene in exome-sequencing cohorts of CAKUT or ciliopathy patients, which would justify some weight for ""Existing,"" but such evidence would be single-report and tentative. Most of the supporting data are functional/cell-biological or animal-based rather than human variant-based, which places the bulk of probability on ""Hypothesized,"" with a meaningful residual chance that any co-mention is incidental (""Novel"")."	858	1088	0.03149	1
2023	MIR145	multisystemic smooth muscle dysfunction syndrome	MONDO:0013452	1	36649075	Hypothesized	1.88	1	6	73	20	"Multisystemic smooth muscle dysfunction syndrome is a well-defined Mendelian disorder caused almost exclusively by recurrent ACTA2 Arg179 missense variants, with no reported pathogenic MIR145 variants in human probands or families. However, miR-145 (with miR-143) is a master regulator of vascular smooth muscle cell differentiation and contractile phenotype, directly promoting expression of SRF/myocardin targets including ACTA2 and repressing KLF4/KLF5; miR-143/145-null mice display abnormal SMC phenotypic modulation, impaired contractility, and vascular remodeling. This gives a strong biological/pathway and animal-model rationale but no direct human genetic evidence, placing the pair firmly in the ""Hypothesized"" category. Some residual probability is allotted to ""Existing"" in case of small human expression or candidate-variant studies in related smooth-muscle/aortopathy phenotypes, and some to ""Novel"" since the connection may be purely conceptual rather than explicitly reported for this syndrome."	863	736	0.022715	1
2023	LY96	inborn error of immunity	MONDO:0003778	1	36462957	Hypothesized	2.14	3	20	65	12	"LY96 encodes MD-2, the obligate co-receptor that confers LPS responsiveness on TLR4, placing it squarely in the same innate-immune pathway as established inborn errors of immunity (IRAK4, MYD88, NEMO, TLR3-pathway defects). Ly96-deficient mice are profoundly LPS-hyporesponsive and susceptible to Gram-negative infection, and in vitro human cell data confirm its non-redundant role, which strongly supports a ""Hypothesized"" biological link. However, to my knowledge no monogenic human LY96 deficiency has been reported in IUIS classifications or in independent probands, so ""Established"" is very unlikely. Some human candidate-gene/association studies of LY96 (MD-2) promoter and coding polymorphisms with sepsis/septic shock severity and infection susceptibility exist, which could be construed as limited human evidence for a susceptibility phenotype, justifying modest weight on ""Existing."" Complete absence of any relevant evidence (""Novel"") is improbable given the direct pathway relevance."	798	712	0.02179	1
2023	MPC2	metabolic disease	MONDO:0005066	1	36417180	Existing	2.93	25	45	28	2	"MPC2 encodes a subunit of the mitochondrial pyruvate carrier, whose partner gene MPC1 harbors biallelic mutations causing lactic acidosis with hyperpyruvatemia, establishing strong biological plausibility for MPC2 in inborn errors of pyruvate metabolism. I recall at least one human report (Brain, ~2021) describing biallelic MPC2 variants in patients with an early-onset mitochondriopathy featuring lactic acidosis and impaired pyruvate oxidation, supported by functional validation—this supports ""Existing"" and edges toward ""Established,"" though the number of independent probands/families appears small and replication limited. For broader cardiometabolic disease (obesity, type 2 diabetes, NAFLD), evidence rests largely on mouse conditional knockouts, MPC inhibitor (thiazolidinedione) pharmacology, and expression studies rather than human genetic variants, which supports ""Hypothesized."" Given a credible but not extensively replicated human genetic literature, most weight falls on Existing, with meaningful probability on Established and Hypothesized and essentially none on Novel."	793	965	0.02809	1
2023	TUFM	inherited primary ovarian failure	MONDO:0019852	1	37461298	Hypothesized	1.99	3	18	54	25	TUFM encodes mitochondrial translation elongation factor Tu, and its well-established human disease association is autosomal recessive combined oxidative phosphorylation deficiency 4 (severe infantile encephalopathy, lactic acidosis, leukoencephalopathy), not primary ovarian insufficiency. However, defects in the mitochondrial translation apparatus are a recognized mechanism for ovarian failure (e.g., AARS2, LARS2, HARS2, CLPP, TWNK in Perrault syndrome; MRPS22 in ovarian dysgenesis), giving TUFM strong biological/pathway plausibility as a POI candidate, which favors the Hypothesized category. I am not aware of replicated, or even clearly documented, human POI probands with pathogenic TUFM variants, so Established is very unlikely; a single candidate variant reported in a POI exome cohort or gene-panel list is possible but uncertain, leaving moderate weight on Existing. A residual probability remains for Novel if the only links are incidental co-mentions in mitochondrial gene lists without functional or clinical relevance to ovarian function.	813	930	0.027315	1
2023	PLXNC1	cerebral cortical dysplasia	MONDO:0017094	1	36808730	Hypothesized	1.77	2	13	45	40	Cerebral cortical dysplasia (notably focal cortical dysplasia) is dominated by germline and somatic variants in mTOR-pathway genes (MTOR, DEPDC5, NPRL2/3, TSC1/2, AKT3, PIK3CA) and, for other malformations, tubulin/microtubule and migration genes; PLXNC1 is not among recognized causal genes and has no replicated human genetic evidence. PLXNC1 encodes plexin-C1, a semaphorin-7A receptor within the semaphorin–plexin family that broadly regulates axon guidance, neuronal migration and cortical patterning, providing a plausible biological (largely mouse/in vitro) rationale for involvement in cortical development. Any human data are, to my knowledge, limited to incidental findings such as CNV/exome candidate lists or expression differences in resected dysplastic tissue, which would not constitute credible disease-association evidence. Therefore most probability is split between Hypothesized (pathway/animal-model plausibility) and Novel (no direct evidence), with a small allowance for an obscure single-report association.	833	873	0.02599	1
2023	TRPV1	channelopathy-associated congenital insensitivity to pain, autosomal recessive	MONDO:0009459	2	36454632	Hypothesized	2.08	3	12	75	10	"Congenital insensitivity to pain with a channelopathy mechanism is well established for SCN9A, SCN11A, and related genes (plus NTRK1/NGF/PRDM12 for HSAN forms), but TRPV1 is not among the recognized disease genes for autosomal recessive CIP in humans. TRPV1 biology is nevertheless directly relevant: it is the principal capsaicin/heat-activated nociceptor channel, and Trpv1-knockout mice show impaired thermal and inflammatory pain, providing a strong mechanistic and animal-model rationale — the hallmark of a ""Hypothesized"" relationship. Human genetic data are limited to common-variant association studies of pain/thermal sensitivity, cough reflex, and analgesic response (e.g., I585V), which are quantitative sensory traits rather than the recessive CIP phenotype, so only modest weight goes to ""Existing."" I am unaware of any replicated human families with biallelic loss-of-function TRPV1 variants causing congenital insensitivity to pain, so ""Established"" receives minimal weight, and ""Novel"" is unlikely given the clear biological linkage."	903	793	0.02434	1
2023	IL1R1	chronic recurrent multifocal osteomyelitis 3	MONDO:0958177	1	37315560	Existing	3.03	28	50	19	3	"Chronic recurrent multifocal osteomyelitis (CRMO) is genetically heterogeneous, with well-defined Mendelian forms caused by LPIN2 (Majeed syndrome) and IL1RN (DIRA), both converging on excessive IL-1 signaling; IL1R1 encodes the receptor through which these pathways act, making it a highly plausible and mechanistically direct candidate. The designation ""CRMO3"" implies an OMIM phenotype entry linked to a specific gene, and I recall reports of human variants (including gain-of-function/receptor-pathway defects) in IL1R1 associated with sterile autoinflammatory bone disease, which would support at least ""Existing"" evidence in humans. However, such reports are typically limited to one or a few probands/families without broad independent replication, so full ""Established"" status is less certain. Strong pathway and functional/animal data (IL-1R1 knockout and IL-1 blockade responsiveness in CRMO) additionally support a ""Hypothesized"" floor. ""Novel"" is very unlikely given the direct IL-1 axis relevance."	868	1712	0.04714	1
2024	SGSM3	intellectual disability	MONDO:0001071	1	37833060	Hypothesized	1.96	3	25	37	35	"SGSM3 (RUTBC3/RabGAP5) encodes a small G-protein signaling modulator that acts as a Rab GTPase-activating protein and interacts with Ras/Rab pathways involved in membrane trafficking, a biological theme highly relevant to neurodevelopment, and the gene is expressed in brain — providing a reasonable ""hypothesized"" basis. I am not aware of any replicated clinical reports establishing SGSM3 variants as a cause of intellectual disability, and it is not listed among curated ID gene panels (e.g., SysID, DDG2P) with confirmed status. It may appear as a low-confidence candidate in large exome/CNV studies of neurodevelopmental disorders or in consanguineous recessive ID cohorts, which would support only limited ""existing"" evidence. Given the absence of clear human genetic evidence, probability is concentrated between hypothesized and novel, with modest weight for a single anecdotal candidate report and very little for established causality."	798	980	0.02849	1
2022	C18orf32	glycosylphosphatidylinositol biosynthesis defect 25	MONDO:0859271	1	35107634	Existing	2.79	22	45	23	10	"C18orf32 (also annotated near/overlapping the PIGB locus, related to PIGBOS1) has been implicated in glycosylphosphatidylinositol (GPI) anchor biosynthesis through cell-based screens and functional work, giving a strong biological rationale for a GPI biosynthesis defect phenotype. The very existence of a numbered OMIM-style designation ""GPI biosynthesis defect 25"" tied to this gene suggests at least one human report of biallelic variants in affected probands, which would satisfy the ""Existing"" threshold. However, this is a very recently recognized and rare disorder, and I am not aware of multiple independent replication studies with well-characterized cohorts, which argues against ""Established"". A residual possibility remains that the supporting evidence is chiefly functional/in vitro (CRISPR screens, FLAER/GPI-anchored surface marker assays) rather than clinical genetic, which would place it in ""Hypothesized"". Complete absence of any link (""Novel"") seems unlikely given the gene's documented role in the GPI pathway."	883	2392	0.064215	1
2024	CCT7	complex neurodevelopmental disorder	MONDO:0100038	1	39480921	Hypothesized	1.91	2	15	55	28	"CCT7 encodes a subunit of the CCT/TRiC chaperonin, which folds tubulin, actin and other cytoskeletal and signaling proteins essential for neuronal proliferation, migration and axon growth, giving strong biological plausibility for a role in neurodevelopment. Other subunits of the same complex have established human disease links (CCT5 in hereditary sensory neuropathy, CCT2 in retinal dystrophy, CCT3 reported in a neurodevelopmental phenotype), which supports pathway-level relevance but not direct CCT7 causation. I am not aware of a replicated set of human probands with pathogenic CCT7 variants causing a complex neurodevelopmental disorder; at most, CCT7 may appear as a candidate/de novo variant in large autism or developmental-disorder exome cohorts without statistical or clinical confirmation. Therefore most weight falls on ""Hypothesized,"" with a modest allowance for a single limited human report (""Existing"") and a meaningful chance that the pairing is essentially unstudied (""Novel""). ""Established"" is very unlikely given the absence of a recognized CCT7-related Mendelian NDD in OMIM/gene-disease curation."	828	939	0.027615	1
2023	NUP50	amyotrophic lateral sclerosis	MONDO:0004976	1	36670122	Existing	2.54	7	45	43	5	"NUP50 encodes a nucleoporin, and nucleocytoplasmic transport disruption is a central, well-documented mechanism in ALS (notably C9orf72-, TDP-43-, and FUS-linked disease), with nucleoporins including NUP50 emerging from modifier screens and cellular/Drosophila models — this alone strongly supports at least a ""Hypothesized"" relationship. I also recall at least one human candidate-gene/rare-variant burden study (Italian/European ALS cohorts, in the context of nucleoporin gene sequencing) reporting rare NUP50 variants in ALS patients with supporting functional data, which would qualify as ""Existing."" However, such findings are limited, not widely replicated across independent large cohorts, and NUP50 is not a genome-wide significant ALS GWAS locus or an accepted Mendelian ALS gene in curated gene panels/ClinGen-type classifications. Therefore ""Established"" receives few points, and ""Novel"" is nearly excluded given the clear mechanistic relevance."	833	1431	0.03994	1
2024	CELSR1	hydrops fetalis	MONDO:0015193	1	38272662	Existing	2.54	7	48	37	8	"CELSR1 is a planar cell polarity gene with a well-established human role in primary/hereditary lymphedema (e.g., families with truncating and missense variants showing lymphedema, often female-predominant, sometimes with fetal/perinatal onset), and lymphatic dysplasia is a recognized mechanism and precursor of nonimmune hydrops fetalis, increased nuchal translucency, chylothorax and pleural effusions. Celsr1-deficient mice show lymphatic valve malformation and chylothorax, giving strong biological support, and CELSR1 is commonly included on lymphatic-anomaly/NIHF gene panels. However, direct, replicated human evidence that CELSR1 variants cause hydrops fetalis itself is sparse—at most isolated cases or families with prenatal lymphatic effusions—so ""Established"" is unlikely. Most probability therefore falls to ""Existing"" (human lymphatic dysplasia phenotype strongly linked to hydrops), with substantial weight on ""Hypothesized"" if the hydrops link rests mainly on mouse/mechanistic data."	808	977	0.028465	1
2024	CCDC91	punctate palmoplantar keratoderma	MONDO:0017675	1	38627542	Novel	1.91	5	28	20	47	"The well-established genetic causes of punctate palmoplantar keratoderma are AAGAB (PPKP1, Buschke–Fischer–Brauer), COL14A1 (PPKP3), and, for related entities, SERPINB7/SLC6A8-adjacent loci; CCDC91 is not among the recognized disease genes in OMIM or standard keratoderma reviews. CCDC91 (12p11.22) encodes a GGA-binding partner involved in trans-Golgi trafficking, a pathway conceptually adjacent to AAGAB's role in adaptor-protein complex/clathrin trafficking, which gives some biological plausibility for a hypothesized link. CCDC91 appears in GWAS mainly for bone mineral density, height, and metabolic traits rather than skin phenotypes. I retain moderate probability for ""Existing"" because isolated exome/linkage reports in single families (often Chinese cohorts) occasionally propose novel candidate genes for punctate PPK, and I cannot exclude such a report for CCDC91. Overall, the weight favors no established causal role, with residual uncertainty split between a single limited human report and purely mechanistic plausibility."	838	1057	0.030615	1
2024	MARK4	neurodevelopmental disorder	MONDO:0700092	1	38041405	Hypothesized	2.11	3	20	62	15	"MARK4 encodes a MAP/microtubule affinity-regulating kinase that phosphorylates tau and other MAPs, regulating microtubule dynamics, neuronal polarity, neurite outgrowth, and neuronal migration — biology directly relevant to neurodevelopment, and mouse/cell models support roles in neuronal differentiation. However, unlike its paralogs MARK1 (autism candidate) and especially MARK2 (de novo variants reported in autism/neurodevelopmental disorder cohorts), I am not aware of replicated human genetic evidence implicating MARK4 variants in NDD; most human genetic literature on MARK4 concerns Alzheimer disease/tauopathy and metabolic traits. There may be isolated candidate variants reported in large exome/de novo sequencing datasets, which would support a limited ""Existing"" designation, but nothing definitive or replicated. Therefore the weight falls mainly on Hypothesized, with modest probability for Existing and little for Established."	818	892	0.02639	1
2024	CIAO1	multiple mitochondrial dysfunctions syndrome 10	MONDO:0975806	2	38411040	Existing	3.11	32	50	15	3	"CIAO1 encodes a core component of the cytosolic iron–sulfur protein assembly (CIA) machinery, making it mechanistically highly plausible for an Fe–S cluster/mitochondrial dysfunction phenotype, and OMIM has designated a multiple mitochondrial dysfunctions syndrome type (MMDS10) for CIAO1. My recollection is that this designation rests largely on a recent (2023–2024) report of biallelic CIAO1 (and related MMS19) variants in a small number of patients with a neuromuscular/multisystem Fe–S deficiency phenotype, supported by functional studies showing impaired CIA target protein maturation. That constitutes credible human genetic evidence but with limited independent replication, so ""Existing"" is the most likely correct category, with a substantial chance the accumulated multi-family evidence is now judged ""Established."" Purely hypothesized status is less likely given documented human variants, and ""Novel"" is essentially excluded."	873	1134	0.032715	1
2025	LRRC45	complex neurodevelopmental disorder	MONDO:0100038	1	39638757	Hypothesized	1.86	2	12	56	30	"LRRC45 encodes a leucine-rich repeat centrosomal protein that functions in centrosome/centriole cohesion (as a rootletin-interacting linker component) and in distal appendage formation required for ciliogenesis. Because centrosomal and ciliary genes are a recurrent cause of microcephaly, ciliopathies, and syndromic neurodevelopmental phenotypes, there is a plausible biological rationale linking LRRC45 to complex neurodevelopmental disorder, but the supporting data are largely cell-biological/in vitro rather than patient-based. I am not aware of replicated human genetic studies establishing pathogenic LRRC45 variants in neurodevelopmental disorder cohorts, and it is not a recognized OMIM disease gene; at most it might appear as a candidate variant in exome studies or as an incidental hit in large sequencing datasets. Therefore the weight falls mainly on ""Hypothesized,"" with residual probability on ""Novel"" if the gene is only incidentally co-mentioned, and small probability on ""Existing"" in case a single case-report or candidate-gene study exists that I am unaware of."	833	694	0.021515	1
2025	ME2	inborn disorder of energy metabolism	MONDO:0019243	1	39401966	Hypothesized	2.13	4	20	61	15	"ME2 encodes the mitochondrial NAD(P)-dependent malic enzyme, which converts malate to pyruvate with NAD(P)H generation and directly feeds mitochondrial oxidative metabolism, anaplerosis, and pyruvate supply — biology that is highly relevant to inborn errors of energy metabolism, supporting a strong ""Hypothesized"" weighting. However, I am not aware of an OMIM-recognized Mendelian ME2 deficiency or replicated patient cohorts with biallelic ME2 variants causing a defined energy-metabolism disorder, which argues against ""Established."" Human genetic data do exist for ME2 in idiopathic generalized/juvenile myoclonic epilepsy (Greenberg et al.), a complex-trait association that is only tangentially related to inborn energy metabolism disorders, and there may be isolated case-level or functional reports implicating ME2 in mitochondrial/pyruvate metabolism defects, giving modest weight to ""Existing."" Much of the supporting evidence is biochemical, cell-based, or from cancer metabolism rather than patient genotype–phenotype studies, so points are concentrated in Hypothesized. A small residual is left for ""Novel"" in case no credible disease-linked literature exists."	823	992	0.028915	1
2024	PRMT9	Mendelian neurodevelopmental disorder	MONDO:0100500	1	38561334	Hypothesized	2.05	4	20	53	23	"PRMT9 is a type II protein arginine methyltransferase that methylates SF3B2/SAP145 and thereby modulates pre-mRNA splicing, a pathway strongly implicated in neurodevelopmental disease; related family member PRMT7 has an established Mendelian neurodevelopmental syndrome (SBIDDS), giving biological plausibility for PRMT9. Rodent studies (Prmt9 knockout/conditional deletion) have reported effects on neuronal development, synaptic function and behavior, which supports a ""hypothesized"" designation based on model organism and mechanistic data rather than human genetics. I am not aware of a well-replicated set of human probands with biallelic or de novo PRMT9 variants defining a recognized Mendelian neurodevelopmental disorder, so ""Established"" is very unlikely. There is some chance that isolated candidate-gene reports or exome cohort studies have flagged PRMT9 variants in intellectual disability/autism cases, which would justify limited weight on ""Existing."" A residual possibility remains that any co-mentions are incidental, hence some weight on ""Novel."""	848	1132	0.03254	1
2024	CCT4	complex neurodevelopmental disorder	MONDO:0100038	1	39480921	Hypothesized	1.91	2	15	55	28	"CCT4 encodes the delta subunit of the CCT/TRiC chaperonin, which folds tubulin, actin and many other substrates essential for neuronal cytoskeletal development, making biological plausibility for neurodevelopmental phenotypes high. Related subunits have human disease associations (CCT5 in hereditary sensory neuropathy with spastic paraplegia, CCT2 in retinal dystrophy, CCT3 in candidate neurodevelopmental reports), which supports a pathway-level hypothesis rather than direct proof for CCT4. The clearest CCT4 variant evidence I recall is the spontaneous rat ""mutilated foot"" mutation causing sensory neuropathy — an animal model, which supports only the Hypothesized tier. Human genetic evidence is limited to possible incidental de novo or candidate variants in large developmental-disorder/autism cohorts without replication or established gene–disease curation (e.g., no ClinGen/OMIM disease entity). Therefore most weight goes to Hypothesized, with meaningful residual probability that the pair is essentially Novel and only modest probability of a credible single human association."	828	941	0.027665	1
2025	BMP5	skeletal dysplasia	MONDO:0018230	1	39239663	Hypothesized	2.28	5	28	57	10	"BMP5 is the gene underlying the classic mouse ""short ear"" mutant, which shows reduced skeletal elements, altered rib/vertebral morphology, and defective cartilage/bone formation, providing very strong biological and animal-model rationale for a role in skeletal patterning and dysplasia. In humans, however, no Mendelian skeletal dysplasia has been definitively attributed to BMP5; unlike its paralogs GDF5/BMP2, it lacks replicated disease-causing variants in independent probands. There are scattered human data—GWAS signals for height, bone mineral density, and osteoarthritis-related traits near BMP5, and occasional reports of 6p12 deletions or rare variants in patients with craniofacial/ear and skeletal anomalies—which give some support to the ""Existing"" tier but are limited and not definitive. Accordingly, most weight falls on Hypothesized, with meaningful residual probability for Existing and little for Established or Novel."	808	918	0.02699	1
2024	APOA4	autosomal dominant medullary cystic kidney disease with or without hyperuricemia	MONDO:0008264	1	38096951	Existing	2.73	20	45	23	12	"The classic genes for autosomal dominant medullary cystic kidney disease/ADTKD are UMOD, MUC1, REN, HNF1B and SEC61A1, and APOA4 is not among the canonical causative genes. However, human reports of hereditary apolipoprotein A-IV amyloidosis (e.g., Leu64Pro, Asp33Asn variants) describe autosomal dominant, slowly progressive tubulointerstitial kidney disease with prominent medullary amyloid deposition, a phenotype that clinically mimics and has been explicitly described as presenting like ADTKD. This constitutes credible but limited human genetic evidence in a small number of families, favoring ""Existing,"" with some chance that curators consider the replicated familial amyloidosis reports sufficient for ""Established."" Additional support is biological/mechanistic (ApoA-IV accumulates in CKD, medullary tropism of the amyloid), which underpins the ""Hypothesized"" weighting. The possibility that the specific phenotype term is considered unrelated to APOA4 keeps a small ""Novel"" allocation."	903	1903	0.05209	1
2024	SUPT7L	lipodystrophy	MONDO:0006573	1	38592547	Novel	1.7	2	18	28	52	"SUPT7L encodes a subunit of the SAGA/STAGA transcriptional coactivator complex and is not among the recognized monogenic lipodystrophy genes (e.g., AGPAT2, BSCL2, LMNA, PPARG, PLIN1, CIDEC, LIPE, CAV1, CAVIN1), and I am aware of no replicated clinical reports of causal SUPT7L variants in lipodystrophy probands or families. Some indirect support exists because SUPT7L lies within the gene-dense 2p23.3 region (adjacent to GCKR/ZNF512/GPN1) that is robustly associated with triglycerides, hepatic fat and insulin resistance traits — features overlapping lipodystrophy-like ""limited adipose storage capacity"" phenotypes — but such GWAS signals are usually attributed to GCKR rather than SUPT7L, making direct evidence weak. Transcriptional coactivator complexes plausibly regulate adipocyte differentiation (PPARγ/C/EBP programs), giving a biologically reasonable but unproven mechanistic rationale, which supports a modest Hypothesized weighting. Overall, the pairing most likely reflects no established or specific evidence, so the bulk of probability lies with Novel, with meaningful residual mass on Hypothesized and a smaller allocation to Existing in case of an isolated locus-based or exome report I am not recalling."	803	1656	0.045415	1
2012	CFHR3	hemolytic uremic syndrome, atypical, susceptibility to, 1	MONDO:0009335	1	22626820	Established	3.34	48	40	10	2	"The CFHR3–CFHR1 deletion is one of the best-replicated genetic susceptibility factors for atypical hemolytic uremic syndrome, particularly the anti-factor H autoantibody–associated (DEAP-HUS) subtype, documented in multiple independent human cohorts (e.g., Zipfel et al. 2007, Józsi et al. 2008, Moore et al. 2010, and French/Spanish aHUS registries). These are human clinical genetic studies with replication, supporting an Established-level susceptibility (not fully penetrant Mendelian causation, consistent with the ""susceptibility to"" designation). Ambiguity remains because the deletion removes both CFHR3 and CFHR1, and functional work suggests loss of CFHR1 (and the resulting autoantibody development) may be the primary driver, so isolated CFHR3-specific causal variants are less well demonstrated. Additional CFHR3 involvement via hybrid/rearranged CFH-CFHR genes further supports a real but partly indirect role, justifying substantial weight also on Existing."	898	844	0.02559	1
2024	ZFTRAF1	neurodevelopmental disorder	MONDO:0700092	1	38641995	Established	3.45	58	32	7	3	"ZFTRAF1 (formerly C15orf39) was reported around 2023 in a multi-family study describing bi-allelic loss-of-function variants in consanguineous families (largely of Middle Eastern/South Asian origin) causing a neurodevelopmental disorder with global developmental delay, intellectual disability, hypotonia, microcephaly, and seizures. That report included several independent probands/families with segregation data and supporting functional/expression work, which meets criteria for a strong, replicated human causal association. However, the gene is relatively newly described and independent replication beyond the initial cohort collaboration is still limited, so some probability remains on ""Existing."" Purely biological/animal-model-only evidence (Hypothesized) or absence of any link (Novel) are unlikely given the published human genetic data."	838	683	0.021265	1
2024	ATP6V1C1	neurodevelopmental disorder	MONDO:0700092	1	39210597	Hypothesized	2.22	5	27	53	15	"ATP6V1C1 encodes the C1 subunit of the vacuolar H+-ATPase, a complex whose other subunits (ATP6V1A, ATP6V1B2, ATP6V0A1, ATP6V0C, ATP6V1E1, ATP6V0A2) are firmly established causes of developmental and epileptic encephalopathies, intellectual disability, and cutis laxa with neurodevelopmental features, giving strong biological/pathway rationale for a role in neurodevelopmental disorder. However, ATP6V1C1 itself has been studied mainly in osteoclast biology and cancer, and I am not aware of a well-replicated set of human probands with pathogenic ATP6V1C1 variants causing NDD, so ""Established"" is unlikely. Isolated de novo or biallelic candidate variants may have appeared in large developmental disorder/autism sequencing cohorts or single case reports, which would support ""Existing"" but at limited confidence. The strongest weight therefore falls on ""Hypothesized"" (pathway and functional relevance without definitive human genetic proof), with a modest residual probability that no meaningful evidence exists at all."	838	914	0.02704	1
2024	CFAP47	polycystic kidney disease	MONDO:0020642	1	39698362	Novel	1.46	1	4	35	60	CFAP47 (cilia and flagella associated protein 47) is an X-linked gene whose established human disease association is with multiple morphological abnormalities of the sperm flagella (MMAF)/asthenoteratozoospermia, with additional reports linking hemizygous variants to laterality defects/heterotaxy. I am not aware of any human genetic study reporting CFAP47 variants in patients with polycystic kidney disease or renal cystic phenotypes, and it is not part of standard PKD/ciliopathy diagnostic panels (PKD1, PKD2, PKHD1, GANAB, DNAJB11, HNF1B, and NPHP-related genes). A weak conceptual link exists because CFAP47 is a ciliary/flagellar protein and PKD is a canonical ciliopathy, so a pathway-level hypothesis could be argued; however, CFAP47 functions in motile axonemes rather than the renal primary cilium, and motile ciliopathies generally do not produce cystic kidney disease. Therefore most probability falls on Novel, with a substantial minority on Hypothesized based on generic ciliary biology, and minimal weight on Existing/Established.	813	916	0.026965	1
2024	IRAK2	immune dysregulation, autoimmunity, and autoinflammation	MONDO:0957790	1	39299377	Hypothesized	2.27	4	26	63	7	"IRAK2 is a core component of the MyD88–IRAK4–IRAK1/2 Myddosome that drives TLR/IL-1R–dependent NF-κB activation and post-transcriptional stabilization of inflammatory transcripts, and Irak2-deficient mice show blunted cytokine production and protection in inflammatory models — a very strong biological/pathway rationale that supports ""Hypothesized."" Unlike IRAK4 and IRAK1 (well-established human immunodeficiency and SLE-associated loci, respectively), no recurrent Mendelian human disease caused by IRAK2 variants has been convincingly reported in multiple independent probands, so ""Established"" is unlikely. Some human candidate-gene/GWAS-level reports have implicated IRAK2 variants in inflammatory or infection-related phenotypes (e.g., sepsis/ARDS susceptibility, airway/asthma-related traits, occasional inclusion in inflammatory bowel or autoimmune panels), which gives modest weight to ""Existing,"" though these are sparse and not robustly replicated. Given the clear mechanistic centrality of IRAK2 in innate immune signaling, ""Novel"" is improbable."	878	1167	0.033565	1
2024	AFDN	cleft lip/palate	MONDO:0016044	1	36384317	Hypothesized	2.16	4	23	58	15	"AFDN (afadin/MLLT4) encodes an adherens junction adaptor essential for cell–cell adhesion and epithelial integrity, and conditional/neural crest–specific deletion in mice produces craniofacial and palatal fusion defects, giving strong biological and animal-model plausibility for a role in orofacial clefting. Human genetic evidence is much weaker: biallelic AFDN variants are best characterized in intellectual disability/neurodevelopmental phenotypes rather than clefting, and I am not aware of robust, replicated human association or causal variant data specifically for cleft lip/palate. Some candidate-gene/exome or 6q27 deletion reports may include cleft-related craniofacial features, which could support a limited ""Existing"" designation, but such evidence is sparse and not definitive. Therefore the weight falls predominantly on Hypothesized, with a moderate allowance for Existing and little support for Established."	798	1131	0.032265	1
2024	KAT2B	steroid-resistant nephrotic syndrome	MONDO:0044765	1	39366742	Novel	1.81	3	17	38	42	"KAT2B (PCAF) is a lysine acetyltransferase involved in chromatin remodeling and transcriptional coactivation, but it is not among the recognized monogenic causes of steroid-resistant nephrotic syndrome (e.g., NPHS1, NPHS2, WT1, PLCE1, INF2, ACTN4, TRPC6, COQ-pathway and nucleoporin genes). I am not aware of replicated human genetic studies reporting pathogenic KAT2B variants in SRNS probands or families, so ""Established"" is very unlikely. There is plausible biological relevance—histone acetylation/deacetylation and KAT2B/GCN5 activity have been implicated in podocyte injury, TGF-β signaling and glomerular disease models (largely rodent and in vitro), which supports a ""Hypothesized"" relationship. A small residual probability is assigned to ""Existing"" in case KAT2B has appeared as a novel candidate gene in an exome/whole-genome sequencing cohort of nephrotic syndrome that I am not recalling, but incidental co-mention remains at least as likely."	843	1115	0.03209	1
2024	MMS19	neurodegenerative disease	MONDO:0005559	1	38411040	Hypothesized	2.18	3	27	55	15	"MMS19 encodes a core component of the cytosolic iron–sulfur cluster assembly (CIA) targeting complex, and defective Fe–S cluster biogenesis is a well-established mechanism in neurodegeneration (e.g., frataxin/Friedreich ataxia, NUBPL, NFU1, BOLA3), giving a strong biological/pathway rationale that supports ""Hypothesized."" Functional work (Stehling et al.) shows MMS19 loss impairs maturation of Fe–S proteins involved in DNA repair, iron homeostasis, and mitochondrial function, but most of this is cell-based or model-organism data rather than patient genetics. I have some recollection of isolated case-level reports of biallelic MMS19 variants in patients with a multisystem/neurodevelopmental phenotype with regression, which if confirmed would justify ""Existing,"" but this evidence is sparse and not clearly replicated in classical neurodegenerative disease. There is no robust, replicated human genetic evidence establishing MMS19 as a cause of neurodegenerative disease, so ""Established"" receives minimal weight. A small residual is left for ""Novel"" in case the human genetic reports do not exist or are unrelated to neurodegeneration."	808	1541	0.042565	1
2011	CNKSR1	neurodevelopmental disorder	MONDO:0700092	1	21937992	Hypothesized	2.01	3	20	52	25	"CNKSR1 encodes a multidomain scaffold (CNK1) for Ras/MAPK and Rho signaling, pathways central to RASopathies and synaptic development, and its paralog CNKSR2 is a well-established cause of X-linked intellectual disability/Houge-type syndrome with epilepsy — giving strong biological plausibility that supports a ""Hypothesized"" relationship. However, I am not aware of replicated, well-curated human genetic evidence (e.g., recurrent de novo variants in large NDD exome cohorts, ClinGen gene–disease validity classification) implicating CNKSR1 itself in neurodevelopmental disorder, so ""Established"" is very unlikely. There may be isolated candidate-variant reports or inclusion in 1p36.11 CNV/exome candidate lists, which would justify some weight for ""Existing,"" but such evidence would be limited and not definitive. A residual possibility remains that CNKSR1 is only incidentally co-mentioned with NDD through paralog analogy, keeping some weight on ""Novel."""	828	804	0.02424	1
2011	COQ5	neurodevelopmental disorder	MONDO:0700092	1	21937992	Existing	2.9	18	57	22	3	"COQ5 encodes a C-methyltransferase in the coenzyme Q10 biosynthetic pathway, and other COQ genes (COQ2, COQ4, COQ8A/ADCK3, COQ9, PDSS1/2) are well-established causes of primary CoQ10 deficiency with encephalopathy, developmental delay, and ataxia, giving strong biological plausibility. For COQ5 specifically, I recall a single human report (Malicdan et al., Human Mutation 2018) describing siblings from one family with a 3'UTR duplication causing reduced COQ5 protein, presenting with cerebellar ataxia, intellectual disability/developmental delay, and static encephalomyopathy, with supportive functional and yeast complementation data. This constitutes credible but limited, largely unreplicated human genetic evidence, best fitting ""Existing"" rather than ""Established,"" since replication in independent probands is sparse. Some probability remains for ""Established"" if additional families have since been reported, and for ""Hypothesized"" given that much of the supporting mechanistic work is in yeast/cell models."	818	842	0.02514	1
2016	MRPS23	combined oxidative phosphorylation deficiency 46	MONDO:0033534	1	26741492	Existing	3.1	28	57	12	3	"MRPS23 encodes a small subunit mitochondrial ribosomal protein, and biallelic variants have been reported in humans with combined oxidative phosphorylation deficiency (OMIM 618952, COXPD46), notably a patient with hepatic disease and multiple respiratory chain complex deficiencies described by Kohda et al. (2016), with supporting functional/complementation data. However, the number of independent probands/families reported is very small (essentially one to a few), so replication across multiple independent clinical studies is limited, which is why curation efforts have typically rated this gene–disease relationship as limited/moderate rather than definitive. This places most weight on ""Existing,"" with meaningful residual probability that additional cases published since have elevated it toward ""Established."" The clear biological relevance of mitoribosomal subunits to OXPHOS deficiency also supports a small ""Hypothesized"" allocation, while ""Novel"" is nearly excluded since the disease entity was defined by this gene."	858	787	0.023965	1
2013	DDX59	ciliopathy	MONDO:0005308	3	23972372	Established	3.31	45	43	10	2	DDX59 biallelic variants were first linked to orofaciodigital syndrome (OFD type V / Váradi-Papp-like phenotype) by Shamseldin et al. (2013) in a consanguineous family, with supporting functional work showing that DDX59 depletion impairs ciliogenesis and Sonic hedgehog signaling; Salpietro et al. and subsequent case reports described additional independent patients with ECO/OFD-spectrum features. OFD syndromes are canonically classified as ciliopathies, so the phenotype maps directly onto the queried disease category. However, the total number of reported human families remains small and gene–disease validity has generally been curated as limited-to-moderate rather than definitive, and some authors question whether DDX59 acts through a strictly ciliary mechanism. Points are therefore split roughly evenly between Established and Existing, with a small residual for a purely biology-based (Hypothesized) interpretation.	793	893	0.02629	1
2011	PRICKLE2	complex neurodevelopmental disorder	MONDO:0100038	3	21276947	Existing	2.98	22	56	20	2	"PRICKLE2 (a planar cell polarity gene at 3p14.1) has human genetic evidence linking it to neurodevelopmental phenotypes: Sowers et al. (2013, Molecular Psychiatry) reported rare missense variants and a deletion disrupting PRICKLE2 in patients with autism spectrum disorder, supported by Prickle2-knockout mouse behavioral and synaptic phenotypes; Tao et al. (2011, AJHG) implicated PRICKLE2 variants in myoclonic epilepsy, and 3p14 deletions involving PRICKLE2 have been described in patients with developmental delay, intellectual disability, seizures, and autistic features. These reports are credible human findings but involve small numbers of probands, incomplete segregation/penetrance data, and limited independent replication, so the gene is not firmly established as a definitive cause of a complex neurodevelopmental disorder. Much of the mechanistic support (synaptic PSD-95/NMDA receptor interactions, Wnt/PCP signaling, mouse behavior) is non-human, which supports but does not upgrade the human evidence. Therefore the weight falls mainly on ""Existing,"" with a moderate share for ""Established"" and a meaningful share for ""Hypothesized."""	843	863	0.02579	1
2016	WBP2	hearing loss, autosomal recessive	MONDO:0019588	1	26881968	Existing	2.89	15	62	20	3	"WBP2 is listed as the gene for DFNB107, autosomal recessive nonsyndromic hearing loss, based principally on a single 2016 study (Buniello et al., EMBO Mol Med) that combined a Wbp2-null mouse model showing progressive hearing loss and abnormal cochlear glutamatergic synapses with the identification of homozygous WBP2 variants in two consanguineous human families with childhood-onset progressive deafness. This provides credible human genetic evidence, but it comes from one report with few probands and has not been robustly replicated in independent cohorts; gene-curation efforts have generally rated the evidence as limited rather than definitive. Therefore ""Existing"" is the most probable category, with some residual probability for ""Established"" (should later families/reports exist) and for ""Hypothesized"" (if the human evidence is judged insufficient and only the mouse/functional cochlear data are counted). ""Novel"" is very unlikely given the explicit OMIM DFNB107 designation."	828	797	0.024065	1
2011	ZBTB40	neurodevelopmental disorder	MONDO:0700092	1	21937992	Novel	1.93	3	24	36	37	"ZBTB40 is best characterized as a 1p36 bone mineral density GWAS locus and, more recently, as a cause of recessive osteogenesis imperfecta–like skeletal disease, not as a neurodevelopmental disorder gene. I am not aware of any replicated clinical cohort establishing that ZBTB40 variants cause intellectual disability, autism, or global developmental delay, so ""Established"" is very unlikely. Some weak support could come from sporadic de novo variants reported in large exome/sequencing studies of developmental disorders or autism, and from its location within/near the 1p36 deletion region associated with developmental delay, which would justify limited ""Existing"" weight. Its biology as a BTB-zinc finger transcription factor with broad expression, including brain, provides a plausible but unproven mechanistic rationale, supporting ""Hypothesized."" Overall the evidence base is thin, so substantial probability remains that any co-mention is incidental (""Novel"")."	828	854	0.02549	1
2013	FLRT3	hypogonadotropic hypogonadism 21 with or without anosmia	MONDO:0014107	2	23643382	Existing	2.96	15	68	15	2	"FLRT3 was designated HH21 in OMIM based on Miraoui et al. (2013, AJHG), which reported rare heterozygous missense variants in FLRT3 among patients with congenital hypogonadotropic hypogonadism/Kallmann syndrome, framed as part of the FGF8/FGFR1 signaling network (alongside FGF17, IL17RD, DUSP6, SPRY4). This provides credible human genetic evidence, but the variants were mostly heterozygous, frequently in an oligogenic context, with limited segregation data and little independent replication in subsequent CHH cohorts; some gene-curation efforts classify FLRT3 as limited/disputed. Supporting biology (FLRT3 as an FGFR1-interacting protein and its role in FGF signaling and neuronal/axon guidance) strengthens plausibility but is largely functional/in vitro. Therefore ""Existing"" is most appropriate, with modest weight to ""Established"" (given OMIM phenotype designation) and to ""Hypothesized"" (if the human variant evidence is judged insufficient)."	888	969	0.028665	1
2012	SLC4A8	schizophrenia	MONDO:0005090	1	23042115	Hypothesized	2.0	2	24	46	28	"SLC4A8 (NDCBE) is a neuronally expressed sodium-driven chloride/bicarbonate exchanger that regulates intracellular and synaptic pH, neuronal excitability, and GABA-A/glutamatergic signaling, and knockout mice show altered excitability and affective/behavioral phenotypes — this biology provides a plausible but indirect rationale for a role in psychosis, favoring ""Hypothesized."" I am not aware of a genome-wide significant schizophrenia GWAS locus at SLC4A8; the well-replicated schizophrenia solute-carrier hit is SLC39A8 (A391T), which is frequently confused with SLC4A8. Some candidate-gene, rare-variant, CNV, or brain-expression studies may have listed SLC4A8 among suggestive findings, so a modest probability is given to ""Existing,"" but such reports would be limited and unreplicated. There is essentially no basis for ""Established."" A substantial share remains on ""Novel"" because the gene may only appear incidentally in large screens without any specific human genetic evidence."	803	926	0.027165	1
2015	USP27X	X-linked intellectual disability	MONDO:0100284	3	25846153	Existing	3.12	30	55	12	3	"USP27X was identified as a candidate X-linked intellectual disability gene in the large X-exome sequencing study of unresolved ID families (Hu et al., Mol Psychiatry 2016), which reported a truncating variant segregating in an affected family, and it has an OMIM entry for X-linked intellectual developmental disorder (MRX105). This constitutes credible human genetic evidence, but the number of independently reported probands/families remains small and replication is sparse, so most curation efforts would classify the evidence as limited rather than definitive. Supporting biology (deubiquitinase acting on substrates such as MCL1 and involvement in neuronal/ubiquitin-proteasome pathways) adds plausibility but is secondary to the human data. Therefore the weight falls mainly on ""Existing,"" with a meaningful minority chance that accumulated case reports now justify ""Established,"" and little support for ""Novel."""	808	820	0.02454	1
2013	TNK2	genetic generalized epilepsy	MONDO:0100575	3	23686771	Existing	2.32	5	42	33	20	"TNK2 (ACK1) is a non-receptor tyrosine kinase that has been implicated in human epilepsy through a report of biallelic/de novo TNK2 variants in severe infantile-onset epilepsy (Hitomi et al., Ann Neurol 2013), with supporting functional data on synaptic/dendritic signaling; it is consequently included on some epilepsy gene panels. However, that phenotype is an early-onset epileptic encephalopathy rather than classic genetic generalized (idiopathic generalized) epilepsy, and I am not aware of replicated GGE-specific association from case–control cohorts or GWAS. Thus there is at least one credible human genetic report linking TNK2 to epilepsy broadly, which supports ""Existing"" for a related epilepsy phenotype, but the link to GGE specifically is indirect. Substantial weight also goes to ""Hypothesized,"" since much of the mechanistic support is functional/in vitro and pathway-based, and some weight to ""Novel"" because GGE proper may have no TNK2 evidence at all. Evidence is clearly insufficient for ""Established."""	818	1139	0.032565	1
2013	SIRT1	autoimmune disease	MONDO:0007179	1	23473037	Existing	2.75	10	57	31	2	"There is credible human genetic evidence linking SIRT1 to autoimmunity, most notably the report of a rare SIRT1 missense variant (Leu107Pro) segregating with autoimmune type 1 diabetes in a Dutch family (Biason-Lauber et al., Cell Metabolism 2013), plus candidate-gene association studies of SIRT1 polymorphisms (e.g., rs3758391, rs7895833) with multiple sclerosis, rheumatoid arthritis, Behçet's disease, and autoimmune thyroid disease in various populations. These findings are generally single-study, modest in size, and inconsistently replicated, and SIRT1 is not a robust genome-wide significant locus for major autoimmune diseases, so ""Established"" is unlikely. Substantial supporting biology exists independent of genetics—SIRT1 deacetylates FoxP3, RORγt, and NF-κB, regulating Treg/Th17 balance, and Sirt1-deficient mice develop lupus-like autoimmunity and reduced SIRT1 expression is seen in SLE and RA patients—which would place it at least in ""Hypothesized"" if the human genetic reports were discounted. Weighting accordingly, ""Existing"" is the most probable category with meaningful residual probability for ""Hypothesized."""	803	948	0.027715	1
2017	INTS8	neurodevelopmental disorder with cerebellar hypoplasia and spasticity	MONDO:0032818	1	28542170	Existing	3.25	42	44	11	3	"INTS8 is listed in OMIM as the cause of ""neurodevelopmental disorder with cerebellar hypoplasia and spasticity"" (NEDCHS), based primarily on Oegema et al. (2017, PLoS Genetics), which reported biallelic INTS8 variants in affected human siblings with severe developmental delay, cerebellar hypoplasia/atrophy, and spasticity, alongside INTS1 variants in a related Integrator-complex phenotype. That work included human patient genetics plus functional support (impaired snRNA 3′-end processing, disrupted Integrator complex assembly), making the causal link credible. However, the number of independent probands/families is small and replication in additional unrelated families has been limited, so the evidence sits at the boundary between definitive and limited (ClinGen-style ""moderate/limited""). Purely hypothesized or novel classifications are unlikely given direct human variant evidence with matching phenotype."	903	965	0.02864	1
2011	MYBPC3	congenital heart disease	MONDO:0005453	9	22194935	Existing	2.59	12	45	33	10	"MYBPC3 is definitively established as a cause of hypertrophic cardiomyopathy (and biallelic truncating variants cause severe neonatal/infantile cardiomyopathy and left ventricular non-compaction), but these are cardiomyopathies rather than structural congenital heart disease per se. Human evidence linking MYBPC3 to structural CHD is more limited: rare/de novo and inherited MYBPC3 variants have been reported in CHD cohorts (e.g., sarcomere-gene screens, exome studies of CHD probands, LVNC co-occurring with septal defects or Ebstein-like anomalies), though sarcomere genes such as MYH6 and MYH7 carry far stronger CHD evidence. Because MYBPC3 causes congenital-onset cardiac disease and non-compaction phenotypes that overlap with recognized CHD spectrum, ""Existing"" is the most defensible category, with genuine support also for a purely biological/hypothesized link via sarcomere function in cardiac development. Established is unlikely given no replicated demonstration that MYBPC3 variants cause structural malformations across independent probands, and Novel is improbable given repeated human co-occurrence reports."	808	1018	0.02949	1
2014	SETD1A	epilepsy, early-onset, with or without developmental delay	MONDO:0030005	3	24853937	Established	3.43	55	35	8	2	"SETD1A is an OMIM-recognized disease gene, and ""Epilepsy, early-onset, with or without developmental delay"" (MIM 618832) is attributed to heterozygous de novo/loss-of-function SETD1A variants, based on a cohort report of multiple unrelated probands with early-onset seizures. Additional human evidence comes from broader SETD1A neurodevelopmental disorder cohorts (e.g., Kummeling et al., 2021) in which a substantial subset of individuals have epilepsy, as well as large de novo variant studies in developmental disorders and schizophrenia. This constitutes replicated human genetic evidence supporting causality, favoring ""Established."" Some residual uncertainty remains because much of the epilepsy-specific evidence stems from a limited number of cohorts and the phenotype is variably penetrant within the broader SETD1A neurodevelopmental spectrum, which is why meaningful weight is retained for ""Existing."""	858	1102	0.03184	1
2015	CLPB	Leigh syndrome	MONDO:0009723	4	25597510	Hypothesized	2.03	4	20	51	25	Biallelic CLPB variants are well established as causing 3-methylglutaconic aciduria type VII with cataracts, neurologic involvement and neutropenia (MEGCANN), and monoallelic variants cause severe congenital neutropenia; however, the classic neuroimaging phenotype is brain atrophy, delayed myelination and corpus callosum abnormalities rather than the symmetric basal ganglia/brainstem lesions defining Leigh syndrome. CLPB is not typically included in curated Leigh syndrome gene panels or major Leigh syndrome cohort studies, so replicated human evidence for a causal Leigh phenotype is lacking. Nonetheless, CLPB encodes a mitochondrial intermembrane-space disaggregase, and its deficiency produces a mitochondrial encephalopathy with 3-MGA-uria, making the biology directly relevant and Leigh-like presentations plausible; isolated case reports describing Leigh-like MRI features cannot be excluded. I therefore weight Hypothesized most heavily, with meaningful probability for Existing (a single or few human case reports) and residual weight for Novel, and minimal weight for Established.	798	1086	0.03114	1
2014	IARS2	Leigh syndrome	MONDO:0009723	4	25130867	Existing	3.21	38	48	11	3	"IARS2 encodes the mitochondrial isoleucyl-tRNA synthetase, and biallelic variants are well established as causing a multisystem mitochondrial disorder, most classically CAGSSS syndrome (cataracts, growth hormone deficiency, sensory neuropathy, sensorineural hearing loss, skeletal dysplasia), with additional reported phenotypes including sideroblastic anemia and infantile encephalopathy. Several human case reports specifically describe Leigh or Leigh-like syndrome with characteristic basal ganglia/brainstem MRI lesions in patients with biallelic IARS2 variants (e.g., Japanese siblings reported with CAGSSS, Leigh and West syndrome, and additional isolated Leigh-syndrome probands), which supports at least the ""Existing"" level and arguably ""Established."" However, the number of independent Leigh-syndrome probands is relatively small compared with the broader IARS2 phenotype, so replication for this specific phenotype is limited. Mechanistically, defects in mitochondrial aminoacyl-tRNA synthetases are a recognized and common cause of Leigh syndrome through impaired mitochondrial translation and OXPHOS deficiency, making the biological link highly plausible. I therefore weight Existing highest, with substantial probability on Established and little on Hypothesized or Novel."	803	1173	0.03334	1
2015	HNRNPA0	Tourette syndrome	MONDO:0007661	3	25716654	Novel	1.56	2	12	26	60	"Well-supported Tourette syndrome candidate genes from human studies include SLITRK1, HDC, CELSR3, WWC1, NRXN1, CNTNAP2, AADAC, IMMP2L, and the FLT3 locus from GWAS; HNRNPA0 is not among the recognized or replicated candidates. I am not aware of any linkage, GWAS, CNV, or de novo variant study specifically implicating HNRNPA0 in Tourette syndrome or in tic disorders. HNRNPA0 encodes a broadly expressed hnRNP involved in mRNA stability and stress-response (MK2/p38) signaling, and other hnRNP family members (e.g., HNRNPU, HNRNPH2) are linked to neurodevelopmental phenotypes, which provides only a weak, generic biological rationale that could support a ""hypothesized"" classification. Any appearance of HNRNPA0 in TS literature would most likely be incidental (e.g., within a large CNV region or an unreplicated exome hit). Therefore most probability mass falls on Novel, with a moderate allocation to Hypothesized and a small allowance for an obscure single-study human association."	818	1059	0.030565	1
2016	ITSN1	complex neurodevelopmental disorder	MONDO:0100038	2	28773821	Existing	2.93	25	47	24	4	"ITSN1 lies in the chromosome 21q22 region implicated in Down syndrome and encodes a scaffold protein central to clathrin-mediated synaptic vesicle endocytosis and Cdc42/Ras GEF signaling in neurons, providing strong biological plausibility (and mouse knockouts show learning and behavioral deficits), which supports the Hypothesized tier. Beyond biology, human genetic data exist: rare protein-truncating and de novo variants in ITSN1 have been reported in autism/developmental disorder exome cohorts and the gene is highly loss-of-function intolerant, and 21q22.11 microdeletions encompassing ITSN1 have been described in patients with developmental delay. Large-scale burden analyses (e.g., UK Biobank/Genomics England work linking ITSN1 PTVs to Parkinson's disease) also cite prior associations of ITSN1 haploinsufficiency with neurodevelopmental phenotypes. However, ITSN1 has not reached genome-wide/definitive gene-level significance as a standalone NDD gene in the largest ASD/DD consortia analyses, and replication in independent well-phenotyped probands is limited, so full ""Established"" status is not clearly met. The weight therefore falls mostly on ""Existing,"" with meaningful residual probability for ""Established"" and ""Hypothesized."""	833	1386	0.038815	1
2021	ILK	familial dilated cardiomyopathy	MONDO:0016333	1	33947203	Existing	2.64	7	55	33	5	"ILK (integrin-linked kinase) is a core component of the cardiomyocyte costamere/focal adhesion complex, a pathway repeatedly implicated in dilated cardiomyopathy, and zebrafish (main squeeze) and cardiac-specific knockout mouse models develop dilated cardiomyopathy—strong biological/animal support. Human genetic evidence exists primarily from Knöll et al. (Circulation 2007), which reported rare ILK missense variants (e.g., A262V, P70L) in DCM patients alongside LAMA4 variants, with functional zebrafish rescue experiments. However, this evidence rests largely on a single report with few probands and limited independent replication or segregation data, and gene-curation efforts have generally rated ILK–DCM as limited/disputed rather than definitive. Therefore ""Existing"" is the most likely category, with substantial residual probability on ""Hypothesized"" if the human variant evidence is judged insufficient and the case rests mainly on model organisms."	818	715	0.021965	1
2017	CENPT	short stature and microcephaly with genital anomalies	MONDO:0032875	1	29228025	Existing	2.99	27	50	18	5	"CENPT encodes a constitutive centromere-associated network (CCAN) kinetochore component, and several centromere/kinetochore genes (CENPE, CENPJ, CENPF) are established causes of microcephalic growth-restriction syndromes, making the biology highly plausible. I recall a specific human report of biallelic CENPT variants in a consanguineous family with short stature, microcephaly and genital/gonadal anomalies, which corresponds to a named OMIM phenotype, supporting at least ""Existing"" level human genetic evidence. However, to my knowledge the evidence rests on very few probands/families with limited independent replication, so a fully ""Established"" classification is uncertain. Some weight remains for ""Hypothesized"" in case the human data are largely supported by functional/cellular experiments rather than multiple independent clinical cohorts, and a small residual probability for ""Novel"" if I am conflating CENPT with another CENP-family gene."	838	1560	0.04319	1
2018	HKDC1	retinitis pigmentosa	MONDO:0019200	1	30085091	Novel	1.52	2	8	30	60	HKDC1 (hexokinase domain containing 1) is primarily characterized in glucose metabolism, gestational diabetes, hepatic glucose handling, and more recently cancer metabolism; I am not aware of any human genetic study implicating HKDC1 variants in retinitis pigmentosa or other inherited retinal dystrophies. It is not listed among RetNet retinal disease genes. The main plausible link is indirect: its close paralog HK1 harbors a recurrent p.Glu847Lys variant causing autosomal dominant RP (RP79), which could motivate hypotheses that hexokinase-family dysfunction, photoreceptor glucose metabolism, or HKDC1 expression in retina contributes to degeneration, but such reasoning is largely speculative and not supported by dedicated functional or model studies of HKDC1 in retina. Therefore most weight falls on Novel, with a meaningful minority on Hypothesized due to pathway/paralog biology, and only small probabilities for Existing or Established in case of an obscure candidate-gene or exome report I am unaware of.	818	787	0.023765	1
2024	SERPINA11	hydrops fetalis	MONDO:0015193	1	38831697	Novel	1.29	1	4	18	77	SERPINA11 is a poorly characterized member of the SERPINA gene cluster on 14q32.1 with no established human disease phenotype and no OMIM disease entry. Known monogenic causes of non-immune hydrops fetalis include alpha-thalassemia (HBA1/HBA2), lysosomal storage disorders, RASopathies, lymphatic development genes (e.g., PIEZO1, EPHB4, RASA1), and cardiac/metabolic genes—SERPINA11 is not among reported candidates in the large exome/genome sequencing cohorts of hydrops. Some serpins have plausible relevance to coagulation, complement, or vascular/lymphatic biology, which leaves a small margin for a purely biological/hypothetical link, and SERPINA11 could conceivably appear as an incidental variant in a fetal sequencing study, but I am not aware of any credible human genetic report. The evidence therefore overwhelmingly supports a Novel classification, with a modest allowance for hypothesized pathway-level plausibility.	813	673	0.02089	1
2022	ZNF862	hereditary gingival fibromatosis	MONDO:0016070	1	35142290	Existing	2.97	20	62	13	5	"I recall a human genetic study (International Journal of Oral Science, ~2022) reporting a novel heterozygous variant in ZNF862 segregating with hereditary gingival fibromatosis in a Chinese family, supported by functional experiments in gingival fibroblasts showing effects on proliferation and extracellular matrix/collagen pathways. This constitutes credible human genetic evidence, but to my knowledge it derives essentially from a single family/report without broad independent replication across multiple unrelated probands, unlike SOS1 (GINGF1) or the more recently reported REST variants. Therefore the evidence best fits ""Existing,"" with some probability that additional confirmatory families have since been published, which would push it toward ""Established."" A small residual probability is assigned to purely biological/functional support only, and minimal probability to no evidence at all."	833	678	0.021115	1
2018	IFT74	spermatogenic failure 58	MONDO:0030463	3	29068549	Existing	3.13	30	55	13	2	"IFT74 encodes an intraflagellar transport-B core component essential for flagellar/ciliary assembly, and it is a recognized disease gene for Bardet-Biedl syndrome and short-rib thoracic dysplasia. For male infertility, Lorès and colleagues reported a homozygous missense (and related) IFT74 variant in an infertile man with asthenozoospermia/abnormal flagella without syndromic ciliopathy features, supported by functional and model-organism data, and this underlies the OMIM designation spermatogenic failure 58. The human genetic evidence is credible but derives from a small number of probands with limited independent replication, favoring ""Existing"" over ""Established."" Some weight remains for ""Established"" in case additional cohorts (e.g., Chinese asthenoteratozoospermia series) have replicated bi-allelic IFT74 variants, and a small residual weight for ""Hypothesized"" if much of the support is animal/in vitro."	813	1105	0.03169	1
2021	NEBL	familial dilated cardiomyopathy	MONDO:0016333	1	33947203	Existing	2.71	12	52	31	5	"NEBL encodes nebulette, a cardiac Z-disc/thin-filament anchoring protein, giving strong biological plausibility for dilated cardiomyopathy. Purevjav et al. (JACC 2010) reported rare missense variants (e.g., K60N, Q128R, G202R, A592E) in human DCM probands, supported by transgenic mouse models recapitulating DCM, and subsequent case reports have linked NEBL to pediatric DCM/left ventricular noncompaction. However, replication in independent large cohorts has been weak, segregation data are sparse, and formal ClinGen gene–disease curation for DCM has downgraded NEBL to limited/disputed status, with much of the supporting evidence being murine or in vitro. Therefore the human genetic evidence best fits ""Existing"" rather than ""Established,"" with substantial residual weight on ""Hypothesized"" because much of the causal support is model-organism/functional rather than definitive human variant data."	823	944	0.027715	1
2018	GATC	inborn mitochondrial metabolism disorder	MONDO:0004069	1	30283131	Established	3.38	52	36	10	2	"GATC encodes a subunit of the mitochondrial glutamyl-tRNA(Gln) amidotransferase (GatCAB) complex, essential for mitochondrial translation, so its biology is directly relevant to oxidative phosphorylation disorders. Human genetic evidence exists: Friederich et al. (2018) reported biallelic pathogenic variants in QRSL1, GATB, and GATC in patients with lethal infantile mitochondrial cardiomyopathy/combined oxidative phosphorylation deficiency, with functional validation (reduced OXPHOS complexes, rescue experiments). GATC is recognized in OMIM as the gene for combined oxidative phosphorylation deficiency 42, supporting an established causal role. However, the number of independent GATC probands is small compared with QRSL1/GATB, so some curation frameworks might classify the evidence as moderate/limited rather than definitive, justifying substantial weight on ""Existing."""	833	1052	0.030465	1
2023	ATG9A	immunodeficiency disease	MONDO:0021094	1	35838483	Hypothesized	1.86	2	10	60	28	"ATG9A is a core autophagy machinery protein with well-documented roles in innate immunity, including trafficking of STING from the ER/Golgi and regulation of cGAS–STING type I interferon signaling, inflammasome control, xenophagy of intracellular bacteria, and antigen presentation — providing a strong biological rationale linking it to immune function. However, the human genetic disease associations reported for ATG9A to date are primarily biallelic variants in neurodevelopmental phenotypes (developmental delay, hypotonia, brain malformations), not a defined inborn error of immunity. Most immune-related evidence derives from cell lines, knockout/knockdown systems, and mouse models rather than patients with immunodeficiency. I therefore weight ""Hypothesized"" heavily, allow a modest probability that an isolated case report or immunophenotyping study in a patient exists (""Existing""), and retain some probability that co-mentions are incidental (""Novel""). Established causation in independent human probands with immunodeficiency is very unlikely."	808	868	0.02574	1
2018	CALCRL	lymphatic malformation 8	MONDO:0032907	1	30115739	Existing	3.05	25	57	16	2	"CALCRL is the gene assigned to lymphatic malformation 8 (LMPHM8, autosomal recessive nonimmune hydrops fetalis with lymphatic dysplasia) in OMIM, based principally on a single consanguineous family reported by Mackie et al. (J Exp Med, 2018) in which a homozygous hypomorphic variant affecting the translation start codon segregated with recurrent fetal hydrops and lymphatic dysplasia. This human genetic finding was supported by strong functional work and by Calcrl/Ramp2/adrenomedullin-pathway knockout mice, which show lymphatic hypoplasia and hydrops, making the biology highly relevant. However, replication in independent probands or families is sparse, so the evidence is credible but not definitive—consistent with ""Existing"" (limited/moderate) rather than ""Established."" A modest allocation to Established reflects the multiple affected individuals within the reported family and the compelling functional support, while Hypothesized retains some weight because much of the mechanistic proof derives from mouse and in vitro models."	813	1058	0.030515	1
2019	HIVEP1	complex neurodevelopmental disorder	MONDO:0100038	1	31130284	Hypothesized	2.1	4	25	48	23	"HIVEP1 (Schnurri-1, ZAS1) is best known from human GWAS for venous thromboembolism, not neurodevelopmental phenotypes. Its paralog HIVEP2 (Schnurri-2) is a well-established cause of intellectual disability/developmental delay with de novo loss-of-function variants, which makes HIVEP1 a strong biological candidate through shared NF-κB/BMP-signaling transcriptional regulation and brain expression; this supports a ""Hypothesized"" weighting. There may be scattered candidate variants reported in large exome/CNV cohorts (e.g., de novo variants in DD/ASD trio studies or 6p24 deletions), but I am not aware of replicated, statistically robust human evidence establishing HIVEP1 as a bona fide NDD gene. Therefore most probability sits in Hypothesized, with meaningful mass for Existing (isolated human case-level reports) and some for Novel if no human variant evidence exists, and very little for Established."	838	1023	0.029765	1
2023	VEZF1	cardiomyopathy, dilated, 100	MONDO:0859381	1	36657711	Hypothesized	1.84	3	15	45	37	"VEZF1 (ZNF161) is a zinc-finger transcription factor best characterized in vascular/endothelial development, regulating targets such as endothelin-1 and IL-3, with knockout mice showing embryonic vascular remodeling defects — biology that is cardiovascular-relevant but not specifically tied to myocardial dilatation. I am not aware of replicated human genetic studies, families, or curated gene–disease validity assessments (e.g., ClinGen/GenCC DCM panels) that list VEZF1 as a dilated cardiomyopathy gene; standard DCM gene panels do not include it. At most, VEZF1 might appear as a candidate from a single exome/CNV or GWAS-adjacent report or as a modifier in cardiac transcriptional networks, which would only support ""Existing"" weakly. Because the strongest supporting data are animal/in vitro and pathway-level rather than human variant-based, most weight belongs in Hypothesized, with substantial probability that any co-mention is incidental (Novel)."	843	896	0.026615	1
2023	RAB35	neurodevelopmental disorder	MONDO:0700092	2	36928819	Hypothesized	2.26	7	25	55	13	"RAB35 is a small GTPase with strong neurobiological relevance: it regulates endosomal recycling, cytokinesis, exosome release, and neurite outgrowth/neuronal polarity (via ACAP2, MICAL-L1, DENND1/connecdenn GEFs), and is highly expressed in brain, with rodent and cell models showing effects on neurite extension and synaptic protein trafficking. Several related Rab-family genes (RAB11A/B, RAB39B, RAB18, RAB3GAP1/2) are established neurodevelopmental disease genes, providing pathway-level support but not direct evidence for RAB35. My recollection of human genetic data for RAB35 is limited—there may be isolated de novo or candidate variants reported in developmental delay/intellectual disability cohorts or large exome/denovo-enrichment datasets, but I am not aware of a replicated, well-curated gene–disease validation. Therefore the biology-based ""Hypothesized"" category is most probable, with meaningful weight on ""Existing"" if a single small human report exists, and low weight on ""Established."""	818	1078	0.03104	1
2018	HKDC1	retinitis pigmentosa 92	MONDO:0030619	1	30085091	Existing	3.0	25	55	15	5	"The existence of a numbered OMIM phenotype ""retinitis pigmentosa 92"" tied to HKDC1 implies that at least one human genetic study reported (likely biallelic) HKDC1 variants segregating with non-syndromic RP, which satisfies the ""Existing"" threshold. My recollection is that this designation rests on a small number of recent reports (a few consanguineous or otherwise limited families), possibly with supporting functional or model-organism data, rather than broad independent replication across many cohorts. HKDC1 is primarily known for hexokinase activity and glucose metabolism (e.g., gestational diabetes associations), so photoreceptor-relevant metabolic biology provides a plausible mechanism but is largely supportive rather than definitive. Therefore most weight goes to ""Existing,"" with meaningful probability on ""Established"" if independent families have since been published, a smaller share to ""Hypothesized"" if the human variant evidence is weaker than the OMIM designation suggests, and minimal weight to ""Novel."""	828	1057	0.030565	1
2018	STK33	spermatogenic failure 93	MONDO:0971000	2	29155043	Existing	3.22	38	48	12	2	"STK33 encodes a testis-enriched serine/threonine kinase required for sperm flagellar development and motility; Stk33-null mice and knockout non-human primates are infertile with asthenoteratozoospermia, and STK33 has been pursued as a reversible male contraceptive target (e.g., inhibitor CDD-2807). Importantly, the existence of a dedicated OMIM entry (spermatogenic failure 93) implies at least one human report of biallelic loss-of-function/missense STK33 variants in infertile men with oligo-astheno-teratozoospermia, supported by functional modeling. Because such human genetic evidence appears to derive from a small number of probands/families with limited independent replication, ""Existing"" is most likely, with substantial probability that multiple independent human reports now justify ""Established."" Purely hypothesized status is unlikely given human variant data, and ""Novel"" is essentially excluded by the strong, direct spermatogenesis biology."	808	1206	0.03419	1
2020	SLC51A	cholestasis, progressive familial intrahepatic, 6	MONDO:0030360	1	31863603	Existing	2.91	22	52	21	5	SLC51A encodes OSTα, which heterodimerizes with OSTβ (SLC51B) to mediate basolateral bile acid efflux from enterocytes and hepatocytes, making it mechanistically central to bile acid handling and cholestasis. Human evidence exists: biallelic SLC51A variants were reported in patients with congenital chronic diarrhea, cholestasis, and liver fibrosis (e.g., Gao et al., Hepatology 2020), paralleling the earlier SLC51B/OSTβ deficiency cases; this places SLC51A within the PFIC gene family (typically catalogued as a distinct PFIC subtype rather than PFIC6, which is usually attributed to MYO5B). Because the human reports involve only one or very few probands and the exact numbered PFIC designation may not match, the evidence is credible but limited rather than replicated and definitive. Strong supporting functional/mouse data (Ostα-null mice with altered bile acid homeostasis) also justify some weight on Hypothesized, while Novel is unlikely given the clear biological and clinical link.	863	1342	0.037865	1
2022	TRIM47	genetic cerebral small vessel disease	MONDO:0018787	1	35511193	Existing	2.85	12	63	23	2	"TRIM47 lies within the chromosome 17q25.1 locus (TRIM47/TRIM65/WBP2/UNC13D region) that is among the most robustly replicated GWAS signals for white matter hyperintensity burden, a canonical MRI marker of cerebral small vessel disease, with replication across multiple human cohorts (CHARGE, UK Biobank, stroke consortia) and links to lacunar stroke. These are human genetic association data for common variants and for a precursor/subtype phenotype rather than proof that TRIM47 mutations cause a Mendelian small vessel disease, which best fits ""Existing."" Supporting mechanistic work—endothelial-enriched TRIM47 expression, blood–brain barrier dysfunction and white matter changes in Trim47-deficient mice, and eQTL/fine-mapping nominating TRIM47 as the causal gene at the locus—strengthens biological plausibility but is largely non-human, so some weight goes to ""Hypothesized."" A small probability is retained for ""Established"" because of the breadth of replication and convergent functional validation, and ""Novel"" is essentially excluded."	833	1092	0.031465	1
2022	NRG1	peripheral neuropathy	MONDO:0005244	1	35485770	Hypothesized	2.16	3	17	73	7	"NRG1 (neuregulin-1) type III is one of the best-characterized axonal signals controlling Schwann cell development, myelination, myelin sheath thickness, remyelination, and nerve regeneration via ErbB2/ErbB3 receptors, making its biology directly and strongly relevant to peripheral neuropathy — but this evidence comes overwhelmingly from mouse models and in vitro work, which supports ""Hypothesized."" In humans, NRG1 sequence variants are well known in schizophrenia and Hirschsprung disease, not as a Mendelian cause of hereditary neuropathy; NRG1 is not listed among CMT/inherited neuropathy genes in clinical gene panels. There is limited human work measuring soluble/serum NRG1 levels as a biomarker or candidate modifier in CMT1A and diabetic neuropathy, and some candidate-gene/expression studies, which could provide weak ""Existing"" support, though these are expression rather than clear variant-based association. No replicated human genetic studies demonstrate causality, so ""Established"" is very unlikely. ""Novel"" is also unlikely given the extensive mechanistic literature tying NRG1 to peripheral nerve myelination and injury responses."	808	935	0.027415	1
2022	GTF3A	herpes simplex encephalitis	MONDO:0012521	1	36399538	Hypothesized	2.11	4	26	47	23	"GTF3A encodes TFIIIA, a general transcription factor required for RNA polymerase III–mediated transcription; Pol III is a well-described cytosolic sensor of AT-rich viral DNA (including HSV-1) that generates 5'-triphosphate RNA ligands for RIG-I and type I IFN induction, a pathway central to the forebrain-specific antiviral immunity implicated in herpes simplex encephalitis (HSE). Human inborn errors in related Pol III components (POLR3A, POLR3C, POLR3E, POLR3F) and other Pol III–linked genes (e.g., SNORA31, DBR1) have been reported in severe herpesvirus disease and HSE, giving GTF3A strong biological/pathway plausibility. However, I am not aware of robust, replicated human genetic evidence that GTF3A variants cause HSE, and any candidate reports would be single-patient or preliminary at best. Therefore the weight falls mainly on ""Hypothesized,"" with some probability that a single human case/cohort report exists (""Existing""), and a lesser chance the pair is essentially unreported (""Novel"")."	818	1203	0.034165	1
2022	NPTX1	autosomal dominant cerebellar ataxia	MONDO:0020380	3	34788392	Existing	3.0	25	55	15	5	"NPTX1 (neuronal pentraxin 1) has been reported in the human genetics literature as a candidate cause of autosomal dominant cerebellar ataxia, notably in a study describing heterozygous NPTX1 variants segregating in family/families with late-onset ADCA, supported by functional work implicating endoplasmic reticulum stress and impaired protein secretion. This constitutes credible human genetic evidence, but the number of independent probands/families is small and independent replication in other cohorts is limited, so the association falls short of firmly established gene–disease validity. The strong cerebellar/synaptic expression and neuronal pentraxin biology also provide plausible mechanistic support, which would place it at least in the hypothesized tier if the human data were discounted. Accordingly, most weight goes to ""Existing,"" with meaningful residual probability for ""Established"" should additional families have been reported, and small weight to purely biological or incidental categories."	848	912	0.02704	1
2023	MCF2L	vascular malformation	MONDO:0024291	1	36760094	Hypothesized	1.86	3	15	47	35	"MCF2L encodes DBS, a Dbl-family Rho/Cdc42 guanine nucleotide exchange factor with documented roles in endothelial cell migration and angiogenesis in cell-based and mouse studies, and RhoA/Cdc42 signaling is a core mechanism in vascular malformation biology (e.g., CCM, TIE2/PIK3CA pathways). However, the well-replicated human genetic associations for MCF2L involve osteoarthritis, tendinopathy, and neurologic traits rather than vascular anomalies. I am not aware of credible human germline or somatic variant reports implicating MCF2L as a cause of venous, arteriovenous, lymphatic, or cavernous malformations, and it is not on standard vascular anomaly gene panels. The biological plausibility via angiogenic RhoGEF signaling justifies weighting ""Hypothesized"" highest, with substantial residual probability for ""Novel"" since the gene–phenotype link may be purely incidental, and only small probability for human-variant-based Existing/Established evidence."	793	1703	0.04654	1
2019	TLR4	inflammatory bowel disease	MONDO:0005265	3	31083239	Existing	3.07	22	64	13	1	"TLR4 missense variants D299G (rs4986790) and T399I (rs4986791) have been repeatedly tested in human case-control cohorts of Crohn's disease and ulcerative colitis, with several positive reports and multiple meta-analyses (e.g., Browning et al., Shen et al.) supporting a modest association, particularly in European populations. However, results are inconsistent across populations, effect sizes are small, and TLR4 has not emerged as a genome-wide significant locus in large IBD GWAS/Immunochip studies, so a definitive causal role is not established. Strong supporting biology exists (LPS sensing, NF-κB signaling, altered TLR4 expression in inflamed intestinal mucosa, and Tlr4-deficient mouse colitis models), but this alone would only justify ""Hypothesized."" Given credible but non-definitive human genetic association evidence, ""Existing"" is the most appropriate category, with some residual probability for ""Established"" given the volume of replicated meta-analytic data."	813	540	0.017565	1
2014	SIX2	congenital anomaly of kidney and urinary tract	MONDO:0019719	1	24429398	Existing	2.93	20	55	23	2	"SIX2 encodes a master transcription factor of cap mesenchyme nephron progenitors, and Six2-null mice show premature progenitor depletion with severe renal hypoplasia, providing very strong biological/animal support. In humans, Weber et al. (JASN 2008) reported rare heterozygous SIX2 variants in patients with renal hypodysplasia/CAKUT alongside BMP4, and subsequent case reports and CAKUT cohort sequencing have occasionally implicated SIX2 (including copy-number changes), supporting at least ""Existing"" human evidence. However, replication is sparse, variants are often of uncertain significance with incomplete segregation, and SIX2 is not consistently included in definitive curated CAKUT gene panels, so ""Established"" is less likely. A residual share is left for ""Hypothesized"" because much of the compelling evidence remains murine/functional rather than definitive human genetic proof."	848	719	0.022215	1
2023	PHF10	multiple congenital anomalies/dysmorphic syndrome	MONDO:0019042	1	37500730	Hypothesized	2.2	5	25	55	15	"PHF10 (BAF45a) encodes a subunit of the neural progenitor-specific BAF/PBAF chromatin remodeling complex, and multiple paralogous complex members (ARID1A/B, SMARCB1, SMARCA4, SMARCE1, ARID2, DPF2/BAF45d) are well-established causes of Coffin–Siris syndrome and related BAFopathies presenting with multiple congenital anomalies and dysmorphic features, making a biologically grounded hypothesis very strong. However, I am not aware of a replicated, curated gene–disease validity assertion (e.g., ClinGen ""Definitive"") linking PHF10 variants to a specific MCA/dysmorphic syndrome. There may be limited human evidence in the form of candidate de novo variants in large neurodevelopmental cohorts or 6q27 deletions encompassing PHF10, which would support the ""Existing"" tier but is not definitive. Much of the supporting evidence (BAF45a subunit switching, mouse neural progenitor studies) is functional/animal rather than human genetic, so those points belong in ""Hypothesized."" A small residual probability remains that the pairing is essentially incidental."	868	962	0.02839	1
2023	DAAM2	androgen insensitivity syndrome	MONDO:0019154	1	36972684	Novel	1.51	2	9	27	62	"Androgen insensitivity syndrome is a well-defined X-linked disorder caused by loss-of-function variants in the androgen receptor (AR) gene, and no replicated human genetic evidence implicates DAAM2 in its pathogenesis. DAAM2 (Dishevelled-associated activator of morphogenesis 2) is primarily studied in Wnt/planar cell polarity signaling, oligodendrocyte differentiation/myelination, bone mineral density GWAS, and renal/nephrotic phenotypes, none of which are established AIS mechanisms. A modest allowance for ""Hypothesized"" is warranted because Wnt/PCP signaling participates in urogenital and genital tubercle development, and formins can interact with androgen-responsive cytoskeletal pathways, so a biologically plausible but indirect link could be argued in the literature on AR-negative 46,XY DSD candidate genes. Some probability is retained for ""Existing"" in case an exome/candidate-gene study of AR-mutation-negative AIS-like 46,XY DSD reported a DAAM2 variant, but I am not aware of such a report. Overall, the pairing appears most consistent with ""Novel."""	828	937	0.027565	1
2023	NALCN	temporal lobe epilepsy	MONDO:0005115	1	37046053	Hypothesized	1.9	2	16	52	30	"NALCN encodes the voltage-independent sodium leak channel that sets neuronal resting membrane potential and controls excitability, so a biologically plausible link to seizure disorders exists; rodent and Drosophila (narrow abdomen) models and expression studies of leak conductance in hippocampal circuits support a hypothesized mechanistic role. In humans, NALCN variants are firmly linked to IHPRF1 (biallelic) and CLIFAHDD (de novo heterozygous) syndromes, in which seizures are an occasional but non-specific feature; none of these reports define temporal lobe epilepsy as the phenotype. I am not aware of replicated human genetic studies implicating NALCN specifically in temporal lobe epilepsy, either familial or sporadic, nor of significant common-variant associations in TLE GWAS. Some points remain for ""Existing"" because scattered epilepsy cohort/panel sequencing reports and syndromic patients with focal seizures could be interpreted as limited human evidence. ""Established"" is very unlikely, and ""Novel"" retains meaningful weight since the connection may be purely incidental beyond generic excitability biology."	813	909	0.02679	1
2020	LAMA5	bent bone dysplasia syndrome 2	MONDO:0859573	1	33242826	Existing	3.03	28	52	15	5	"Bent bone dysplasia syndrome type 1 is caused by FGFR2 mutations, and a distinct second form (BBDS-2, OMIM ~620076) has been attributed to biallelic LAMA5 variants, reported in human patients/fetuses with prenatally detected bent long bones, craniofacial anomalies and poor mineralization. LAMA5 encodes laminin alpha-5, a basement membrane component with well-documented roles in skeletal, craniofacial and renal development, and Lama5-null mice show skeletal/limb and placental defects, providing strong supportive biology. However, the human genetic evidence appears limited to one or a small number of consanguineous families/case reports rather than multiple independent replicated cohorts, so ""Existing"" is the most probable category, with meaningful weight on ""Established"" given the formal OMIM phenotype designation. Some probability remains for ""Hypothesized"" if the causal claim rests largely on functional/animal data plus a single family. ""Novel"" is very unlikely given the disorder is specifically named for this gene association."	843	991	0.02899	1
2014	ADCY1	nonsyndromic genetic hearing loss	MONDO:0019497	1	24482543	Existing	2.83	12	62	23	3	"ADCY1 lies within the DFNB44 linkage interval on chromosome 7p, and Santos-Cortez et al. (2014, Hum Mol Genet) reported a homozygous ADCY1 variant segregating with autosomal recessive nonsyndromic hearing impairment in a consanguineous Pakistani family, supported by zebrafish hair-cell/startle-response functional data. This constitutes credible human genetic evidence, but it rests essentially on a single family with little independent replication in subsequent cohorts. ClinGen-style curations of hearing loss genes have generally rated ADCY1 as limited (not definitive), and much of the supporting mechanistic evidence is from animal/in vitro work (cAMP signaling in hair cells), which would only support ""Hypothesized."" Therefore the weight falls on ""Existing,"" with modest probability for ""Established"" and a meaningful residual for ""Hypothesized"" should the single human report be discounted."	843	1074	0.031065	1
2021	SLIRP	inborn mitochondrial metabolism disorder	MONDO:0004069	1	34426662	Hypothesized	2.52	12	35	46	7	"SLIRP encodes a small RNA-binding protein that partners with LRPPRC to stabilize and polyadenylate mitochondrial mRNAs; LRPPRC biallelic variants are an established cause of French-Canadian Leigh syndrome, making SLIRP a strong biological candidate for combined OXPHOS deficiency. Robust functional support exists from Slirp knockout mice and cellular knockdown studies showing reduced mt-mRNA steady-state levels and impaired mitochondrial translation, which firmly supports at least the ""Hypothesized"" tier. I have a partial recollection of recent reports (within the last few years) describing biallelic SLIRP variants in patients with mitochondrial disease/combined OXPHOS deficiency, which would move the evidence into ""Existing,"" but I am not confident this is replicated across multiple independent probands and rigorously validated. Given the very limited number of human cases reported to date, ""Established"" is unlikely, and ""Novel"" is essentially excluded by the strong mechanistic and animal-model data."	843	1112	0.032015	1
2023	PPCDC	dilated cardiomyopathy	MONDO:0005021	1	36564894	Hypothesized	2.16	3	25	57	15	"PPCDC (phosphopantothenoylcysteine decarboxylase) catalyzes the step immediately downstream of PPCS in the coenzyme A biosynthetic pathway, and biallelic PPCS variants are a proven cause of pediatric dilated cardiomyopathy (Iuso et al., AJHG 2018); other CoA pathway genes (PANK2, COASY) cause neurodegenerative/multisystem disease, making a strong biological and pathway-based rationale for PPCDC involvement in DCM. This pathway logic, together with CoA-deficiency models showing cardiac and metabolic consequences, supports at least a ""Hypothesized"" relationship. There may be isolated case reports or candidate variants in PPCDC identified in cardiomyopathy exome cohorts, which would justify ""Existing,"" but I am not confident such human genetic evidence is firmly published or replicated. There is no robust, replicated human evidence establishing PPCDC as a DCM gene, so ""Established"" receives minimal weight, and ""Novel"" retains some probability in case the gene has never been implicated beyond incidental pathway membership."	818	1014	0.02944	1
2023	VPS50	hydrocephalus	MONDO:0001150	1	37644014	Hypothesized	1.85	3	17	42	38	VPS50 (CCDC132/syndetin), a subunit of the EARP endosomal recycling complex, has an established human disease association with a bi-allelic neurodevelopmental disorder (severe developmental delay, epilepsy, microcephaly, neonatal cholestasis; Schneeberger et al., AJHG 2021), but hydrocephalus is not a reported core feature of that phenotype. Some reported patients have nonspecific brain MRI findings such as corpus callosum abnormalities or mild ventriculomegaly, which could be interpreted as weak, indirect human evidence, but ventriculomegaly in this context is more likely atrophic/ex-vacuo than true hydrocephalus. Mechanistically, endosomal trafficking and vesicle recycling defects are plausibly relevant to ependymal/ciliary and CSF-flow biology, and rodent Vps50 models show neurodevelopmental abnormalities, supporting a hypothesized biological link rather than a demonstrated genetic one. Well-validated human hydrocephalus genes (L1CAM, MPDZ, CCDC88C, TRIM71, SMARCC1, FOXJ1) do not include VPS50, and I am unaware of replicated proband-level evidence tying VPS50 variants to hydrocephalus. Therefore probability mass is concentrated on Hypothesized and Novel, with modest weight on Existing.	798	1835	0.049865	1
