gene	phenotype	gencc_class	disease_curie	submitters	n_submitters	max_cosine	nearest_curated_disease	lit_mean	lit_argmax	p_established	p_existing	p_hypothesized	p_novel	open_targets_verdict	open_targets_max_score	found	read	cached	arm	fingerprint	justification	error
HAND1	congenital heart disease	Moderate	MONDO:0005453	ClinGen	1			Existing	Established	45	45	9	1	Hypothesized	0.18719866845655941	64	20	False	current	ff136250f372	Multiple human studies report rare/novel HAND1 coding variants in CHD probands with functional (transcriptional) validation: Reamon-Buettner et al. found the A126fs frameshift in hypoplastic hearts (PMID 18276607) and additional missense variants in septation defects (PMID 19586923); independent Chinese cohorts identified p.R118C in tetralogy of Fallot (PMID 27942761), p.K132X in double outlet right ventricle (PMID 28112363), p.E119X and other variants in ventricular septal defect (PMIDs 29317578, 22032825), plus promoter variants altering HAND1 expression in VSD, TOF, and ASD cohorts (PMIDs 39107573, 39537763, 42079346). These are human, independent probands with in vitro support, favoring Established. However, the evidence is tempered by candidate-gene design, largely somatic/tissue-based findings in the original hypoplastic-heart reports, negative replication of somatic mutations (PMIDs 21519287, 22043484), and a mouse knock-in showing A126FS does not cause HLHS (PMID 29016838), so a substantial probability remains that the relationship is best graded as limited/Existing rather than definitive.	
ATP5MK	mitochondrial disease	Moderate	MONDO:0044970	ClinGen	1			Established	Established	88	10	2	0	Hypothesized	0.1847899273423509	61	8	False	current	ff136250f372	Two independent clinical genetic reports provide primary evidence of causality in humans: PMID 29917077 describes four Leigh syndrome patients from three unrelated Ashkenazi Jewish families with a homozygous USMG5 (ATP5MK) splice-site variant (c.87+1G>C), with reduced complex V dimerization/ATP synthesis and rescue by wild-type cDNA; PMID 40014158 reports a fourth, unrelated family with four affected siblings carrying a novel homozygous splice donor variant (c.87+1G>A) causing complex V deficiency nuclear type 6. Supporting mechanistic work in patient fibroblasts (PMID 30240627) shows loss of ATP synthase dimers and disrupted crista ultrastructure, and PMID 26425749 lists nuclear gene-encoded Leigh syndrome genes. Other listed papers concern ATP5MD/DAPIT expression in schizophrenia, DMD, malignant hyperthermia, or structural biology and do not bear on causal variants in mitochondrial disease. Overall, replicated human genetic evidence in independent probands/families supports an Established relationship.	
TMEM63C	spastic paraplegia 87, autosomal recessive	Moderate	MONDO:0031019	G2P	1			Existing	Existing	30	61	8	1	Established	0.6416316921609406	24	7	False	current	ff136250f372	Only one primary human genetic study (PMID 35718349, with its correction PMID 36076346) reports biallelic TMEM63C variants in individuals with pure and complex hereditary spastic paraplegia, supported by cell-biology work showing ER/mitochondrial localization and morphology defects. The review (PMID 37857161) restates this association as known background rather than providing independent patient data, so it counts as citation, not replication. Because I cannot cite a second independent primary report of probands/families, the criteria cap the rating at Existing, though the original study included several affected individuals and strong functional support, leaving some probability for Established. Other listed papers concern kidney/podocyte biology, glaucoma snoRNA targets, or AMD gene-based testing and are not relevant to spastic paraplegia causation.	
BLVRA	hyperbiliverdinemia	Moderate	MONDO:0013595	ClinGen	1			Established	Established	72	22	5	1	Established	0.6058633431802722	32	20	False	current	ff136250f372	"Two independent human reports provide primary evidence of causation: PMID 19580635 describes a novel BLVRA (biliverdin reductase-A) mutation in a patient with hyperbiliverdinaemia (green jaundice), and PMID 21278388 reports a homozygous nonsense variant (c.214C>A) in two unrelated Inuit women from different regions of Greenland who developed biliverdin accumulation during cholestasis, i.e., additional independent probands. Both are point mutations in BLVRA itself, not multigene copy-number changes, and the functional consequence (non-functional mutBVRα) is corroborated in vitro (PMID 27387768) and by review-level background (PMID 40002374). Independent species-crossing support comes from canine BLVRA deletions causing biliverdinuria (PMID 39766828), which reinforces, though does not itself establish, human causality. Some residual probability is retained for ""Existing"" because the human evidence rests on a small number of case reports with an apparent requirement for concurrent cholestasis/cirrhosis to unmask the phenotype."	
RBBP5	neurodevelopmental disorder	Moderate	MONDO:0700092	G2P	1			Existing	Existing	20	68	12	0	Established	0.5098205807162162	36	20	False	current	ff136250f372	"Only one primary clinical report in this list demonstrates patient variants in RBBP5 itself: PMID 39036895, which describes loss-of-function variants causing a syndromic neurodevelopmental disorder with microcephaly in humans. Although that study likely includes several probands, the rules require at least two independent primary reports to support ""Established,"" and no second such article is present here. The remaining papers are biochemical/structural or complex-biology studies (COMPASS/WRAD, MLL/KMT2 family) in which RBBP5 is a core subunit, providing strong mechanistic plausibility (e.g., WDR5 and KMT2D variants causing neurodevelopmental syndromes, PMIDs 36408368, 28669924, 24705355), which supports rather than replaces direct genetic evidence. Therefore the evidence best fits ""Existing,"" with residual probability for ""Established"" if the single report contains multiple unrelated probands and for ""Hypothesized"" if the mechanistic literature is weighted more heavily."	
ETS1	congenital heart disease	Moderate	MONDO:0005453	ClinGen	1			Existing	Existing	12	62	25	1	Hypothesized	0.18881556549208242	73	20	False	current	ff136250f372	"The strongest human point-level evidence is a single case report of a de novo ETS1 frameshift mutation (loss of the DNA-binding domain) in a patient with congenital heart disease and a ""partial Jacobsen phenotype"" (PMID 31160359); this is one proband only, so replication for ""Established"" is lacking. The Jacobsen syndrome 11q deletion mapping studies (PMIDs 19942620, 29787157) implicate ETS1 within a critical region, but contiguous-gene deletions cannot single out ETS1 and thus do not count toward causal proof. Substantial supportive evidence is non-human or mechanistic: Ets1-null mice with ventricular septal defects, bifid apex, and non-apex-forming left ventricle (19942620), cardiac neural crest migration defects (20356956), endothelial Ets1 loss causing coronary defects and non-compaction (35894043), and negative controls for neighboring genes (24616287). Human tissue studies in tetralogy of Fallot show ETS1-binding-site methylation regulating NOTCH4 and DLK1 (33000281, 35059744), which supports biological relevance but does not implicate ETS1 variants. Several listed papers (Long Covid, pan-cancer, AML, melanocyte, stroke/FOXF2) are irrelevant co-mentions."	
TUBA4A	amyotrophic lateral sclerosis type 22	Moderate	MONDO:0014531	ClinGen	1			Existing	Established	55	38	6	1	Established	0.7001561879870407	57	20	False	current	ff136250f372	The primary evidence is Smith et al. (PMID 25374358), an exome-wide rare variant burden analysis in 363 familial ALS index cases with replication in a further 272 FALS cases and internal controls, plus functional demonstration that mutants destabilize microtubules; this alone constitutes discovery with internal replication. Independent patient-based reports add variants: novel TUBA4A mutations in Italian sporadic ALS (PMID 25893256) and a novel missense (p.Thr381Met) in Belgian familial ALS sibs plus an N-terminal frameshift in FTD (PMID 28069311, 35327632, 34169147), supporting the FTD–ALS spectrum. Counterbalancing this, two large Chinese ALS cohorts found no causative variants (PMIDs 26465396, 29540513), the Belgian familial case co-carried a pathogenic C9orf72 expansion, and recent work shows TUBA4A variants more commonly cause myopathy or spastic ataxia (PMIDs 41678358, 38884572), raising questions about specificity and penetrance. Supporting mechanistic/animal work (zebrafish knockdown, miR-1825/TBCB pathway; PMIDs 38463699, 30030593) is corroborative but non-human. Overall the human genetic evidence is replicated across independent probands, favoring Established with meaningful residual probability for Existing.	
PRDX3	spinocerebellar ataxia, autosomal recessive 32	Moderate	MONDO:0859245	G2P	1			Established	Established	96	3	1	0	Established	0.6533458006004046	47	20	False	current	ff136250f372	The original discovery paper (PMID 33889951) identified recessive PRDX3 variants in five unrelated families with cerebellar ataxia, with functional validation in patient fibroblasts, Drosophila, and cell models. Independent replication in additional human probands includes a novel homozygous p.D163E infantile-onset ataxia case (PMID 35766882), a biallelic nonsense variant p.Lys166* in a consanguineous family (PMID 36190665), further Brazilian and Indian cases including the recurrent p.Asp202Asn (PMID 37553803), two additional unrelated patients with functional characterization (PMID 38837640), and a pediatric Chinese case with homozygous p.Arg207* (PMID 41351775). These are multiple independent human clinical reports with segregating point mutations and supportive functional data, satisfying criteria for an Established gene–disease relationship. Other listed articles (ferroptosis in MAFLD, uveitis, renal fibrosis, cetacean evolution) are unrelated PRDX3 biology and do not affect the assessment.	
CAMSAP1	cortical dysplasia, complex, with other brain malformations 12	Moderate	MONDO:0957217	G2P	1			Established	Established	85	12	3	0	Established	0.6702253668904008	23	14	False	current	ff136250f372	PMID 36283405 provides primary evidence: exome sequencing in five unrelated families identified bi-allelic CAMSAP1 loss-of-function variants causing a syndromic neuronal migration disorder with lissencephaly, callosal, basal ganglia and cerebellar malformations, supported by patient-derived neural rosette models and Camsap1-null mice. PMID 39724270 independently reports another proband with a homozygous nonsense CAMSAP1 variant (c.1153C>T, p.Gln385*) with brain malformation, epilepsy and severe developmental delay, noting it as the 8th reported case. PMID 36344539 additionally lists CAMSAP1 as a candidate ID gene in consanguineous Middle Eastern families. Supporting biology (CAMSAP1 in neuronal polarity, radial glial microtubule organization, C. elegans convulsion model) reinforces mechanism but is not needed for causality. Together these constitute replicated human evidence in independent probands/families, meeting the Established threshold.	
ASPRV1	ichthyosis, lamellar, autosomal dominant	Moderate	MONDO:0007812	G2P	1			Existing	Existing	25	66	8	1	Established	0.6252514939765362	53	11	False	current	ff136250f372	"Only one primary human genetic study (PMID 32516568) reports its own results linking heterozygous ASPRV1 missense variants to dominantly inherited lamellar ichthyosis/palmoplantar keratoderma, albeit in four unrelated kindreds with segregation and functional validation of altered auto-cleavage and filaggrin processing. Other papers either restate this as known background (PMID 38642798, which itself identifies NKPD1 as a second ADLI gene and contrasts ultrastructure with ""ASPRV1-ADLI""), review it (PMID 39098535), or provide in vitro/structural characterization of disease-associated mutations (PMID 42593882). Supporting but non-human/mechanistic evidence includes canine ichthyosis ASPRV1 variants (PMIDs 28249031, 38549226) and SASPase-deficient mice showing impaired profilaggrin processing (PMID 21542132). Because replication across independent publications with their own patient-derived variant data is lacking, the evidence falls just short of ""Established,"" though it is unusually strong for ""Existing."""	
CDH11	Teebi hypertelorism syndrome 2	Moderate	MONDO:0030674	ClinGen	1			Established	Established	90	9	1	0	Established	0.7509510608181269	68	20	False	current	ff136250f372	PMID 33811546 reports 19 affected individuals from 9 independent families with heterozygous missense CDH11 variants clustering in the extracellular cadherin domains, with functional assays showing impaired cell–cell adhesion and dominant-negative effects, defining CDH11-related Teebi hypertelorism syndrome. PMID 37646430 provides independent replication with a de novo heterozygous CDH11 EC1 domain variant (p.Leu77Phe) in a patient with the characteristic THS phenotype. Additional human evidence supports allelic CDH11 disease (biallelic loss-of-function causing Elsahy-Waters syndrome; PMIDs 29271567, 30194892, 28988429, 34278706), reinforcing gene-level causality for craniofacial/hypertelorism phenotypes. These are single-gene point variants in human probands from multiple unrelated families, satisfying criteria for an established gene–disease relationship.	
UBR5	neurodevelopmental disorder	Moderate	MONDO:0700092	G2P	1			Established	Established	88	10	2	0	Existing	0.4289179535757455	58	20	False	current	ff136250f372	Two independent human clinical studies report their own primary data on de novo/heterozygous UBR5 variants in patients: PMID 39721588 describes 29 individuals with heterozygous UBR5 variants presenting with developmental delay, autism, intellectual disability, epilepsy and movement disorders, supported by C. elegans and in vitro ubiquitination functional assays; PMID 41318701 reports three additional unrelated probands with de novo loss-of-function variants (ASD and ID) and reviews 11 total de novo pLoF variants. A further report defines an 8q22.3 microdeletion syndrome from UBR5 haploinsufficiency (PMID 42263457), which supports but does not by itself pinpoint the gene. Additional supportive human data include a de novo UBR5 variant in a Lennox-Gastaut/DEE genome-sequencing cohort (PMID 34622207) and UBR family/Notch pathway links (PMID 33340455). Together these constitute replicated causal evidence in independent human probands, so Established is strongly favored, with a small residual probability that reviewers consider the evidence still emerging.	
SEPHS1	neurodevelopmental disorder	Moderate	MONDO:0700092	G2P	1			Existing	Existing	18	72	10	0	Established	0.509547958539458	54	10	False	current	ff136250f372	Only one primary human genetic study is present: PMID 38749428 reports de novo missense variants clustered in exon 9 of SEPHS1 in a cohort of individuals with developmental delay, poor growth, hypotonia and dysmorphic features — strong, but a single publication rather than independent replication across separate reports. PMID 38960024 is a review that restates this association as background and therefore constitutes citation, not independent evidence. The remaining literature (PMIDs 36202216, 29715549, 31607477, 34769076, 33622411, 37072373, 23112913, 41441975) concerns SEPHS1 biology in selenoprotein/redox homeostasis, embryonic lethality in mouse/Drosophila knockouts, stem-cell survival, and cancer, which supports biological plausibility (Hypothesized-level) but not human variant causation. Because I cannot cite two independent primary human proband/family reports, the evidence caps at Existing, with residual probability for Established given the strength and clustering of the de novo variants.	
FXYD2	renal hypomagnesemia 2	Moderate	MONDO:0007937	ClinGen	1			Established	Established	80	16	3	1	Established	0.554590063650218	60	20	False	current	ff136250f372	Two independent human clinical reports identify FXYD2 point mutations segregating with isolated dominant renal hypomagnesemia with hypocalciuria: the original Dutch family with the heterozygous G41R mutation (PMID 11062458, expanded in PMID 12763862, with linkage to 11q23 and absence in 132 control chromosomes) and a second, independent family with the recurrent p.Gly41Arg variant (PMID 25765846). A further human report describes a distinct heterozygous FXYD2 variant p.Arg27His in two siblings with proximal tubular phenotype (PMID 40428357). These clinical findings are supported by mechanistic work showing misrouting, dominant-negative oligomerization and altered Na,K-ATPase function of the mutant γ-subunit (PMIDs 17980699, 18448590, 19865785, 12763860), and by HNF1B/PCBD1 regulation of FXYD2 transcription causing hypomagnesemia (PMIDs 19389850, 24204001). The evidence is therefore replicated in independent human probands/families with single-nucleotide variants, meeting the criteria for Established; a small residual probability reflects that most reported cases involve the same recurrent G41R allele.	
THUMPD1	neurodevelopmental disorder with speech delay and variable ocular anomalies	Moderate	MONDO:0859272	G2P	1			Established	Established	90	9	1	0	Established	0.70238984274735	34	12	False	current	ff136250f372	PMID 35196516 reports 13 affected individuals from 8 independent families with bi-allelic loss-of-function THUMPD1 variants presenting global developmental delay, speech delay, intellectual disability, behavioral abnormalities and ophthalmological anomalies, supported by functional demonstration of lost tRNA ac4C modification in patient-derived and CRISPR knockout cells. PMID 42598708 provides an additional independent proband with a novel homozygous loss-of-function variant and NEDSOA phenotype, and PMIDs 36344539 and 30237576 add further human cohort/autozygome-based support from consanguineous ID families. These constitute multiple independent probands/families with single-gene (non-CNV) variants, satisfying replication. Remaining articles (NAT10/Tan1 biochemistry, ac4C mapping, phosphoproteomics) provide mechanistic context only and do not alter the classification.	
JPH1	congenital myopathy 25	Moderate	MONDO:0975808	G2P	1			Existing	Existing	30	55	14	1	Established	0.5980007370939966	25	13	False	current	ff136250f372	"The only primary human genetic evidence linking JPH1 to congenital myopathy comes from a single study reporting biallelic loss-of-function JPH1 variants in patients with congenital myopathy with facial and ocular involvement, which appears twice in this list as a preprint (PMID 38370827) and its published version (PMID 39209426) — these are not independent replications. Other papers provide supporting biology (JPH1 as a triad/excitation–contraction coupling protein, PMIDs 35001666, 40097154, 31315980, 24636942) or link JPH1 to a different phenotype as a CMT2K modifier (PMIDs 25168384, 30804591), and animal/in vitro models (PMID 29208631) only strengthen plausibility rather than causality. Because I cannot cite two distinct human studies with independent probands, the evidence best fits ""Existing,"" though the reported multi-family cohort with functional validation leaves reasonable probability for ""Established."""	
CPSF3	neurodevelopmental disorder with microcephaly, hypotonia, nystagmus, and seizures	Moderate	MONDO:0859250	G2P	1			Existing	Existing	20	68	11	1	Established	0.6007777418712406	46	20	False	current	ff136250f372	"Only one article in this list provides primary human genetic evidence: PMID 35121750, which used population-level homozygosity deficit in Iceland to identify biallelic missense variants in CPSF3 in six homozygous carriers (Icelandic and Mexican descent) presenting with severe intellectual disability, seizures, microcephaly, and abnormal muscle tone — matching the queried phenotype. Although it includes several apparently independent families and two distinct variants, it is a single publication, and no second independent clinical report is present in this set, so the criterion of at least two independent evidence-generating articles for ""Established"" is not met. The remaining papers concern CPSF3/CPSF-73 biochemistry (endonuclease of the pre-mRNA and histone mRNA 3'-end processing machinery), inhibitor pharmacology (JTE-607), plant/yeast orthologs, and cancer, which support biological plausibility (essential gene, developmental lethality of orthologs) but not the specific disease association. The schizophrenia WES paper (PMID 32106127) explicitly failed to support a role for the CPSF3 de novo variant and does not concern this phenotype."	
INTS11	neurodevelopmental disorder with motor and language delay, ocular defects, and brain abnormalities	Moderate	MONDO:0957386	G2P	1			Established	Established	92	6	2	0	Established	0.7277522931339131	23	20	False	current	ff136250f372	Two independent human genetic studies report their own patient cohorts with bi-allelic INTS11 point variants: PMID 37054711 describes 15 individuals from 10 unrelated families with global developmental/language delay, motor impairment and brain atrophy, with functional validation in Drosophila; PMID 37980560 identifies a distinct homozygous INTS11 variant in two siblings with a severe NDD and demonstrates loss of catalytic activity plus neurogenesis/mitosis defects in patient cells and iPSC knock-ins. Additional independent human reports expand the phenotype, including a case report/literature review (PMID 39030370) and characterization of a retinal/ocular phenotype (PMID 41810893), plus a biomarker study of unprocessed U1 snRNAs in INTS11-related NDD (PMID 42116163). Supporting mechanistic and model-organism work (zebrafish ints11, Integrator assembly, BRAT1/INTS11/INTS9 complex) reinforces biological plausibility but is not needed for causality. The evidence therefore meets the criteria for Established, with only minor residual uncertainty about the completeness of the ocular component of the phenotype definition.	
CHKA	neurodevelopmental disorder with microcephaly, movement abnormalities, and seizures	Moderate	MONDO:0859282	G2P	1			Existing	Existing	38	52	9	1	Established	0.6779073004333662	61	20	False	current	ff136250f372	The core human genetic evidence comes from a single primary report (PMID 35202461) describing six individuals from five independent families with bi-allelic CHKA variants causing severe global developmental delay, epilepsy, movement disorders and microcephaly, supported by structural modelling and yeast-based functional assays showing reduced enzymatic activity. A second human-derived study (PMID 41308990) analyzes patient fibroblasts carrying CHKA missense variants and demonstrates impaired phospholipid synthesis, mitochondrial dysfunction and lipid peroxidation, but it is mechanistic and likely uses the same previously reported patients rather than constituting independent proband replication. Supportive but non-human/mechanistic work (CHKA knockout dendritic/Wnt effects, Chka embryonic lethality in mice, Kennedy pathway biology) reinforces plausibility but does not add human genetic replication. Because independent replication in separate cohorts is not clearly demonstrated across two primary clinical reports, Existing is favored slightly over Established, though the multi-family original report makes Established quite plausible. Other listed papers concern cancer, metabolism, or unrelated topics and are not relevant.	
REL	immunodeficiency 92	Moderate	MONDO:0030498	ClinGen	1			Established	Established	62	32	5	1	Established	0.5944076289462776	93	20	False	current	ff136250f372	Two articles report their own patients with biallelic REL variants: PMID 31103457 describes a homozygous REL mutation abolishing c-Rel protein in a patient with combined immunodeficiency (susceptibility to mycobacteria, Salmonella, Cryptosporidium, CMV), and PMID 42117340 reports a novel biallelic frameshift p.(Tyr9Ilefs*2) causing IMD92 with profound c-Rel deficiency, noting only two prior confirmed patients. These constitute independent human probands with single-gene (not CNV) variants and supportive functional protein loss, satisfying replication for an Established call, though the total patient number remains very small. Other listed papers provide supporting biology (NF-κB subunit-specific immune functions, RelB and NFKB1/NFKB2 deficiencies, murine c-Rel loss causing lymphoproliferative defects and immunodeficiency) or concern unrelated REL roles in cancer, inflammation, and TB susceptibility, which do not add causal replication. Residual probability is assigned to Existing because the evidence base is extremely limited (essentially three patients worldwide).	
FLI1	bleeding disorder, platelet-type, 21	Moderate	MONDO:0054577	ClinGen	1			Established	Established	86	11	3	0	Hypothesized	0.7552494643160209	79	20	False	current	ff136250f372	Multiple independent human studies report germline FLI1 point variants in probands/families with bleeding, platelet dysfunction (dense granule secretion defects) and thrombocytopenia: Stockley et al. (PMID 24100448) identified FLI1 missense and frameshift variants abolishing transcriptional activity in patients with excessive bleeding; Saultier et al. (PMID 28255014) described two novel FLI1 variants causing macrothrombocytopenia with dense granule deficiency; a recent study characterized four FLI1 variants (two novel) with defective TLN1/talin-1 regulation in patients' platelets (PMID 39744817); further independent reports include a novel familial FLI1 mutation (PMID 40468949) and a heterozygous nonsense p.Met100* variant (PMID 41497345). These are single-gene point variants in independent human probands with functional confirmation, satisfying replication criteria. Review articles (PMIDs 27450272, 28416505) and the 11q deletion/Paris-Trousseau literature (PMID 10981960) provide supporting but non-decisive background.	
SLC31A1	neurodegeneration and seizures due to copper transport defect	Moderate	MONDO:0957211	G2P	1			Established	Established	93	5	2	0	Established	0.5187463904782773	60	20	False	current	ff136250f372	Three independent human clinical reports provide primary evidence: PMID 35913762 describes identical twin infants homozygous for a novel missense variant (p.Arg95His) in SLC31A1/CTR1 with infantile seizures and neurodegeneration, supported by biochemical and functional studies; PMID 36562171 reports an unrelated newborn with a homozygous pathogenic SLC31A1 missense variant, low serum copper/ceruloplasmin, brain hemorrhages and seizures; PMID 41040850 reports 13 new cases from 10 families worldwide with bi-allelic SLC31A1 variants causing developmental and epileptic encephalopathy with impaired mitochondrial respiration in patient fibroblasts. These represent replicated, independent probands and families with single-gene variants plus functional validation, meeting the bar for Established. Supporting mechanistic and review literature (PMIDs 41213165, 39172219, 39251386) reinforces the copper-transport pathomechanism but is secondary. Other listed papers concern cuproptosis in cancer/skin/disc disease or platinum pharmacogenetics and are not relevant to this phenotype.	
TRAC	TCR-alpha-beta-positive T-cell deficiency	Moderate	MONDO:0014160	ClinGen	1			Established	Established	95	4	1	0	Established	0.6069835807842499	74	20	False	current	ff136250f372	Multiple independent human clinical reports demonstrate that biallelic TRAC variants cause absence of surface TCRαβ and lack of αβ T cells. PMID 21206088 first described two unrelated families with a homozygous TRAC splice-site variant and profoundly impaired TCRαβ surface expression; PMID 33909184 reported an additional Indian family with three affected siblings carrying a pathogenic TRAC variant; PMID 41103553 described two further children with biallelic premature stop codons in TRAC causing complete loss of TCRαβ expression, plus functional validation of residual activity of the earlier variant; PMID 41882383 reports a novel homozygous nonsense TRAC variant in three siblings with a SCID phenotype. These constitute replicated evidence in independent probands/families with variant-level resolution and supporting functional data. The remaining articles (CAR-T/gene-editing studies using TRAC knockout) support the biological mechanism but are engineering applications rather than genetic disease evidence.	
UNG	hyper-IgM syndrome type 5	Moderate	MONDO:0011971	ClinGen	1			Established	Established	85	13	2	0	Established	0.7484499267460768	83	20	False	current	ff136250f372	Imlahi et al. (PMID 12958596) reported recessive UNG mutations in three unrelated patients with hyper-IgM syndrome (HIGM5), showing profoundly impaired class-switch recombination and skewed somatic hypermutation — direct human genetic evidence. An independent report (PMID 35879489) identified a novel biallelic UNG variant (c.924_925insGG) confirmed by Sanger sequencing in an adult HIGM patient, providing replication in a separate proband. Additional human studies of UNG-deficient patients (PMIDs 31507588, 27701145) characterize the CSR/SHM defect phenotype in independent cohorts, and multiple reviews (PMIDs 16860315, 17560278, 15319456, 19302039) list UNG deficiency as an established cause of the autosomal recessive hyper-IgM syndrome. Mouse Ung−/− data (PMID 23667108) corroborate the mechanism but are not required given the human evidence. The remaining probability reflects the modest number of primary human probands reported.	
GABRD	complex neurodevelopmental disorder	Moderate	MONDO:0100038	ClinGen	1			Existing	Established	52	41	6	1	Existing	0.23098740917793859	46	20	False	current	ff136250f372	The strongest evidence is Ahring et al. (PMID 34633442), which reported seven heterozygous missense GABRD variants in 10 patients with neurodevelopmental disorders and generalized epilepsy, including five de novo events in sporadic probands and one variant segregating in a family, with electrophysiological confirmation of gain-of-function. Independent supporting patient-level evidence comes from routine diagnostic reporting of a GABRD case that confirmed the provisional OMIM association (PMID 36553572) and a targeted NGS study reporting a novel GABRD variant in a patient with Rett-like neurodevelopmental features (PMID 25156961); patient-derived iPSC lines carrying the recurrent p.T291I variant further support pathogenicity (PMID 38458029). Older literature links GABRD to generalized epilepsy susceptibility (PMID 15115768) and JME (PMID 23756480), phenotypes that are recognized precursors/comorbidities of the neurodevelopmental spectrum. Evidence from 1p36 deletion/triplication reports (PMIDs 26345236, 37129290, 41738692) is multigenic and cannot isolate GABRD, so it is not counted. Because robust, replicated single-gene proband evidence rests largely on one large study with limited independent confirmatory case reports, points are split between Established and Existing with a lean toward Established.	
ALDH1A2	diaphragmatic hernia 4, with cardiovascular defects	Strong	MONDO:0859571	G2P	1			Established	Established	85	12	3	0	Established	0.7044643135489621	77	20	False	current	ff136250f372	Two independent human genetic studies report biallelic ALDH1A2 variants in patients with this multiple congenital anomaly syndrome: PMID 33565183 identified compound heterozygous missense variants by exome sequencing in two unrelated families with diaphragmatic, pulmonary, and cardiovascular defects, with in silico and in vitro evidence of reduced retinoic acid synthesis; PMID 36263470 independently described three siblings with biallelic ALDH1A2 variants (tetralogy of Fallot, diaphragmatic eventration, absent thymus) with functional validation showing reduced enzyme expression. These constitute replication across independent probands/families with supporting functional data, satisfying the Established threshold. Additional papers (e.g., PMID 19886994 on congenital heart disease variants) provide supportive but weaker human evidence, while the duplication case in pentalogy of Cantrell (PMID 24377748) is a multigene CNV and does not count. Remaining literature (osteoarthritis, Barrett's esophagus, kidney) concerns unrelated phenotypes.	
GDF11	vertebral hypersegmentation and orofacial anomalies	Strong	MONDO:0030871	G2P	1			Established	Established	72	22	5	1	Established	0.6221441936741696	71	20	False	current	ff136250f372	"Two independent human genetic studies report GDF11 sequence variants in patients with this phenotype: PMID 31215115 identified a segregating p.(Arg298Gln) GDF11 variant in a family with cleft lip/palate plus rib and vertebral hypersegmentation (with functional validation and a matching mouse knockout phenotype), and PMID 34113007 reported additional heterozygous loss-of-function GDF11 variants that expand the craniofacial/vertebral phenotypic spectrum in further probands. A third human report (PMID 41414712) describes a de novo nonsense variant (Tyr336*) with multisystem abnormalities and demonstrates haploinsufficiency, and PMID 34061439 assessed GDF11 variants in orofacial cleft cohorts. Supporting mechanistic work in mice (GDF11 in palatal/oropharyngeal and axial patterning, PMIDs 42449098, 18519639) is consistent with causality but is animal-based. Remaining uncertainty about the number of truly independent probands and definitive replication leaves some weight on ""Existing""."	
PRKG2	acromesomelic dysplasia 4	Strong	MONDO:0030553	G2P	1			Established	Established	93	6	1	0	Hypothesized	0.6677455292545056	51	20	False	current	ff136250f372	Multiple independent human clinical reports describe biallelic PRKG2 point/splice variants causing acromesomelic dysplasia in unrelated probands and families: PMID 33106379 first reported biallelic PRKG2 variants causing a novel acromesomelic dysplasia; PMID 36504352 reported two brothers with a novel splice variant (c.1635-1G>C); PMID 37789084 reported two new patients including the first missense variant with functional validation (loss of FGF2-induced MAPK downregulation); PMID 41574272 reported compound heterozygous frameshift/missense variants with functional dual-mechanism analysis; PMID 34782440 and PMID 38072398 provide additional independent probands with biallelic PRKG2 variants and skeletal dysplasia. These are single-gene variants (not multigene CNVs) in humans, replicated across independent families, and supported by concordant animal models (rat KMI, Dogo Argentino dwarfism). Multigene 4q21 deletion papers and gout/livestock association studies are not required for, and do not detract from, this conclusion.	
SELENOI	spastic paraplegia 81, autosomal recessive	Strong	MONDO:0032905	G2P	1			Established	Established	85	12	3	0	Established	0.6405116808303434	27	18	False	current	ff136250f372	"Multiple independent human studies report biallelic SELENOI (EPT1) variants in patients with complicated hereditary spastic paraplegia (SPG81), with functional validation: PMID 28052917 described the first family with a mutation abolishing ethanolaminephosphotransferase activity; PMID 29500230 reported an independent patient with a novel exon-skipping mutation, reduced EPT activity and altered plasmenyl-PE levels; PMID 36942482 reported a further family with a homozygous synonymous splicing variant causing SPG81; and PMID 39806532 independently identified a synonymous SELENOI variant in a diagnostic reanalysis cohort. These are independent probands/families with point variants and supportive functional data, satisfying replication criteria. Mouse and cell-based work (PMIDs 38582453, 40107406, 36007576) further supports the mechanism (plasmenyl-PE deficiency, hypomyelination) but is corroborative rather than the primary evidence. A small residual probability is retained for ""Existing"" given the rarity of reported families and that some reports involve variants of uncertain significance (PMID 42446524)."	
ALPK1	retinal dystrophy, optic nerve edema, splenomegaly, anhidrosis, and migraine headache syndrome	Strong	MONDO:0013999	G2P	1			Established	Established	97	3	0	0	Established	0.7388349907042374	57	20	False	current	ff136250f372	Multiple independent human studies report causal ALPK1 variants in ROSAH syndrome patients: PMID 30967659 identified the p.Thr237Met missense variant segregating in five unrelated families (original discovery), PMID 31939038 confirmed the same variant in two additional juvenile-onset patients by WES/Sanger, PMID 36543582 reported the variant in two further unrelated families with detailed phenotyping, and PMID 39626775 identified a novel p.Ser277Phe variant in a new family with functional validation. PMID 35868845 provides a large clinical cohort with functional assessment demonstrating gain-of-function NF-κB activation, and PMID 38060563 mechanistically explains constitutive activation of the ROSAH-causing mutants. Additional independent case reports (PMID 41644192, 41046116, 40201710) replicate the genotype–phenotype link across populations. This constitutes strong, replicated human genetic evidence with functional support, meeting the criteria for Established.	
TMX2	neurodevelopmental disorder with microcephaly, cortical malformations, and spasticity	Strong	MONDO:0032887	G2P	1			Established	Established	95	4	1	0	Established	0.7943558370844997	19	9	False	current	ff136250f372	Two independent human genetic studies report primary evidence: PMID 31586943 identified a recurrent homozygous damaging TMX2 variant in four families with microlissencephaly, and PMID 31735293 described 14 affected individuals from ten unrelated families with biallelic loss-of-function TMX2 variants presenting congenital microcephaly, polymicrogyria and migration disorders, with supporting functional mechanistic work. An additional independent human case report (PMID 42473490) confirms a homozygous pathogenic missense variant (p.Arg205Gln) in a consanguineous Moroccan family, expanding the phenotype. Model organism and cellular studies (zebrafish tmx2b, mouse Tmx2, fly knockdown, ER-mitochondria redox work; PMIDs 40891441, 40497397, 41175374) corroborate the mechanism but are not needed for the human causal claim. The colitis/ILC2 and palmitoylation papers are unrelated to the phenotype but do concern the correct gene, so no homonym issue arises.	
SAMD11	retinitis pigmentosa	Strong	MONDO:0019200	G2P	1			Existing	Existing	18	72	9	1	Existing	0.44560817981330664	9	5	False	current	ff136250f372	"Only one primary study (PMID 27734943) reports patient variants: a homozygous nonsense SAMD11 mutation in five affected individuals from two unrelated consanguineous Spanish families with adult-onset RP, supported by human retinal expression and CRX interaction data. Although this single report includes two families, the rule requires at least two independent publications demonstrating causality in their own results, and no other listed article provides independent probands—PMID 36161854 only discusses IRD gene mutational landscapes generically, and the SAMD11 findings in PMIDs 26204995 and 30276537 concern autism, an unrelated phenotype. PMID 23978614 provides supportive human/mouse expression and splicing biology but no patient variants. Therefore the evidence best fits ""Existing,"" with residual probability for ""Established"" given the two-family segregation in one credible study."	
PYCR2	hypomyelinating leukodystrophy 10	Strong	MONDO:0014632	G2P	1			Established	Established	97	2	1	0	Established	0.7819061363264946	26	18	False	current	ff136250f372	Multiple independent human genetic studies report biallelic PYCR2 variants in patients with postnatal microcephaly and hypomyelinating leukodystrophy 10: the original linkage/exome study identified homozygous p.Arg119Cys and p.Arg251Cys in two consanguineous families (PMID 25865492); five additional patients from three unrelated families with homozygous nonsense/missense variants were reported via clinical exome sequencing (PMID 27860360); two unrelated Thai probands with novel variants (PMID 34037307); further clinical cohorts and cases (PMIDs 27130255, 34055512, 38709052). Functional and structural work (PMIDs 33771508, 36548190) and mouse/knockout models (PMIDs 33734376, 32330411) corroborate loss-of-function pathogenicity, and phenotypic expansion (spastic paraplegia) is documented. Evidence is replicated across independent probands in humans with single-gene resolution, so the relationship is Established.	
GEMIN4	neurodevelopmental disorder with microcephaly, cataracts, and renal abnormalities	Strong	MONDO:0060664	G2P	1			Established	Established	90	8	2	0	Established	0.7383854705674645	66	20	False	current	ff136250f372	Multiple independent human genetic studies report biallelic GEMIN4 variants in patients with neurodevelopmental delay, microcephaly, cataracts, and renal abnormalities. PMID 25558065 first identified GEMIN4 as a novel recessive neurogenetic disease gene by whole-exome sequencing of consanguineous families; PMID 27878435 independently found GEMIN4 mutated in families with cataract, global developmental delay, and renal involvement; PMID 35052432 reports a novel homozygous variant in two siblings from a distinct consanguineous family; and PMID 35861185 delineates 16 patients from 11 unrelated families with functional support from a Drosophila knockdown model. These constitute replicated, point-variant-level evidence in independent probands, satisfying the criteria for Established. The remaining articles concern GEMIN4's role in the SMN complex/snRNP biogenesis and miRNP biology, which provide mechanistic plausibility but not direct variant evidence.	
RAC3	neurodevelopmental disorder with structural brain anomalies and dysmorphic facies	Strong	MONDO:0032820	G2P	1			Established	Established	95	4	1	0	Established	0.7376837025556374	57	20	False	current	ff136250f372	Multiple independent human clinical studies report de novo missense RAC3 variants in unrelated probands with NEDBAF: the original cohort describing de novo missense variants causing a novel neurodevelopmental syndrome (PMID 30293988), a cohort of 10 unrelated participants harboring eight distinct de novo variants with brain malformations and dysmorphic features (PMID 35851598), an individual with a de novo p.Pro34Arg variant and holoprosencephaly variant (PMID 31420595), prenatal cases with de novo p.N92K and p.R66W variants (PMIDs 38214746, 39682779), and recurrent affected siblings (PMID 41198064). These clinical reports are supported by concordant functional work in neurons and in utero electroporation models demonstrating variant-specific disruption of cortical migration and axonogenesis (PMIDs 35595279, 40015633). This constitutes replicated human genetic evidence of causation with mechanistic support, so the relationship is Established.	
LIPT2	encephalopathy, neonatal severe, with lactic acidosis and brain abnormalities	Strong	MONDO:0060562	G2P	1			Established	Established	72	23	4	1	Hypothesized	0.18579314285186485	20	10	False	current	ff136250f372	PMID 28757203 reports biallelic LIPT2 mutations in three affected individuals from two independent families with severe neonatal encephalopathy, with brain MRI abnormalities, elevated glycine, reduced PDHc/α-KGDHc activity, decreased lipoylation, and rescue by wild-type LIPT2 — strong primary causal evidence. PMID 39536593 independently reports additional patients with biallelic LIPT2 variants, expanding the phenotype to infantile-onset dystonia, providing replication in humans. PMID 28803783 further characterizes fibroblasts from LIPT2 patients biochemically, supporting the mitochondrial lipoylation defect mechanism, and PMID 29987032 defines LIPT2 as the octanoyltransferase initiating lipoyl assembly. Remaining probability is assigned to Existing because replication rests on a relatively small number of families/probands; supporting Drosophila and cell-line studies (PMIDs 42528155, 28628643) are non-human/in vitro and add only mechanistic support.	
TMEM106B	leukodystrophy, hypomyelinating, 16	Strong	MONDO:0054791	G2P	1			Established	Established	93	6	1	0	Established	0.7103191199592546	67	20	False	current	ff136250f372	Simons et al. (PMID 29186371) reported four unrelated patients with brain hypomyelination all carrying the same de novo/mosaic missense variant c.754G>A p.(Asp252Asn) in TMEM106B, establishing causation for HLD16. This has been independently replicated in additional probands from China (PMID 29444210), Japan (PMID 32595021), Italy (PMID 36046422), and Saudi Arabia (PMID 36950148), and TMEM106B was identified as a diagnostic cause in a trio-WES HLD cohort (PMID 33597727). Functional studies in oligodendroglial cell lines (PMIDs 39194695, 30643851) support a lysosomal/myelination mechanism consistent with the human genetic data. Multiple independent human probands with the same recurrent de novo point mutation satisfy the criteria for Established.	
ATG7	spinocerebellar ataxia, autosomal recessive 31	Strong	MONDO:0030323	ClinGen; G2P	2			Existing	Established	52	37	10	1	Established	0.7645799087607739	83	20	False	current	ff136250f372	"Spinocerebellar ataxia, autosomal recessive 31 (SCAR31) is the OMIM designation for the neurodevelopmental/ataxia disorder caused by biallelic ATG7 variants. The primary human evidence is PMID 34161705 (Collier et al.), which reports twelve affected individuals from five unrelated families with biallelic ATG7 variants, complex ataxia/developmental delay, cerebellar hypoplasia, plus functional validation (loss of ATG7 protein, impaired LC3 lipidation and autophagic flux, rescue experiments). PMID 34313536 is a companion piece from the same group restating those same patients rather than an independent replication, and PMIDs 34725936, 34371322, 41558522 and 41895291 cite the association as background while their own results concern other topics. Because only one truly independent human cohort report is present in this list, I cannot cite two independent proband/family sources, so a substantial share of probability is retained for ""Existing,"" though the single study is itself multi-family and functionally validated, keeping ""Established"" plausible. Other listed ATG7 papers (POI, NAFLD, cholangiocarcinoma, murine adipocyte/microglia/sepsis work) are unrelated phenotypes or animal models and support at most the biological plausibility of autophagy in neurodegeneration."	
SLC6A17	progressive essential tremor-speech impairment-facial dysmorphism-intellectual disability-abnormal behavior syndrome	Strong	MONDO:0014559	G2P	1			Established	Established	83	14	3	0	Established	0.7006130270656432	15	9	False	current	ff136250f372	"Two independent human genetic studies report causal biallelic SLC6A17 variants in patients with this MRT48 phenotype: PMID 25704603 identified homozygous c.484G>A (p.Gly162Arg) and c.1898C>G (p.Pro633Arg) in unrelated Dutch and Iranian families with intellectual disability, progressive tremor, speech impairment and behavioral problems, with segregation and functional support; PMID 40897375 independently reports a homozygous c.1693T>C (p.Tyr565His) variant segregating in a consanguineous Pakistani family with MRT48. PMID 25970702 further supports the association. Functional work in mice and in silico modeling (PMIDs 37440432, 39310277) corroborates a plausible mechanism (impaired vesicular glutamine/neutral amino acid transport, mislocalization of mutant protein), strengthening but not substituting for the human evidence. Remaining probability is assigned to ""Existing"" given the relatively small number of reported families."	
GDAP2	spinocerebellar ataxia, autosomal recessive 27	Strong	MONDO:0032706	ClinGen	1			Established	Established	90	9	1	0	Established	0.6872450534552241	10	9	False	current	ff136250f372	"Multiple independent human reports demonstrate biallelic loss-of-function GDAP2 variants in patients with autosomal recessive cerebellar ataxia (SCAR27): PMID 30084953 described two unrelated patients with gene-disruptive biallelic mutations (with supporting Drosophila functional data), PMID 32437512 reported novel pathogenic variants in a Chinese family, PMID 32428220 described a homozygous loss-of-function variant in an adult-onset ataxia patient, and PMID 40469082 reported a novel homozygous loss-of-function variant in a Spanish family. These are independent probands/families with single-gene point/truncating variants, satisfying replication requirements. Supporting functional work in Drosophila and neurons (PMIDs 30084953, 35158016) and biochemical characterization (PMID 18983849) reinforce plausibility but are not needed to reach the Established threshold. Only minor probability is retained for ""Existing"" given the relatively small total number of reported families."	
BCAS3	Hengel-Maroofian-Schols syndrome	Strong	MONDO:0859208	G2P	1			Existing	Existing	33	58	8	1	Established	0.7243779584895861	34	12	False	current	ff136250f372	"Only one article in this set presents primary human genetic evidence: PMID 34022130 reports 15 individuals from eight unrelated families with germline bi-allelic loss-of-function BCAS3 variants causing a syndromic neurodevelopmental disorder (the entity named Hengel-Maroofian-Schols syndrome), supported by absent BCAS3 protein in patient fibroblasts and Drosophila/mouse modeling. Although that single study includes multiple independent families, no second independent clinical report is present in this list, so the strict two-publication replication criterion for ""Established"" is not met. Supporting but non-diagnostic evidence includes the bcas3 knockout zebrafish recapitulating patient features (PMID 40481608), the Bcas3-null mouse (PMID 29618843), and cytoskeletal/autophagy function studies (PMIDs 30995157, 33499712), which are animal/in vitro and thus only ""Hypothesized""-level. Other papers concern unrelated traits (gout, kidney traits, tau levels, cognition, medulloblastoma amplicons, an X;17 translocation disrupting DMD) and do not bear directly on this syndrome."	
DHPS	neurodevelopmental disorder with seizures and speech and walking impairment	Strong	MONDO:0032775	G2P	1			Established	Established	62	31	6	1	Established	0.6167291962301439	78	18	False	current	ff136250f372	"The primary human genetic evidence comes from PMID 30661771, which reports biallelic recurrent DHPS variants (c.518A>G p.Asn173Ser in trans with truncating alleles) segregating with a neurodevelopmental disorder featuring developmental delay and seizures in five affected individuals from four unrelated families, with enzymatic and hypusination assays confirming loss of function. PMID 37333770 provides additional human-derived evidence using patient lymphoblastoid lines carrying DHPS variants, showing reduced DHPS activity and altered eIF5A hypusination, complemented by a brain-specific Dhps knockout mouse recapitulating the neuronal phenotype; PMID 42239796 further characterizes patient-derived cortical organoids and rescue by DHPS cDNA. Supporting biology comes from zebrafish and neuron-specific mouse models (PMIDs 39334388, 34688659) and multiple reviews restating DHPS deficiency as an established polyaminopathy (PMIDs 34273022, 41410504, 39125743). The main caveat for full ""Established"" confidence is that the independent-proband clinical evidence largely traces to a single cohort report, with subsequent papers being functional or review-based, so some weight remains on ""Existing""."	
NRXN1	Pitt-Hopkins-like syndrome 2	Strong	MONDO:0013690	G2P	1			Existing	Existing	40	49	9	2	Established	0.7347545147484975	55	20	False	current	ff136250f372	"PTHLS2 (OMIM #614325) is explicitly attributed to bi-allelic NRXN1 deficiency in multiple sources here, but most of these are reviews or restatements of known background (PMIDs 30873608, 29221905, 22670138, 20421335) rather than primary evidence. Primary human reports in this set are limited: a single case report (PMID 28343708, ""A new case of Pitt-Hopkins-like syndrome 2?""), a clinical cohort of NRXN1-related disorders including PTHLS2-diagnosed cases (PMID 39655047), and two siblings from one family with a homozygous intragenic NRXN1 deletion (PMID 35101781) — the latter is a CNV within a single family and thus does not count toward independent replication. The only reported sequence-level NRXN1 variant (PMID 30709877) is heterozygous, digenic with NRXN2, and describes epileptic encephalopathy rather than PTHLS2. I therefore cannot cite two independent primary reports with non-CNV NRXN1 variants causing PTHLS2 from this list, so Existing is favored slightly over Established, with residual probability for Established given the widely accepted causal status."	
COX16	mitochondrial complex IV deficiency, nuclear type 22	Strong	MONDO:0859160	G2P	1			Existing	Existing	22	68	9	1	Established	0.5357367976866988	16	13	False	current	ff136250f372	"Only one primary clinical report (PMID 33169484) describes patient variants: two unrelated probands with a homozygous nonsense COX16 variant (c.244C>T, p.Arg82*), isolated complex IV deficiency, loss of COX16 protein, and rescue of complex IV assembly by wild-type cDNA transduction — strong but single-publication evidence. Supporting mechanistic work in human cells and yeast (PMIDs 29381136, 29355485, 12446688, 28821616) firmly establishes COX16 as a complex IV/COX2 assembly and copper-delivery factor, giving strong biological plausibility but not independent patient genetics. The 14q24 deletion report (PMID 24357125) spans many genes and cannot implicate COX16 specifically, and cancer/livestock/screen papers are unrelated phenotypes. Since fewer than two independent clinical reports with patient variants exist, the evidence best fits ""Existing,"" with residual probability for ""Established"" given the two unrelated probands and functional validation within that single study."	
THAP1	torsion dystonia 6	Strong	MONDO:0011264	G2P	1			Established	Established	96	3	1	0	Established	0.7945071945109553	95	20	False	current	ff136250f372	Multiple independent human genetic studies report pathogenic THAP1 variants segregating with or found in probands with DYT6 (torsion dystonia 6). PMID 19908325 identified a novel heterozygous missense p.Cys170Arg in an Italian/Greek PTD patient; PMID 25168324 reported a novel p.Cys5Trp mutation segregating in a Polish family; PMID 21847143 identified six novel pathogenic missense/frameshift mutations in a 567-patient cohort with functional validation; PMID 24500857 documented the Amish-Mennonite founder indel plus additional THAP1 mutations with genotype–phenotype correlation; PMID 19345148 and 20211909 report further mutation-positive families with generalized dystonia and spasmodic dysphonia. These constitute replicated, independent human evidence of causation, supplemented by reviews confirming DYT-THAP1 as a well-validated isolated dystonia gene (PMID 33247415).	
UNC45A	osteootohepatoenteric syndrome	Strong	MONDO:0859164	G2P	1			Established	Established	96	3	1	0	Established	0.7224013782705505	35	20	False	current	ff136250f372	The original discovery paper (PMID 29429573) identified biallelic loss-of-function UNC45A mutations in four affected individuals from three independent families with cholestasis, diarrhea, hearing impairment, and bone fragility, with supporting functional validation. Independent replication comes from PMID 35575086, which found biallelic UNC45A variants in six additional patients with congenital diarrhea and MVID-like enteropathy, and from multiple independent case reports with novel compound heterozygous variants (PMIDs 36587802, 36699472, 38375845, 39403551). Further functional dissection of patient-derived variants (PMID 40125554) and reviews confirming the gene–disease entity (PMID 38307491) reinforce the causal relationship. All key evidence is human, with multiple independent probands and families, so the association is Established.	
SACS	Charlevoix-Saguenay spastic ataxia	Strong	MONDO:0010041	G2P	1			Established	Established	97	3	0	0	Established	0.818324975470841	107	20	False	current	ff136250f372	Multiple independent human studies report disease-causing SACS variants in distinct probands/families with ARSACS: novel mutations in four Turkish families (PMID 15156359), a homozygous missense W2498R in a Japanese family (PMID 14718708), a Tunisian kindred with sacsin mutations (PMID 12873855), diverse mutations in French-Canadian patients (PMID 23250129), atypical/late-onset cases with SACS mutations (PMID 20876471), seven novel variants in an Iranian cohort (PMID 35731353), and biallelic variants in HMSN patients (PMID 30460542). Functional confirmation of loss of sacsin protein in patient cells/blood further supports causality (PMID 39091421). The evidence is replicated across ethnicities and independent laboratories, well beyond a single report or multigene CNV. This clearly meets the criteria for an Established gene–disease relationship.	
TRNT1	retinitis pigmentosa and erythrocytic microcytosis	Strong	MONDO:0014850	G2P	1			Established	Established	70	25	4	1	Established	0.7590901941663888	54	20	False	current	ff136250f372	PMID 26494905 is the primary evidence: exome sequencing identified biallelic hypomorphic TRNT1 variants in an index proband with non-syndromic RP, and screening of 727 additional RP patients identified a second unrelated family with two affected members showing the same phenotype of RP with red-cell microcytosis and anisocytosis; patient-derived cells showed reduced TRNT1 protein, and zebrafish knockdown/rescue supported causality. Independent human support comes from PMID 27389523, which describes a separate family with a homozygous TRNT1 mutation and retinal dysfunction plus cataract, and PMID 28390992, which used iPSC/retinal organoids from molecularly confirmed TRNT1-associated RP patients showing reduced full-length protein and autophagy defects. Broader TRNT1/SIFD literature (PMIDs 25193871, 27370603, 29055896, 32471101) independently documents retinitis pigmentosa and microcytic anemia within the allelic spectrum, consistent with hypomorphic alleles producing a retina-limited phenotype. Some residual uncertainty remains because much of the replication is within a single landmark paper or from syndromic SIFD cohorts rather than fully independent non-syndromic RP cohorts, so a minority of weight is left on Existing.	
SMPD4	neurodevelopmental disorder with microcephaly, arthrogryposis, and structural brain anomalies	Strong	MONDO:0032838	G2P	1			Established	Established	95	4	1	0	Established	0.7614428584719926	22	15	False	current	ff136250f372	Multiple independent human clinical studies report biallelic loss-of-function SMPD4 variants segregating with microcephaly, arthrogryposis and structural brain anomalies. The original discovery cohort (PMID 31495489) described 12 unrelated families with bi-allelic LOF variants, and PMID 36732302 independently reported five individuals from three additional unrelated families with longitudinal phenotyping. Further independent probands with point/frameshift/nonsense variants are reported in PMID 37882972 (two patients with novel nonsense, frameshift and splice variants, with RNA validation) and PMID 35651939 (nonsense variant in trans with a deletion). Functional work in iPSCs, mouse and ferret models (PMIDs 39470011, 42389936, 35203325) supports a plausible mechanism via nuclear envelope/nuclear pore and ceramide-dependent ciliogenesis defects, reinforcing causality. Evidence is therefore replicated in humans and mechanistically supported, meeting the Established threshold.	
ATG5	spinocerebellar ataxia, autosomal recessive 25	Limited	MONDO:0033115	ClinGen	1			Existing	Existing	17	70	12	1	Hypothesized	0.5565315474611701	78	20	False	current	ff136250f372	"The only primary human genetic evidence in this set is PMID 26812546, which reports a homozygous missense ATG5 variant in two affected siblings from a single consanguineous family with congenital ataxia, intellectual disability and developmental delay (the entity now designated SCAR25), supported by yeast and Drosophila functional complementation. A single family, however well characterized functionally, does not meet the bar of replicated independent probands required for ""Established."" Other papers only restate this as background (PMID 41895291 in the context of ATG12 variants; PMID 29112993 review listing ATG5-associated autosomal-recessive ataxia among congenital disorders of autophagy), which are citations rather than independent evidence. Strong supportive biology exists from Atg5 mouse models showing neurodegeneration and cerebellar/motor deficits (PMIDs 16625204, 16874082, 17432209) and from polyglutamine ataxin-1 aggregate clearance (PMID 16141322), which would support at least ""Hypothesized"" even absent human data. Overall the evidence best fits ""Existing,"" with some probability that additional replication (not shown here) would support ""Established."""	
TMEM135	neurodevelopmental disorder	Limited	MONDO:0700092	G2P	1			Existing	Existing	3	62	30	5	Hypothesized	0.053006990658153355	24	14	False	current	ff136250f372	"No article in this set reports pathogenic TMEM135 variants in independent patients or families with a neurodevelopmental disorder, so Established cannot be supported (no two qualifying proband/family papers exist). However, one human genetic study (PMID 25712083) selected TMEM135 as a gene implicated in autosomal recessive cognitive disorders and found SNP- and gene-based association with intelligence in an unselected Dutch cohort, which is limited but credible human evidence linking TMEM135 variation to a cognition-related phenotype strongly tied to neurodevelopmental disorder—consistent with ""Existing."" The remaining literature is functional/animal work on mitochondrial dynamics, peroxisomal lipid and DHA metabolism, retinal aging, hearing loss, heart, adipose and liver phenotypes (PMIDs 27863209, 36599953, 38576540, 39970612), which provides mechanistically plausible but indirect support (DHA/peroxisomal metabolism and mitochondrial fission are relevant to neurodevelopment), favoring ""Hypothesized"" as a substantial alternative. Novel is unlikely given the direct human intelligence association and the gene's prior listing among recessive cognitive disorder genes."	
USP44	congenital heart disease	Limited	MONDO:0005453	ClinGen	1			Hypothesized	Hypothesized	1	20	70	9	Novel	0.0	15	3	False	current	ff136250f372	"The only article linking USP44 to congenital heart disease (PMID 35373735) uses medaka/zebrafish base editing to model missense variants in ""novel candidate genes of CHD"" including usp44; the demonstrated phenotype–genotype correlation is in fish, not in human probands, so this constitutes functional/animal-model support rather than human genetic evidence. The implied human candidate variants are not reported with patient-level data in this list, giving some weight to ""Existing"" but not enough for confidence. The other two papers (PMIDs 33647455, 28397838) associate biallelic USP44 loss-of-function with autosomal recessive intellectual disability and skeletal/brain anomalies, a phenotype unrelated to CHD, and one explicitly questions whether the USP44 variant is even causal. No study reports independent human CHD probands with USP44 variants, so ""Established"" is excluded and ""Hypothesized"" is the best fit."	
EPHB2	bleeding disorder, platelet-type, 22	Limited	MONDO:0032765	ClinGen	1			Existing	Existing	12	76	11	1	Hypothesized	0.4496811551340736	73	20	False	current	ff136250f372	The primary evidence is a single report (PMID 30213874) describing a homozygous EPHB2 c.2233C>T (p.R745C) variant in two siblings from one consanguineous family with a bleeding diathesis, with segregation in heterozygous parents and extensive functional validation showing impaired GPVI and GPCR platelet signaling. This is credible human genetic plus functional evidence, but it derives from a single family/proband set with no independent replication reported here. Reviews of inherited platelet disorders (PMIDs 31348050, 33147934) merely restate this novel EPHB2 defect as background, which counts as citation rather than independent replication. All other listed articles concern unrelated EPHB2 biology (cancer, neurodevelopment, structure) and do not bear on the platelet phenotype. Therefore the relationship is best classified as Existing, with only a small chance of qualifying as Established.	
SLC35B2	leukodystrophy, hypomyelinating, 26, with chondrodysplasia	Limited	MONDO:0859518	G2P	1			Existing	Existing	22	65	12	1	Established	0.547414494484028	16	15	False	current	ff136250f372	"Only one primary clinical report (PMID 35325049) identifies biallelic SLC35B2 variants (c.1218_1220del, c.1224_1225del) in two patients with chondrodysplasia and hypomyelinating leukodystrophy, supported by functional studies showing impaired mRNA/protein localization and defective proteoglycan sulphation in patient fibroblasts and serum. This is credible human genetic evidence but comes from a single publication and is not independently replicated, so ""Established"" cannot be met (only one qualifying PMID). Supporting biology strongly favors relevance: SLC35B2 is the Golgi PAPS transporter (PMID 12716889), sulfation defects cause skeletal dysplasias (PMID 21419855), and zebrafish pinscher/slc35b2 mutants show cartilage/proteoglycan defects with SLC35B2 proposed as a skeletal dysplasia candidate (PMIDs 21294126, 21506131). Remaining papers concern unrelated phenotypes (viral entry, cancer, psychiatric association) and do not add disease-specific evidence."	
DHX34	intellectual disability	Limited	MONDO:0001071	G2P	1			Existing	Existing	13	68	15	4	Existing	0.353051422294636	12	7	False	current	ff136250f372	"The only primary human genetic evidence linking DHX34 to intellectual disability is the paralog-based gene discovery study (PMID 31256877), which reported three individuals with DD/ID carrying rare, predicted-damaging missense variants in DHX34; this is a single cohort report without functional validation or independent replication. The DHX9 paper (PMID 37369308) merely restates DHX34 as a known neurodevelopmental-disorder gene in its introduction, which is a citation rather than independent evidence. The 19q13.32 microdeletion report (PMID 25230004) implicates DHX34 only as one of ~20 genes within a multigenic CNV, so it cannot single out this gene. The remaining papers concern DHX34's role in NMD/splicing and germline variants in familial MDS/AML and bone marrow failure (PMIDs 32098966, 35768279, 33876749, 33104793), which are unrelated to intellectual disability. This pattern supports ""Existing"" (limited, non-definitive human evidence) rather than ""Established."""	
SUMO1	orofacial cleft 10	Limited	MONDO:0013378	G2P	1			Existing	Existing	25	58	15	2	Existing	0.42050566084633817	60	20	False	current	ff136250f372	"OFC10 is by definition the SUMO1-linked orofacial cleft locus, and several reviews state that OFC10 arises from SUMO1 haploinsufficiency (PMID 17606301, 28197921, 35426585), but these are background restatements of the original single translocation proband rather than primary evidence, and a breakpoint/haploinsufficiency event does not by itself isolate the gene as required. Human genetic studies in the list are limited: a Taiwanese study screening nonsynonymous variants across 18 candidate loci including SUMO1 (PMID 27527345) and a Polish association study that found no significant association for the SUMO1 SNP rs3769817 (PMID 39200165). One human case report describes up-regulated SUMO1 via miRNA-548m inhibition in a fetus with congenital orofacial cleft (PMID 34247369), providing suggestive but non-replicated human evidence. Because I cannot cite two independent primary reports of point variants in unrelated probands/families, the evidence best fits ""Existing,"" with residual probability for ""Established"" given the OMIM-level gene–phenotype designation and for ""Hypothesized"" given the strong craniofacial developmental biology of SUMOylation."	
TRAPPC2L	encephalopathy, progressive, early-onset, with episodic rhabdomyolysis	Limited	MONDO:0032681	G2P	1			Established	Established	88	10	2	0	Established	0.5275926018278212	12	10	False	current	ff136250f372	Three independent human reports present their own patient-derived variant data: PMID 30120216 identified bi-allelic TRAPPC2L missense variants (p.Asp37Tyr) in unrelated individuals with febrile illness-induced encephalopathy and rhabdomyolysis with fibroblast functional support; PMID 32843486 reported a novel homozygous variant in an additional proband with disrupted TRAPP complex function; PMID 36849228 described the first homozygous protein-truncating variant in two affected siblings from a further family, explicitly noting it establishes the gene–disease relationship. These constitute replicated, independent probands/families with single-gene resolution rather than multigene CNVs. Supporting mechanistic work (cryo-EM TRAPPIII structure, humanized yeast, mouse models) reinforces biological plausibility but is not needed for the human causal claim. The remaining papers (melanoma/PD GWAS, epigenetics of childhood adversity) are unrelated co-mentions.	
PITX1	clubfoot	Strong	MONDO:0007342	G2P	1			Established	Established	76	20	3	1	Established	0.7442324481694818	75	20	False	current	ff136250f372	"Direct human variant-level evidence exists in multiple independent families: PMID 18950742 reports a five-generation family with a linkage-supported PITX1 missense variant (E130K) segregating with autosomal-dominant clubfoot and functional transactivation loss; PMID 24682816 independently identified a PITX1 nonsense mutation segregating in a clubfoot family; PMID 22258522 found an intragenic 35 bp PITX1 deletion in an individual with lower-limb malformation, and PMIDs 41744514 and 42333653 describe additional patients with PITX1 missense variants presenting severe equinovarus foot deformities. These are point/intragenic variants that isolate PITX1 from neighbouring genes, so they satisfy replication beyond the multigenic 5q31 microdeletion (PMID 21775501) and TBX4/17q23 CNV reports. Supporting mouse haploinsufficiency data reinforce causality but are not needed for the human determination. The negative Italian screen (PMID 36360195) shows PITX1 variants explain only a small fraction of idiopathic clubfoot, which limits attributable fraction but not the causal relationship, leaving some probability on ""Existing""."	
SCLT1	retinitis pigmentosa	Limited	MONDO:0019200	G2P	1			Established	Established	72	24	3	1	Hypothesized	0.517996405876191	20	15	False	current	ff136250f372	"Multiple independent human studies report biallelic SCLT1 variants in patients with retinal degeneration: PMID 32253632 describes two unrelated Japanese probands with compound heterozygous SCLT1 variants and BBS including retinitis pigmentosa; PMID 30425282 reports a patient with Senior-Løken syndrome (infantile-onset retinal dystrophy plus nephronophthisis) with compound heterozygous splice variants and shows Sclt1 localization at the photoreceptor basal body; PMIDs 40470183 and 41963357 report five to six additional families with bi-allelic SCLT1 variants and largely non-syndromic inherited retinal degeneration with variant-level validation; PMID 37246745 documents two siblings with SCLT1 loss and photoreceptor dysfunction, and PMID 38924217 adds another proband with retinal disease. These are independent probands/families with point/splice variants (not multigene CNVs), satisfying replication criteria for a causal role in retinal degeneration/RP, mostly in syndromic ciliopathy contexts. Some residual uncertainty remains because much of the phenotype is syndromic (BBS/SLS) rather than isolated RP, and the non-syndromic reports are recent, so a portion of probability is retained for ""Existing."""	
ASCL1	neurodevelopmental disorder	Limited	MONDO:0700092	G2P	1			Hypothesized	Hypothesized	4	45	46	5	Hypothesized	0.40640438076120244	70	20	False	current	ff136250f372	"No article reports pathogenic ASCL1 variants in patients with a neurodevelopmental disorder, so Established cannot be supported (no two independent proband/family reports exist in this set). The strongest human evidence is PMID 37958729, which reports GWAS-implicated schizophrenia risk loci physically interacting with the ASCL1 promoter and CRISPR knockout in a human neuronal line altering genes tied to proliferation and neuroplasticity — this constitutes limited but credible human association with a neurodevelopmental/psychiatric phenotype, supporting ""Existing."" The remainder of the literature is developmental and functional biology: ASCL1 specifies GABAergic/inhibitory fates relevant to E:I imbalance (PMIDs 40545564, 24047602), is used to generate GABAergic or PV interneurons for modeling STXBP1, ADNP and cortical dysplasia phenotypes (PMIDs 33961044, 39677822, 36440838, 27137935), and partners with MYT1L, whose mutations cause intellectual disability/ASD (PMID 35538503) — all strongly supportive biology but not direct ASCL1 variant evidence, favoring ""Hypothesized."" Several papers (SCLC, prostate cancer, thymic mimetic cells) are irrelevant to the phenotype. Points are therefore split nearly evenly between Existing and Hypothesized."	
CRIPTO	congenital heart disease	Limited	MONDO:0005453	ClinGen	1			Existing	Existing	15	62	21	2	Hypothesized	0.3695798546847018	85	20	False	current	ff136250f372	"CRIPTO corresponds to TDGF1, a NODAL co-receptor. Direct human genetic evidence comes from a mutational screen of 500 Chinese patients with isolated CHD/VSD reporting a non-synonymous TDGF1 variant absent in controls (PMID 19853938), and from a broader NODAL-pathway resequencing study reporting functionally abnormal variants across pathway members, including TDGF1, in conotruncal heart defect patients (PMID 18538293). However, the TDGF1-specific findings are sparse (single rare variants, incomplete segregation/functional replication), and another human TDGF1 mutation report concerns forebrain/holoprosencephaly rather than CHD (PMID 12073012). Much of the remaining support is mechanistic or murine (Nkx2-5 and MEF2C regulating Tdgf1, Nodal signaling reviews; PMIDs 24069547, 26811383, 29787126), with several papers being cancer/keloid homonym-irrelevant contexts. This pattern fits ""Existing"" — credible but limited human evidence — rather than replicated, definitive causation."	
ASB10	glaucoma 1, open angle, F	Limited	MONDO:0011311	ClinGen	1			Existing	Existing	30	54	14	2	Hypothesized	0.7565958864271389	21	16	False	current	ff136250f372	"The primary evidence is Pasutto et al. (PMID 22156576), which identified a splice-affecting synonymous variant segregating in a large POAG family mapping to the GLC1F locus (7q35-q36, where ASB10 resides) plus excess missense variants in US and German case-control cohorts, supported by expression and anterior-segment perfusion functional data. One independent human replication exists in a Pakistani cohort (PMID 26713451), including a homozygous SOCS-box mutation. However, two independent human studies failed to replicate (PMID 22798626 in Iowa, noting high ASB10 variant frequency in ExAC/ESP populations, and PMID 31522561 in Korean NTG), making the causal role disputed rather than firmly established. Mechanistic work (PMID 23901248, 27296073, 37950974) supports biological plausibility via ubiquitin-mediated degradation in trabecular meshwork cells but does not itself prove causality. Given credible but conflicting human genetic evidence, ""Existing"" is the best fit, with meaningful residual probability for ""Established."""	
DCC	gaze palsy, familial horizontal, with progressive scoliosis, 2	Strong	MONDO:0054602	G2P	1			Established	Established	78	18	3	1	Hypothesized	0.6647060632890013	69	20	False	current	ff136250f372	"Two primary human reports provide their own variant-level evidence in independent probands: PMID 33141514 identified a novel homozygous frameshift (c.2399dupA, p.Asn800Lysfs*11) in DCC segregating in three affected siblings of a consanguineous Pakistani family with HGPPS2, and PMID 38585553 reported a novel homozygous intragenic DCC duplication in a patient with HGPPS2/developmental split-brain syndrome (intragenic, thus gene-specific). These are complemented by the DCC mutation update (PMID 29068161), which catalogs biallelic loss-of-function DCC mutations causing developmental split-brain syndrome (the same entity as HGPPS2) across multiple families, and by prenatal cohort data showing DCC as a recurrent cause of callosal agenesis (PMID 40905141). Supporting biology (netrin-1/DCC commissural axon guidance, mouse Dcc models, mirror movement carriers) is consistent with the mechanism but is secondary to the direct human biallelic variant evidence. A small residual probability is retained for ""Existing"" given the ultra-rare nature and limited number of independently ascertained biallelic families."	
PITX2	ring dermoid of cornea	Strong	MONDO:0008387	G2P	1			Existing	Existing	13	72	13	2	Established	0.6544009142386854	80	20	False	current	ff136250f372	"A single human clinical report directly links a PITX2 mutation (R24H) to autosomal dominant ring dermoid of the cornea (PMID 15591271), and this is explicitly acknowledged as ""one report"" in a later review/model paper (PMID 29506241). Supporting evidence is functional/structural rather than independent clinical replication: the R24H homeodomain biophysical study (PMID 22224469) and zebrafish pitx2 mutants showing corneal dermoids (PMID 29506241), which support biological plausibility but cannot establish causation in humans. No second independent proband or family with PITX2 variants and ring dermoid appears in this literature set; all other papers concern Axenfeld-Rieger syndrome and anterior segment dysgenesis generally. Therefore the evidence best fits ""Existing,"" with residual probability for ""Established"" (given the strong functional corroboration of the same variant) and ""Hypothesized"" (if the single human report is deemed insufficient)."	
VANGL1	neural tube defects, susceptibility to	Limited	MONDO:0020705	G2P	1			Established	Established	65	30	4	1	Existing	0.202020579886369	67	20	False	current	ff136250f372	"Multiple independent human studies report rare, deleterious VANGL1 missense variants in NTD probands and families: Kibar et al. identified V239I, R274Q and M328T in familial and sporadic NTD cases (PMID 17409324) and subsequently five further novel variants including R181Q in a larger multiethnic cohort (PMID 19319979); Bartsch et al. found three novel heterozygous missense mutations in 144 Slovakian/Romanian/German NTD patients (PMID 23326252); an Italian cohort described additional novel VANGL1 mutations (PMID 25208524); and a Chinese case-control study found association of rs4839469 with NTDs (PMID 24407469). Functional work supports pathogenicity, showing that R181 and R274 substitutions destabilize the protein and impair membrane targeting analogous to Lp mouse mutants (PMID 25068569), and somatic VANGL1 variants have also been detected in NTD lesion tissue (PMID 32356230). This constitutes replicated, human, variant-level evidence in independent probands, consistent with an established susceptibility relationship. Residual weight is given to ""Existing"" because several variants show incomplete penetrance (one found in an unaffected sibling) and the gene is a risk/hypomorphic contributor rather than a fully penetrant Mendelian cause."	
POLD3	immunodeficiency 122	Limited	MONDO:0971151	ClinGen	1			Established	Established	82	15	2	1	Hypothesized	0.18654543165210322	85	20	False	current	ff136250f372	"Two independent human reports provide primary evidence of biallelic POLD3 variants causing combined immunodeficiency: PMID 37030525 describes a consanguineous Lebanese proband with a homozygous POLD3 p.Ile10Thr variant abolishing POLD3/POLD1/POLD2 expression and syndromic SCID with neurodevelopmental delay and hearing loss (the phenotype corresponding to MIM 620869/immunodeficiency 122), and PMID 38099988 reports a distinct homozygous missense variant (p.K373T) in a patient with Omenn syndrome, with functional rescue of the cell-cycle defect by WT POLD3. A third human family study (PMID 39414923) further characterizes heterozygous carriers of the same pathogenic allele and explicitly references the recessive syndromic phenotype. Supporting biological plausibility comes from the related POLD1/POLD2 deficiency syndrome combining replicative stress, neurodevelopmental abnormalities and immunodeficiency (PMID 31449058). Evidence is therefore human, replicated in independent probands with single-nucleotide variants and functional validation, though the total number of families remains small, leaving some residual weight on ""Existing."""	
TMOD1	dilated cardiomyopathy	Limited	MONDO:0005021	ClinGen	1			Existing	Existing	15	67	17	1	Hypothesized	0.05095128256396917	46	20	False	current	ff136250f372	"The strongest human evidence is a single study (PMID 38168645) reporting a homozygous TMOD1 p.R189W variant in three individuals from two unrelated families with childhood-onset dilated and restrictive cardiomyopathy, supported by structural modeling, biochemical capping assays, and cardiomyocyte thin-filament length experiments. This is credible human genetic evidence but comes from only one publication, so replication across independent studies is lacking, precluding ""Established"" per the stated rule. Substantial additional support is mechanistic/animal or in vitro: tropomodulin-overexpressing transgenic mice develop dilated cardiomyopathy (PMIDs 9421465, 10595939, 11934830, 12649072, 11352937), and TMOD1 interacts with TPM1 (K15N DCM mutation) and Lmod2/FLII in thin-filament length regulation (PMIDs 28732641, 26873245, 37126682). These support the biology but do not constitute independent human variant evidence, so points beyond ""Existing"" fall to ""Hypothesized."""	
CCT7	complex neurodevelopmental disorder	Limited	MONDO:0100038	G2P	1			Novel	Novel	1	4	37	58	Hypothesized	0.15405065513184898	22	8	False	current	ff136250f372	None of the provided articles report CCT7 variants in patients with a complex neurodevelopmental disorder. The only human genetic study (PMID 24213632) links a CCT7 missense variant to myocardial infarction via soluble guanylyl cyclase, a cardiovascular rather than neurodevelopmental phenotype, and the follow-up zebrafish work (PMID 33716783) is likewise vascular. The nearest neurological relevance is indirect and in vitro: the CCT3/CCT7 apical domains inhibit tau aggregation in neurodegenerative (not neurodevelopmental) disease models (PMID 40400346), CCT7 transcript changes under oxidative stress in dopaminergic cells (PMID 17397968), and yeast/Candida studies of chaperonin folding of actin/tubulin (PMIDs 20600117, 21209325), which give a faint mechanistic plausibility for neuronal cytoskeletal folding. This supports at most a weak hypothesized link, with the balance favoring Novel since the co-mentions are largely incidental to neurodevelopment.	
TDO2	familial hypertryptophanemia	Limited	MONDO:0010907	ClinGen	1			Existing	Existing	21	70	8	1	Established	0.5056529502912717	60	20	False	current	ff136250f372	"The only primary human genetic evidence is PMID 28285122, which reports the first human case of hypertryptophanemia due to TDO2 deficiency, with compound heterozygous variants (p.Met108Ile and p.Ile165Aspfs*12) and molecular functional validation showing loss of enzyme stability/activity. This is a single proband, so the requirement of at least two independent probands/families for ""Established"" is not met. The review PMID 36188218 restates that TDO deficiency leads to severe hypertryptophanemia, but this is background citation rather than independent evidence, and PMID 34074763 provides mechanistic (largely in vitro/mouse) support that TDO stability controls tryptophanemia. Remaining articles concern cancer, liver disease, colitis, and psychiatric associations, which are not direct evidence for familial hypertryptophanemia. Therefore ""Existing"" is the best-supported category, with residual probability for ""Established"" given the strong, functionally validated single case."	
ELP2	intellectual disability, autosomal recessive 58	Limited	MONDO:0014996	G2P	1			Established	Established	93	6	1	0	Established	0.7315459656789037	42	20	False	current	ff136250f372	Multiple independent human clinical reports describe biallelic ELP2 variants in patients with severe intellectual disability and related neurodevelopmental features: PMID 25847581 (two brothers with compound heterozygous missense variants, the original report), PMID 33393008 (a Turkish family with three affected children homozygous for p.Arg462Gln), PMID 33510603 (a boy with a novel compound heterozygous ELP2 variant), PMID 34653680 (compound heterozygous variants with phenotype expansion), and PMID 36787709 (three siblings homozygous for p.Arg462Gln), indicating a recurrent hotspot codon. PMID 33976153 provides functional confirmation by modelling patient biallelic variants in mice, recapitulating microcephaly and neurodevelopmental deficits through impaired tRNA modification. These constitute replicated single-gene evidence in independent probands/families with supportive mechanistic data. Other listed papers concern Elongator biochemistry, cancer sQTLs, osteoarthritis, or pyroptosis and are not relevant to causation of MRT58.	
KCNT1	malignant migrating partial seizures of infancy	Definitive	MONDO:0017385	G2P	1			Established	Established	97	3	0	0	Established	0.5817051684582398	92	20	False	current	ff136250f372	Barcia et al. (PMID 23086397) identified de novo gain-of-function KCNT1 mutations in 6 of 12 unrelated MMPSI probands by exome sequencing, and Ishii et al. (PMID 24029078) independently reported a recurrent de novo p.Gly288Ser mutation in two additional sporadic MMPSI patients. Ohba et al. (PMID 26140313) found KCNT1 mutations in 9/18 EIMFS cases in a separate cohort, and large multicenter cohorts (PMIDs 34114611, 29196579, 32167590, 31618474) replicate the association in hundreds of independent patients with human variant-level data. Functional studies confirm constitutive channel activation, and targeted quinidine/fluoxetine/ASO trials in KCNT1-mutant EIMFS patients further presuppose a proven causal role. Evidence is human, replicated across independent probands, and mechanistically supported, making the relationship clearly Established.	
SS18L1	amyotrophic lateral sclerosis	Limited	MONDO:0004976	ClinGen	1			Existing	Existing	25	62	12	1	Existing	0.4094951765262083	67	12	False	current	ff136250f372	"Human genetic evidence exists: Chesi et al. identified a de novo SS18L1/CREST Q388stop mutation plus a familial missense variant in ALS trios/families (PMID 23708140), a French cohort reported two additional rare SS18L1 variants absent from controls in familial ALS (PMID 24360741), and a case report describes bulbar-onset ALS attributed to an SS18L1 mutation (PMID 31522742). This constitutes more than one independent human report, but the variants are rare, of uncertain significance (one co-occurring with an OPTN variant), the cohorts are small, and no large replication or segregation studies confirm causality, so the evidence falls short of ""Established."" Supporting functional work (prion-like domain, aggregation, yeast/fly toxicity modulated by ATXN2, mouse Crest loss causing ALS-like motor defects: PMIDs 25888396, 31390360, 30976389) strengthens biological plausibility but is non-human and thus supports only the hypothesized tier. Overall the weight of evidence best fits ""Existing"" with a meaningful minority chance of ""Established."""	
MT-TA	mitochondrial disease	Definitive	MONDO:0044970	ClinGen	1			Existing	Existing	25	60	13	2	Existing	0.3695798546847018	97	20	False	current	ff136250f372	The strongest direct evidence is PMID 35920329, whose own results report MT-TA pathogenic variants causing developmental and epileptic encephalopathy in patients—clearly a mitochondrial disease phenotype. A second human study (PMID 38990956) identified heteroplasmic MT-TA variants (m.5618T>C, m.5631G>A) in Thai cardiomyopathy/Brugada patients, but pathogenicity was only predicted in silico, so it does not constitute replicated causal proof. The remaining articles are reviews that discuss mt-tRNA genes generically (MT-TL1, MT-TK) and cite MT-TA only as background, which counts as citation rather than evidence, and the MitoPerturb-Seq study uses a mouse mt-Ta heteroplasmic model (functional/animal, supporting only Hypothesized). Because I can cite only one PMID demonstrating patient-based causal variants specific to MT-TA, the appropriate assignment is predominantly Existing, with residual probability for Established should that report contain multiple independent probands.	
HEY2	congenital heart disease	Limited	MONDO:0005453	ClinGen	1			Existing	Existing	42	46	11	1	Hypothesized	0.08100655959462293	66	20	False	current	ff136250f372	Human evidence of HEY2 sequence variants in CHD patients exists in several independent reports: germline variants in HEY2 functional domains associated with congenital heart defects and thoracic aortic aneurysm (PMID 35394427), a segregating heterozygous missense variant causing familial non-syndromic Tetralogy of Fallot with functional loss of repressive activity (PMID 40481234), nonsynonymous bHLH-domain mutations in AVSD hearts (PMID 16329098), and somatic variants in VSD tissue (PMID 30955100). These are supported by strong biology and mouse models recapitulating TOF, VSD and tricuspid atresia (PMIDs 12372254, 17021042) and by HEY2's role in the NKX2-5 network (PMID 29636455). However, the case for causality is tempered by several negative mutation screens in CHD, tricuspid atresia and Alagille cohorts (PMIDs 15389319, 15643620, 20181399), by co-occurring mutations in other transcription factors in the AVSD cases, and by the fact that the duplication report (PMID 25832314) cannot isolate HEY2 gene dosage effects definitively. Thus the evidence sits at the boundary between definitively established and credible-but-limited, with weight split between Established and Existing.	
ABCC9	hypertrichotic osteochondrodysplasia Cantu type	Definitive	MONDO:0009406	ClinGen; G2P	2			Established	Established	97	3	0	0	Established	0.772989487505329	95	20	False	current	ff136250f372	Two independent exome-sequencing discovery studies report de novo/dominant missense ABCC9 variants in multiple unrelated Cantú syndrome probands: PMID 22608503 (11 mutations across a cohort, six de novo simplex cases) and PMID 22610116 (de novo variant plus novel missense variants in 14/16 affected individuals, with electrophysiological confirmation of gain-of-function). These are corroborated by additional independent human cohorts and case reports, including the International Cantú Syndrome Registry with 72/74 subjects harboring confirmed ABCC9 variants (PMID 31828977), Japanese patients with novel ABCC9 variants (PMID 32198910), a multigenerational Greek family with a novel segregating variant (PMID 39031464), and further single-patient reports (PMIDs 28690487, 23307537, 31175705). The evidence is human, replicated across independent probands and families, with functional support for gain-of-function KATP channel mechanism, so the relationship is Established.	
ERCC6L2	pancytopenia-developmental delay syndrome	Definitive	MONDO:0014317	G2P	1			Established	Established	88	10	2	0	Established	0.7735411483164056	38	20	False	current	ff136250f372	Multiple human studies report biallelic germline ERCC6L2 variants in independent probands/families with bone marrow failure/pancytopenia, frequently with developmental delay and microcephaly. Primary evidence with patient variants includes Tummala et al. (PMID 24507776; three index cases with BMF and neurological dysfunction, homozygous truncating mutations), Zhang et al. (PMID 27185855; homozygous nonsense ERCC6L2 mutation with mild BMF and microcephaly), Shabanova et al. (PMID 29633571; additional case plus five previously reported), Tummala et al. (PMID 29987015; eight cases from five families), and Bluteau/Douglas cohorts (PMIDs 29146883, 36952636) with dozens of affected individuals and a founder mutation. Functional work supports a mechanism (transcription-coupled repair/R-loop resolution, impaired erythropoiesis), reinforcing causality. This is replicated, human, single-gene-level evidence, so Established is strongly favored; a small residual probability reflects that some series describe purely hematologic phenotypes without developmental delay.	
AICDA	hyper-IgM syndrome type 2	Definitive	MONDO:0011528	ClinGen	1			Established	Established	97	3	0	0	Established	0.8322442933389335	105	20	False	current	ff136250f372	Multiple independent human studies report causal AICDA variants in patients with hyper-IgM syndrome type 2 in their own results: the original identification of AID mutations in HIGM2 patients (PMID 11007475), a homozygous founder variant p.Met139Thr in Finnish families (PMID 27142677), a novel homozygous splice-site variant c.428-1G>T in two siblings (PMID 35246784), a novel homozygous missense variant in Brazilian sisters (PMID 23803409), several novel/recurrent AICDA mutations in 11 Tunisian patients (PMID 26545377), and heterozygous C-terminal variants causing autosomal dominant HIGM2 (PMIDs 15893695, 38363477). Additional case reports (PMIDs 36931691, 27789066, 19575287) further replicate the finding across unrelated probands with functional evidence of impaired class switch recombination and somatic hypermutation. Mouse and biochemical studies (PMIDs 18716662, 22715099, 33098766) provide supporting mechanism but are not needed for the human causal claim. The evidence is unambiguous and extensively replicated, so Established is overwhelmingly favored.	
IGSF1	X-linked central congenital hypothyroidism with late-onset testicular enlargement	Definitive	MONDO:0010475	G2P	1			Established	Established	96	3	1	0	Established	0.7791845421566718	62	20	False	current	ff136250f372	Multiple independent human studies report loss-of-function point variants in IGSF1 in unrelated probands and families with X-linked central congenital hypothyroidism with macroorchidism/delayed testosterone rise: three novel mutations in four Japanese boys (PMID 23966245), a novel insertion mutation causing a premature stop (PMID 23363888), a novel mutation segregating in a large Irish kindred (PMID 30086211), a novel variant in a French family (PMID 35350016), a novel nonsense variant in Japanese siblings (PMID 38299175), two novel mutations in three patients (PMID 38295770), and a novel nonsense variant p.Q1187* (PMID 35466665). These are sequence-level variants in the gene itself, not multigene deletions, and are replicated across independent cohorts and countries; large phenotyping series (PMID 24108313) and national surveys (PMID 38462462) confirm IGSF1 as the most common genetic cause of isolated central CH. Functional work (PMID 28262687, 31650157) provides mechanistic support via pituitary TRHR/FSHB regulation. The evidence is therefore clearly Established.	
SDHB	Carney-Stratakis syndrome	Definitive	MONDO:0011740	G2P	1			Established	Established	80	16	3	1	Established	0.7914870327156592	96	20	False	current	ff136250f372	Multiple independent human reports present their own primary genetic findings of germline SDHB mutations in patients with the GIST–paraganglioma dyad: PMID 36387130 (case with bladder paraganglioma plus SDH-deficient GIST and germline SDHB mutation), PMID 20890271 (germline SDHB p.Ser92Thr identified in a Carney-Stratakis patient with SDHB-negative GIST), and PMID 20119652 (pathogenic SDHB mutation in a patient with two components of the Carney triad/Carney-Stratakis spectrum). Additional supporting primary data come from germline SDHB mutations detected in wild-type GIST cohorts (PMIDs 21173220, 22948025, 31883676, 22160509), consistent with incomplete-penetrance CSS phenotypes. Reviews (19522824, 34012423, 28739378) restate the SDHB/SDHC/SDHD basis of CSS as established background. Since at least two independent probands with point mutations (not multigene deletions) are reported in their own results, the Established category is well supported; a small residual weight is left for Existing given that several key reports are single cases.	
TAFAZZIN	Barth syndrome	Definitive	MONDO:0010543	ClinGen; G2P	2			Established	Established	95	4	1	0	Established	0.8074664743481191	83	20	False	current	ff136250f372	Several primary human genetic studies report causative TAZ/TAFAZZIN (G4.5) variants in independent Barth syndrome probands and families: PMID 9382096 identified mutations in nine of eleven familial cases of BTHS/X-linked cardiomyopathy; PMID 10484795 found G4.5 mutations in five unrelated families with suspected Barth syndrome; PMID 12032589 reported a novel missense R94S mutation in a Japanese boy with the full BTHS phenotype; and PMID 9382097 and PMID 11238270 describe additional novel mutations in allelic left ventricular noncompaction/BTHS patients. These are point mutations in a single gene, not multigene copy number changes, and they replicate across independent cohorts and populations. Functional and biochemical work (cardiolipin/monolysocardiolipin abnormalities, tafazzin transacylase activity) corroborates the mechanism, and reviews consistently describe TAFAZZIN as the sole known cause of BTHS. The evidence therefore clearly meets the Established threshold.	
AP3B1	Hermansky-Pudlak syndrome 2	Definitive	MONDO:0011997	ClinGen; G2P	2			Established	Established	96	3	1	0	Established	0.8337692803782247	87	20	False	current	ff136250f372	Multiple independent human studies report distinct pathogenic AP3B1 variants in unrelated HPS2 probands: PMID 11809908 identified two nonsense mutations (C1578T, G2028T) with complete loss of β3A protein; PMID 31820501 reported novel compound heterozygous mutations (p.M63K, p.L849X) in a Japanese patient; PMID 28585318 described five unreported cases with four novel mutations including a splice-altering variant; PMID 23215637 found a novel frameshift deletion (c.3222_3223delTG); and PMID 16551969 reported a novel homozygous AP3B1 mutation. Additional independent cohorts (PMID 36162005, Oman) and structural mechanisms (PMID 23557002 inversion) further replicate the causal link, and functional work shows AP-3 complex loss explains albinism, neutropenia, platelet dense granule and cytotoxic lymphocyte defects (PMIDs 14566336, 17931556). The mouse pearl model (PMID 9931340) supports the mechanism but is not needed given abundant human point-mutation evidence. Evidence is replicated across independent families and ethnicities, satisfying the criteria for Established.	
IL11RA	craniosynostosis and dental anomalies	Definitive	MONDO:0013615	ClinGen; G2P	2			Established	Established	96	3	1	0	Established	0.7714688663106348	46	20	False	current	ff136250f372	Multiple independent human studies report their own primary evidence of biallelic IL11RA variants causing craniosynostosis with dental anomalies: Nieminen et al. (PMID 21741611) identified homozygous missense/nonsense/duplication variants segregating in five unrelated consanguineous families with craniosynostosis, delayed tooth eruption and supernumerary teeth, with functional loss-of-function demonstration; Keupp et al. (PMID 24498618) found segregating splice, missense and nonsense mutations in six additional families with Crouzon-like craniosynostosis plus functional STAT3 assays; Brischoux-Boucher et al. (PMID 29926465) described 10 further patients with six missense variants; Kespohl et al. (PMID 37596289) reported a novel homozygous p.W307R in two siblings with functional validation; additional independent probands are reported in PMIDs 30811827, 35331937 and 40353334. Supporting mouse Il11ra-null and IL6ST models corroborate the mechanism but are not needed for the human causal claim. This constitutes replicated, gene-specific (non-CNV) human evidence, so the relationship is Established.	
KIT	piebaldism	Definitive	MONDO:0008244	G2P	1			Established	Established	96	3	1	0	Established	0.8158300841043036	107	20	False	current	ff136250f372	Multiple independent human studies report pathogenic KIT point mutations segregating with piebaldism in unrelated probands and families: Spritz et al. (PMID 1370874) identified a missense Phe584Leu and two frameshifts in three patients; Giebel & Spritz (PMID 1376329) found Glu583Lys in an affected kindred; Syrris et al. (PMID 12204004) reported six novel KIT mutations in three families and three isolated cases; Spritz et al. (PMID 7529964) found KIT mutations in ~75% of 28 typical piebaldism patients; and further reports include splice-site and de novo missense variants (PMIDs 24000325, 32220041, 33194047, 38887855). These are human genetic studies with variants detected in patients, not merely background citations or copy-number events, and the murine W/dominant-spotting phenotype supports the mechanism. Evidence is strong, replicated, and mutation-type/phenotype correlations are documented, so the relationship is Established.	
LRPAP1	myopia 23, autosomal recessive	Definitive	MONDO:0014183	G2P	1			Established	Established	88	10	2	0	Hypothesized	0.6458079445188778	57	14	False	current	ff136250f372	Aldahmesh et al. (PMID 23830514) identified homozygous truncating LRPAP1 variants in consanguineous families with Mendelian high myopia via exome/autozygome analysis, with supporting functional data (LRP1 deficiency, TGF-β upregulation). Independent human cohorts and clinical series replicate and extend this: clinical characterization of LRPAP1-related pediatric high myopia (PMID 26271838), childhood-onset rhegmatogenous retinal detachment in patients with recessive LRPAP1 mutations (PMID 31607522), additional probands from early-onset high myopia exome screening (PMID 25525168), and further homozygous-variant cases (PMIDs 39444998, 40725504). Zebrafish and stem-cell knockout studies (PMIDs 36261846, 34469777) provide mechanistic support but are not needed for the human genetic evidence. Several listed papers (Alzheimer's cholesterol shuttle, cathepsin D ERT, lanoteplase disposition) are incidental co-mentions of LRPAP1 unrelated to myopia.	
SLC24A5	oculocutaneous albinism type 6	Definitive	MONDO:0018264	G2P	1			Established	Established	96	3	1	0	Established	0.7535544826394945	72	20	False	current	ff136250f372	Multiple independent primary reports identify biallelic SLC24A5 variants in unrelated human probands with non-syndromic OCA6: the original exome-sequencing discovery paper (23364476, c.591G>A and c.1361insT), two novel frameshift variants in two unrelated Chinese patients (31486119), a Japanese compound heterozygous patient with c.590+1dupG/p.G200R (34870899), and three large consanguineous Pakistani families with segregating missense/frameshift alleles (32274888). Additional independent reports include a homozygous SLC24A5 insertion in an Indian patient (23010199), a homozygous mutation in French Guiana patients (26491832), and the first Italian OCA6 case (26686029). Functional work (in vitro transport assays, zebrafish and knock-in mouse models) corroborates the loss-of-function mechanism, and large cohort screens list SLC24A5 as an established OCA gene. This constitutes replicated human evidence in independent families for a causal gene–disease relationship.	
AKT1	Proteus syndrome	Definitive	MONDO:0008318	G2P	1			Established	Established	94	5	1	0	Established	0.7596695594512765	113	20	False	current	ff136250f372	The seminal report by Lindhurst et al. (PMID 21793738) identified a mosaic activating AKT1 c.49G>A (p.Glu17Lys) variant in affected tissues of multiple independent patients with Proteus syndrome, with unaffected tissues lacking the variant. Independent replication comes from PMID 23436452 (high-level mosaicism of AKT1 c.49G>A detected in epidermal nevus scrapings of multiple patients), PMID 24387135 (a separate proband with somatic activating AKT1 mutation), PMID 35799996 (postmortem molecular confirmation in brain tissue of a new case), and PMID 41368924 (7/7 sequenced paratesticular tumors from a cohort carrying AKT1 c.49G>A). All evidence is human, involves a specific single-nucleotide somatic variant (not a multigene copy number change), and is further supported by targeted AKT-inhibitor therapy trials (PMIDs 32014856, 40713644). This constitutes strong, replicated causal evidence.	
FBXO11	intellectual developmental disorder with dysmorphic facies and behavioral abnormalities	Definitive	MONDO:0060760	G2P	1			Established	Established	97	3	0	0	Established	0.8112641346975937	62	20	False	current	ff136250f372	Multiple independent human cohorts report de novo point/truncating variants in FBXO11 in probands with intellectual disability, dysmorphic facies, and behavioral abnormalities: Gregor et al. (PMID 30057029, 20 individuals), Jansen et al. (PMID 30679813, 24 individuals), Fritzen et al. (PMID 29796876, 2 unrelated individuals), and Gregor et al. follow-up with functional evidence of loss of function (PMID 34505148, 23 additional individuals). Further replication comes from Chinese families (PMID 38740982), a familial inherited case with a novel frameshift variant (PMID 32902151), and additional case reports (PMIDs 38679370, 35940561, 41230589). Functional studies show mislocalization/reduced protein levels supporting haploinsufficiency, consistent with the genetic data. Otitis media association papers concern a distinct phenotype and the suicidal behavior/ASD GWAS papers are incidental, but they do not detract from the abundant IDDFBA evidence.	
PPP1R13L	dilated cardiomyopathy	Definitive	MONDO:0005021	G2P	1			Established	Established	96	3	1	0	Established	0.576246038443526	62	20	False	current	ff136250f372	Multiple independent human studies report biallelic loss-of-function variants in PPP1R13L in patients with severe early-onset dilated/arrhythmogenic cardiomyopathy with ectodermal features. PMID 28069640 first identified a homozygous premature stop codon in five infants from four Arab Christian families, with functional validation in patient fibroblasts and mouse models. PMID 32666529 independently identified biallelic PPP1R13L variants in seven children from five unrelated families via GeneMatcher, explicitly establishing a robust gene–disease association. Further independent probands/families are reported in PMIDs 37698259, 35924320, 39579152, 35933355, and 41919412, demonstrating replication with phenotypic expansion. The wa3 mouse model (PMID 15661756) provides concordant animal evidence, while the lung cancer/AML papers concern unrelated phenotypes.	
DCLRE1C	Omenn syndrome	Definitive	MONDO:0011338	G2P	1			Existing	Established	52	40	6	2	Established	0.6916415685927445	76	20	False	current	ff136250f372	"Several human studies report DCLRE1C (ARTEMIS) variants in patients presenting with Omenn syndrome or Omenn-like radiosensitive SCID: the Saudi cohort explicitly analyzed T-B-NK+ SCID and Omenn syndrome cases with mutations in RAG1, RAG2 or DCLRE1C (PMID 19912631); the TREC/KREC study included molecularly confirmed SCID/Omenn syndrome patients with DCLRE1C mutations (PMID 32691468); and a case report describes compound heterozygous DCLRE1C mutations with an Omenn-syndrome-like clinical picture (PMID 34406419). Additional cohorts (Kuwait DNA-recombination defects with Omenn syndrome cases including DCLRE1C deficiency, PMID 29051008; Turkish SCID/Omenn panel, PMID 32445296) and a structural study of an RS-SCID Omenn variant (PMID 34387696) reinforce the link, though several sources restate the association as background (PMIDs 19953608, 26476407) rather than providing primary Omenn genotype–phenotype data. Because the strongest evidence often groups Omenn patients with other SCID genes without unambiguous per-patient genotype assignment, some probability remains on ""Existing"" rather than fully replicated ""Established"". Non-human/in vitro work only supports mechanism, so little weight goes to ""Hypothesized""."	
CHD2	developmental and epileptic encephalopathy 94	Definitive	MONDO:0014150	G2P	1			Established	Established	97	3	0	0	Established	0.7837705089919949	65	20	False	current	ff136250f372	Multiple independent human studies report de novo or segregating pathogenic single-nucleotide/indel variants in CHD2 in patients with developmental and epileptic encephalopathy (DEE94). Primary evidence includes targeted resequencing identifying de novo CHD2 mutations as a new cause of epileptic encephalopathy (PMID 23708187), a de novo frameshift in Lennox-Gastaut syndrome (PMID 24614520), 17 patients with 16 mostly de novo variants (PMID 31677157), three novel loss-of-function variants with molecular splicing analysis in Chinese patients (PMID 35627293), 18 new patients plus review of 84 (PMID 34713950), and a three-generation family with a segregating nonsense variant (PMID 38125503). Additional multicenter cohorts and case series (PMIDs 40934838, 39035822, 35386198) replicate the association across independent probands, and functional/methylation-episignature work supports the mechanism. This constitutes strong, replicated human evidence of causation.	
CRB2	ventriculomegaly-cystic kidney disease	Definitive	MONDO:0009063	G2P	1			Established	Established	95	4	1	0	Established	0.7933943358623115	51	20	False	current	ff136250f372	Multiple independent human studies report biallelic CRB2 variants in patients with the ventriculomegaly/cystic (Finnish-type nephrosis-like) kidney disease phenotype. Slavotinek et al. (25557780) described five fetuses and a child from three families with cerebral ventriculomegaly, echogenic/microcystic kidneys and raised MSAFP, with compound heterozygous/homozygous CRB2 variants identified by exome sequencing. Jaron et al. (26925547) and Ebarasi/Slavotinek follow-ups (27004616) added new probands, and 32051522 reported a Chinese family with two affected fetuses and novel compound heterozygous variants used for preimplantation testing. Further replication comes from 36071576 (six new patients plus review of 28) and 36803301 (three cases from two families with hydrocephalus and renal cysts, with neuropathological characterization). These are independent probands with single-gene point/indel variants, satisfying criteria for an Established gene–disease relationship.	
ASNS	congenital microcephaly - severe encephalopathy - progressive cerebral atrophy syndrome	Definitive	MONDO:0014258	ClinGen; G2P	2			Established	Established	97	3	0	0	Established	0.8135179299830293	90	20	False	current	ff136250f372	The original discovery paper (PMID 24139043) identified recessive ASNS mutations in four independent families with congenital microcephaly, progressive cerebral atrophy and intractable seizures, supported by functional data and a hypomorphic mouse model. Multiple independent human reports since then have replicated the finding with novel biallelic variants in unrelated probands and families: an Emirati family (PMID 25227173), two Indian consanguineous families (PMID 30978478), a homozygous mutation in sisters with expanded phenotype (PMID 27469131), siblings with Arg49Gln plus fibroblast functional studies (PMID 29279279), Turkish siblings (PMID 31123592), Japanese patients (PMID 27743885), an Egyptian family (PMID 33271615), and additional novel variants (PMIDs 30057589, 37900678). Genotype–phenotype correlation, segregation in consanguineous families, and enzymatic/cellular functional validation all support causation. This is a well-established autosomal recessive gene–disease relationship (OMIM #615574).	
SAMD9	MIRAGE syndrome	Definitive	MONDO:0014888	G2P	1			Established	Established	97	3	0	0	Established	0.8116714432767598	94	20	False	current	ff136250f372	"Two independent primary human cohorts demonstrate causality with patient-level variants: Narumi et al. (PMID 27182967) identified de novo SAMD9 mutations in 11 patients with adrenal hypoplasia and defined MIRAGE syndrome, with functional confirmation of gain-of-function growth restriction; Buonocore et al. (PMID 28346228) independently found de novo heterozygous SAMD9 mutations in 8 additional children with the same multisystem phenotype. Further independent probands and families with specific point variants are reported (PMID 29175836, 30403727, 31572304, 38213203, 37195360, 39348076, 31620126), including inheritance modified by revertant mosaicism. Consensus/classification reviews (PMIDs 36445482, 38649131) recognize SAMD9 gain-of-function as the cause of MIRAGE syndrome. Evidence is human, replicated, and single-gene resolution, so ""Established"" is clearly warranted."	
EBP	MEND syndrome	Definitive	MONDO:0010498	ClinGen	1			Established	Established	85	13	1	1	Established	0.8041736341461707	63	20	False	current	ff136250f372	"Multiple independent human reports identify non-mosaic hypomorphic EBP variants in males with MEND syndrome: PMID 39754633 reports a novel pathogenic EBP variant in a family with two affected patients, PMID 24459067 identifies a novel hemizygous p.W47R EBP variant segregating in four affected males over three generations with characteristic sterol abnormalities, and PMID 31397093 reports a family with MEND syndrome carrying a hypomorphic EBP mutation with modifier analysis. PMID 22229330 further delineates MEND as a distinct male EBP-disorder phenotype versus Conradi-Hünermann-Happle syndrome. Supporting biochemical/functional evidence (accumulation of 8-dehydrocholesterol and cholest-8(9)-enol, sterol isomerase deficiency) corroborates causality in humans. Several other listed papers concern CDPX2/EBP in females or are homonymous ""EBP"" (elastin binding protein, exosome binding peptide) and were dismissed."	
SRCAP	Floating-Harbor syndrome	Definitive	MONDO:0007621	ClinGen; G2P	2			Established	Established	97	3	0	0	Established	0.7991732654594735	93	20	False	current	ff136250f372	The original discovery study (PMID 22265015) identified de novo heterozygous truncating SRCAP mutations clustered in the final exon in 13 unrelated individuals with Floating-Harbor syndrome, and this was independently replicated by PMID 22965468 (de novo exon 34 truncating variants in 6/9 FHS patients), PMID 25433523 (expanded exon 33/34 mutation spectrum with follow-up), and PMID 31200758 (novel genotypes in Chinese FHS probands). Additional single-patient reports with molecularly confirmed de novo variants (PMIDs 24375913, 32615693, 38230957, 29383823) further corroborate the genotype–phenotype correlation in humans. Work delineating variant-position-specific DNA methylation signatures (PMID 33909990) shows a clear relationship between location within SRCAP, epigenotype, and FHS versus non-FHS phenotypes, reinforcing causality. All evidence is human, de novo, and replicated across independent cohorts and ethnicities, so the relationship is Established.	
CCDC88A	PEHO-like syndrome	Moderate	MONDO:0020495	G2P	1			Established	Established	95	4	1	0	Established	0.7376296104843626	53	16	False	current	ff136250f372	Multiple independent human studies report biallelic loss-of-function CCDC88A variants in patients with PEHO-like syndrome: the original consanguineous multiplex family with c.2313delT (PMID 26917597), a Saudi family with a homozygous nonsense variant p.Trp431* (PMID 30392057), an Egyptian family with a novel frameshift p.Thr599ValfsTer4 (PMID 37798908), and an additional novel patient with PEHO-like phenotype and CCDC88A pathogenic variants (PMID 39334473). A further report describes compound heterozygous missense and intragenic deletion variants with functional validation in patient fibroblasts and CRISPR knockouts (PMID 40401444), and a mouse model recapitulates the DEE phenotype (PMIDs 26917597, 39675783), supporting causality. Several other listed papers concern CCDC88A/GIV in cancer, immunity, or signaling and are not relevant to this phenotype. Evidence is replicated across independent probands/families in humans, satisfying criteria for Established.	
PIK3R1	SHORT syndrome	Definitive	MONDO:0010026	ClinGen; G2P	2			Established	Established	97	3	0	0	Established	0.8229202145040305	99	20	False	current	ff136250f372	Multiple independent human studies report causal PIK3R1 variants in SHORT syndrome probands. Dyment/Thauvin-type discovery work includes PMID 23810379 (heterozygous c.1945C>T p.Arg649Trp in two unrelated families with functional validation) and PMID 24886349 (exome sequencing identifying a novel PIK3R1 mutation causing SHORT syndrome). Replication comes from PMID 27766312 (five patients with C-terminal PIK3R1 mutations), and numerous independent probands with distinct variants (PMIDs 33742773, 34026551, 34249805, 35080105, 36515361, 40420664, 40420722). These are single-nucleotide/small variants in humans, not multigene CNVs, and functional data support the mechanism, so the association is firmly established.	
ZFTRAF1	neurodevelopmental disorder	Limited	MONDO:0700092	G2P	1			Existing	Existing	18	75	5	2	Hypothesized	0.4445224363290996	15	1	False	current	ff136250f372	"The single available article (PMID: 38641995) reports biallelic loss-of-function variants in ZFTRAF1 in humans causing a neurodevelopmental disorder with microcephaly and hypotonia, which is direct human genetic evidence of causality. However, only one publication is provided, so the requirement of at least two independent articles reporting probands/families for ""Established"" is not met. The evidence is credible and likely multi-family within that single report, but replication across independent publications is lacking, making ""Existing"" the most appropriate category. Hypothesized and Novel are nearly excluded because direct patient variant data exist rather than merely biological plausibility or incidental co-mention."	
ATP2B1	intellectual developmental disorder, autosomal dominant 66	Moderate	MONDO:0030891	G2P	1			Established	Established	78	18	3	1	Established	0.7758085468815618	55	20	False	current	ff136250f372	"Two independent human reports present their own primary patient data with de novo heterozygous ATP2B1 variants: PMID 41223852 (""De novo variants in ATP2B1 lead to neurodevelopmental delay"") and PMID 41853798, which identifies a novel de novo c.2140A>C (p.Thr714Pro) in a Chinese proband with infantile spasms and global developmental delay and shows mislocalization and calcium dyshomeostasis in cells. The disorder is an OMIM-recognized entity (MRD66, #619910) with ~12 previously reported de novo pathogenic variants, indicating replication across independent probands. Additional supporting human genetic evidence comes from a biallelic loss-of-function case expanding the phenotype (PMID 37926713) and ATP2B1 variants in epilepsy phenotypes (PMID 40834682), with mechanistic support from PMCA1 calcium-handling biology. Hypertension/GWAS, ARDS, COVID-19 and splicing/PMCA review papers are unrelated to the neurodevelopmental phenotype and do not detract from the causal evidence."	
CFAP43	normal pressure hydrocephalus	Limited	MONDO:0009366	ClinGen	1			Existing	Existing	15	72	12	1	Established	0.5570292407949092	36	8	False	current	ff136250f372	"The only primary human genetic evidence is Morimoto et al. (PMID 31004071), which reported a nonsense CFAP43 mutation in a single Japanese family with normal-pressure hydrocephalus, supported by a knockout mouse model showing ventriculomegaly and ciliary abnormalities. The commentary (PMID 33555136) and the systematic review (PMID 40266017) restate this finding as known background and list CFAP43 among NPH risk genes, but they are citations rather than independent replication in new probands or families. Since I cannot cite two independent primary human studies with CFAP43 variants in NPH patients, ""Established"" cannot be supported. The remaining papers concern CFAP43 in MMAF/sperm flagellar biology or unrelated retinal organoid work and only support the general ciliary mechanism, which underpins a modest ""Hypothesized"" allocation. Therefore ""Existing"" is the best fit: one credible human study plus strong ciliary-mechanism support."	
SLC38A3	developmental and epileptic encephalopathy 102	Strong	MONDO:0030881	G2P	1			Established	Established	90	8	2	0	Established	0.6807683969655027	65	20	False	current	ff136250f372	PMID 34605855 reports ten affected individuals from seven unrelated families across six countries with biallelic deleterious SLC38A3 (SNAT3) variants and a consistent developmental and epileptic encephalopathy phenotype, supported by metabolomic evidence of disrupted glutamine/glutamate/histidine metabolism. PMID 36539921 independently reports a novel biallelic nonsense variant in an Indian family with epileptic encephalopathy, providing replication in an independent proband/family. Functional and animal work (PMID 41437789 endothelial Slc38a3 knockout recapitulating postnatal progressive microcephaly and motor dysfunction; PMID 26490457 Snat3 loss-of-function mice with brain glutamine/GABA disturbances) provides a strong mechanistic basis consistent with the human phenotype. Together these constitute strong, replicated human genetic evidence plus supporting model data, meeting the Established criteria.	
KLHL24	epidermolysis bullosa simplex 6, generalized, with scarring and hair loss	Moderate	MONDO:0015006	G2P	1			Established	Established	97	3	0	0	Established	0.7250705905186685	54	20	False	current	ff136250f372	Two independent original discovery papers report causal variants in patients: Lin et al. (PMID 27798626) identified dominant start-codon KLHL24 variants in five EBS patients with functional confirmation of KRT14 degradation, and He et al. (PMID 27889062) found monoallelic c.1A>G/c.2T>C variants in 14 affected individuals from multiple families with a distinct skin-fragility phenotype. Numerous subsequent independent probands and families confirm the association, including de novo variants in Chinese twins (PMID 34804116), Italian cases (PMID 30226531), Russian families (PMID 39135715), and a translation re-initiation variant causing EBS with dilated cardiomyopathy (PMID 35975634). The phenotype described—generalized skin fragility, congenital erosions, burn-like/atrophic scarring, and alopecia (PMID 35066002, 29574966)—matches EBS 6 generalized with scarring and hair loss. Mechanistic human keratinocyte and knock-in mouse studies further corroborate causality, so the evidence is strong and replicated.	
ATP1A1	Charcot-Marie-tooth disease, axonal, type 2DD	Moderate	MONDO:0054833	ClinGen	1			Established	Established	92	7	1	0	Established	0.7846806696578049	64	20	False	current	ff136250f372	Two independent primary studies report ATP1A1 missense variants segregating in multiple human CMT2 families with functional support: PMID 29499166 identified seven missense changes segregating in pedigrees from seven countries, with axolemmal localization and electrophysiological loss-of-function; PMID 31373411 independently found two novel missense variants (p.S207F, p.G877S) in two Chinese intermediate CMT families with degradation/loss-of-function evidence. Additional human cases add replication, including an ATP1A1 p.Pro600Arg patient with progressive motor and sensory neuropathy (PMID 37558483) and further patients with peripheral motor-predominant neuropathy (PMID 35110381). Reviews summarizing ATP1A1-related disease including CMT (PMIDs 34232746, 30842972, 37659504) corroborate but count only as background. The many primary aldosteronism papers are a different phenotype and do not affect this assessment.	
RBM28	ANE syndrome	Limited	MONDO:0012794	G2P	1			Established	Established	85	12	3	0	Established	0.6568867904616422	11	8	False	current	ff136250f372	Two independent human genetic reports identify causal RBM28 variants in ANE syndrome patients: PMID 18439547 used homozygosity mapping to find a homozygous loss-of-function p.(Leu351Pro) RBM28 mutation in the original family, and PMID 33941690 reported a second, unrelated family/proband with biallelic splice-site variants (c.541+1_541+2delinsA; c.946G>T) with functional validation. PMID 20231366 further characterizes the endocrine phenotype in mutation-carrying patients, supporting clinical replication. Supporting mechanistic work in yeast and human cells (PMIDs 27077951, 25939713, 9312154) explains the ribosomopathy pathophysiology but is not itself the basis for the causal call. Together this constitutes replicated, single-gene-resolution human evidence, meeting the bar for Established, with residual probability given to Existing in case the second family's variants were considered less definitive.	
TBX15	pelviscapular dysplasia	Definitive	MONDO:0009845	G2P	1			Established	Established	96	3	1	0	Established	0.740557938510287	41	20	False	current	ff136250f372	Cousin syndrome is explicitly synonymous with pelviscapular dysplasia (OMIM 260660), and multiple independent human studies report biallelic TBX15 point mutations in affected probands. PMID 19068278 identified two unrelated individuals homozygous for truncating TBX15 mutations with functional evidence of protein destabilization; PMID 24039145 reported an independent patient homozygous for a novel nonsense variant (p.Arg281*); PMID 40693652 described a sixth patient with a novel biallelic missense variant; and PMID 42324217 added three novel individuals from two unrelated families with homozygous TBX15 variants. Additional supportive human phenotyping (PMID 40972941) and the concordant droopy ear mouse model (PMID 14737183) reinforce causality. These are single-gene sequence variants, not multigene deletions, in independent families, satisfying replication criteria for an Established relationship.	
KRT71	hypotrichosis 13	Limited	MONDO:0014390	G2P	1			Established	Established	80	16	3	1	Hypothesized	0.18789401000000125	36	20	False	current	ff136250f372	Two independent human studies report their own primary genetic findings of heterozygous KRT71 missense variants segregating with autosomal dominant woolly hair/hypotrichosis: Fujimoto et al. in a Japanese family (c.422T>G, p.Phe141Cys, helix initiation motif; PMID 22592156) and a Chinese family with a novel helix termination motif variant (c.1295A>G, p.Tyr432Cys; PMID 41100400), which corresponds to hypotrichosis 13 (HYPT13). A further human case reports a heterozygous intronic KRT71 variant causing loose anagen hair with woolly hair (PMID 40282419), adding an independent proband. Functional support comes from disruption of keratin intermediate filament assembly in cultured cells, a CRISPR Krt71-knockout mouse with woolly hair and hair loss (PMID 37443815), and multiple mammalian models (dog, cat, cattle, mouse) where KRT71 variants cause curly coat, hypotrichosis and IRS dysplasia (PMIDs 34356054, 20953787, 19713490). A commentary explicitly frames KRT71 as an established determinant of human hair texture and woolly hair/hypotrichosis (PMID 22971920). Evidence therefore supports an Established causal relationship, with a small residual probability that reviewers consider human replication limited.	
PHKG2	primary ciliary dyskinesia 33	Absent			0	0.365	glycogen storage disease IXc	Novel	Novel	1	2	4	93	Established	0.7443962042085066	45	16	False	current	ff136250f372	All retrieved articles link PHKG2 exclusively to glycogen storage disease type IX (hepatic phosphorylase kinase deficiency), an autosomal recessive metabolic liver disorder, with additional work on PHKG2 in ferroptosis-related iron regulation. None of the papers mention primary ciliary dyskinesia, ciliary structure/motility, situs abnormalities, bronchiectasis, or any ciliopathy phenotype. PHKG2 is a catalytic gamma subunit of phosphorylase kinase involved in glycogenolysis, providing no plausible mechanistic link to axonemal/ciliary dysfunction. Therefore the evidence supports no relationship between PHKG2 and primary ciliary dyskinesia 33 (co-mentions here are incidental to the query, not to any shared biology).	
CALM2	catecholaminergic polymorphic ventricular tachycardia	Moderate	MONDO:0017990	ClinGen; G2P	2			Established	Established	60	36	3	1	Existing	0.24618610248776526	57	20	False	current	ff136250f372	Multiple independent human reports describe CALM2 variants in patients with a CPVT phenotype: a case report of CPVT with an uncommon CALM2 mutation (PMID 39104518), long-term follow-up of a proband carrying a novel CALM2 c.188C>A p.T63K variant with exercise-induced bidirectional VT (PMID 41550621), two Chinese children with CALM2-related LQTS/CPVT overlap (PMID 42558477), and CALM2 p.N98S carriers with CPVT-like stress-triggered arrest (PMIDs 27100291, 41665141); the International Calmodulinopathy Registry further documents CALM-mediated CPVT across CALM1-3 (PMID 31170290). These are independent probands with single-nucleotide variants, supporting an Established relationship. However, the formal ClinGen-style gene validity reappraisal for CPVT (PMID 34557911) tempers certainty, as CALM2 evidence for CPVT specifically (versus LQTS, where CALM2 evidence is strongest, e.g., PMIDs 23388215, 31283864, 30354306) may be graded below definitive, and several sources are single case reports or reviews restating background. Hence substantial probability remains on Existing, with little support for Hypothesized or Novel given clear human genetic data.	
CAMTA1	cerebellar dysfunction with variable cognitive and behavioral abnormalities	Definitive	MONDO:0013886	ClinGen; G2P	2			Established	Established	95	4	1	0	Established	0.7820355623808676	64	20	False	current	ff136250f372	Multiple independent human cohorts report intragenic, single-nucleotide-level CAMTA1 variants in probands with cerebellar dysfunction, ataxia, developmental delay and behavioral abnormalities (CECBA). PMID 38044714 characterizes 26 new individuals with 23 novel CAMTA1 variants (frameshift, nonsense, splice, missense) and reviews 53 total cases; PMID 33131045 reports 10 individuals with nine previously unreported likely pathogenic variants; PMID 32157189 describes four patients with de novo nonsense, frameshift and missense variants causing ataxia/spasticity. These are supported by earlier reports of intragenic rearrangements causing non-progressive congenital ataxia (PMID 22693284) and single-case neuroimaging/phenotype and myoclonic dystonia reports (PMIDs 24145135, 33677721). Several listed papers (periodontitis, exercise VO2max, type 2 diabetes, neuroblastoma, fly dCAMTA) are unrelated or non-human and do not detract. The evidence is replicated across independent probands with point mutations, meeting the criteria for Established.	
SYCP2L	Weiss-Kruszka syndrome	Absent			0	0.334	premature ovarian failure 24	Novel	Novel	1	3	8	88	Novel	0.0	10	7	False	current	ff136250f372	Weiss-Kruszka syndrome is a neurodevelopmental/craniofacial disorder caused by ZNF462 haploinsufficiency at 9q31, and none of the provided articles mention it. All the SYCP2L literature here concerns female reproductive ageing: GWAS loci for age at natural menopause (PMIDs 19448621, 23508249), variants influencing ovarian reserve and IVF outcomes (26099445, 37417852), homozygous variants causing premature ovarian insufficiency (32303603, 38521400), and a mouse knockout showing accelerated oocyte depletion (26362258). These phenotypes are unrelated to and not precursors of Weiss-Kruszka syndrome, and no mechanistic or pathway link is suggested. The co-mention is therefore incidental, supporting a Novel classification.	
ATP11C	arterial tortuosity syndrome	Absent			0	0.223	X-linked congenital hemolytic anemia	Novel	Novel	1	2	7	90	Novel	0.0	40	20	False	current	ff136250f372	"None of the provided articles mention arterial tortuosity syndrome (classically caused by SLC2A10) or any vascular/connective tissue tortuosity phenotype. The ATP11C literature consistently supports roles in phosphatidylserine flippase activity with human disease associations limited to X-linked congenital hemolytic anemia, cholestasis/hyperbilirubinemia, iron overload, and B-lymphocyte development (PMIDs 42018644, 26944472, 31253392, 21423173, 21518881). Mouse and in vitro studies also address hepatocyte, placental, and erythrocyte membrane biology, not arterial wall integrity or elastogenesis. The Xq27 hypoparathyroidism papers involve ATP11C only by chromosomal location, with no mutations found, and are not relevant to arterial tortuosity. There is thus no logical or mechanistic basis linking ATP11C variation to arterial tortuosity syndrome, making ""Novel"" by far the most appropriate category."	
JMJD1C	neurodevelopmental disorder	Limited	MONDO:0700092	G2P	1			Existing	Existing	27	59	12	2	Hypothesized	0.1620607662792417	54	20	False	current	ff136250f372	"Multiple human genetic reports directly implicate JMJD1C variants in neurodevelopmental phenotypes: Sáez et al. reported mutations in JMJD1C in Rett syndrome/intellectual disability patients (PMID 26181491), a splice-disrupting synonymous variant was linked to learning disability with myoclonic epilepsy (PMID 32996679), and de novo variants were found in seven unrelated patients with developmental delay/ID and seizures (PMID 31954878). However, that largest cohort explicitly notes plausible alternative explanations or modifying factors in every patient and concludes that further data are needed to support pathogenicity, which undercuts full ""Established"" status. Additional support is weak/indirect (an autism family pedigree candidate-gene screen, PMID 34368859) or non-neurodevelopmental/animal-based (leukemia, arthritis, neuropathic pain models). Thus the evidence is credible human genetic association but not definitively replicated as causal, favoring ""Existing"" with meaningful probability for ""Established."""	
KIF4A	complex neurodevelopmental disorder with or without congenital anomalies	Limited	MONDO:0100465	ClinGen	1			Established	Established	82	15	3	0	Hypothesized	0.6244875279296025	51	20	False	current	ff136250f372	"Multiple independent human studies report point (non-CNV) variants in KIF4A in patients with neurodevelopmental phenotypes: Willemsen et al. identified KIF4A variants in X-linked intellectual disability families with synaptic functional support (PMID 24812067); a novel missense variant (p.Leu533Phe) segregated in four affected brothers with polymicrogyria, epilepsy and ID (PMID 39268972); the phenotype was expanded to include hydrocephalus, brain, renal/urogenital, lymphatic, eye and dental anomalies in additional probands (PMID 34346154); an additional pediatric case of XLID100 was reported (PMID 40372222); a fetal anomaly exome study identified a likely causal KIF4A variant (PMID 30679815); and a patient-derived R728Q variant was mechanistically validated in mice showing developmental delay and seizure susceptibility (PMID 36482480). These constitute replicated evidence in independent human probands/families with single-gene variants, precisely matching ""complex neurodevelopmental disorder with or without congenital anomalies."" Some remaining uncertainty stems from missense-variant interpretation caveats explicitly noted by the authors and from CNV-based reports (PMIDs 31085274, 33982443, 30298503) that cannot isolate KIF4A, so a small share is left for ""Existing."""	
ASAH1	Farber lipogranulomatosis	Definitive	MONDO:0009218	G2P	1			Established	Established	96	3	1	0	Established	0.8380706850855283	92	20	False	current	ff136250f372	Multiple independent human genetic studies report ASAH1 variants identified directly in Farber lipogranulomatosis patients: PMID 24355074 characterized 13 ASAH1 mutations across 11 independent Farber families, PMID 10610716 identified three novel missense mutations (E138V, R254G, P362R) in patients with functional confirmation of reduced enzyme activity, PMID 10993717 uncovered four additional novel mutations, PMID 16951918 reported a novel missense mutation segregating in two affected siblings of an Indian family, and PMID 23707712 defined compound heterozygous splice and intragenic deletion alleles in a neonatal Farber case. Additional reports (34045195, 22565078, 40350404) confirm homozygous/novel ASAH1 variants in further probands, and allelic SMA-PME cases (22703880) extend the phenotypic spectrum. Mouse and cell models (30472209, 39665198, 34088014) provide supportive mechanistic evidence but are not required here. The evidence is replicated, human, and gene-specific, meeting the Established threshold.	
AR	Kennedy disease	Definitive	MONDO:0010735	ClinGen; G2P	2			Established	Established	95	4	1	0	Established	0.7424409439078037	133	20	False	current	ff136250f372	Multiple primary human studies report pathogenic CAG repeat expansions in exon 1 of AR in independent Kennedy disease/SBMA probands and families: PMID 7702080 documents expansions in a large KD family, obligate carrier females, and sporadic motor neuron disease patients; PMID 30612224 identifies distinct expanded CAG alleles (48, 43, 44 repeats) in two Han Chinese families and one sporadic case; PMID 7699390 and 7515106 demonstrate expanded AR alleles and mutant AR transcripts in patient tissues and an autopsied SBMA spinal cord; PMID 26872663 reports a patient with 42 CAG repeats. Population-scale genomic screening (PMID 36797998) quantifies AR expansion frequency and estimated disease prevalence, and mutation databases (PMID 15146455) catalog SBMA-causing AR exon 1 expansions. Functional human work (PMID 8252045) shows reduced transactivation by polyQ-expanded AR, supporting mechanism. The evidence is human, replicated across independent probands and families, and mechanistically coherent, so the relationship is Established.	
FKBP6	Charcot-Marie-Tooth disease type 2E	Absent			0	0.134	spermatogenic failure 77	Novel	Novel	0	1	3	96	Hypothesized	0.2057188594370124	58	15	False	current	ff136250f372	None of the provided articles address Charcot-Marie-Tooth disease type 2E, which is a neurofilament light (NEFL)-related axonal neuropathy. The FKBP6 literature here concerns meiosis, synaptonemal complex formation, piRNA biogenesis and male infertility/azoospermia (PMIDs 12764197, 36150389, 16227348, 17307919), Williams-Beuren syndrome contiguous gene deletions (PMID 20049703), and incidental CNV/exome associations in congenital heart disease and cancer cohorts (PMIDs 22318994, 42315506). No peripheral nerve, axonal degeneration, or CMT phenotype is described, and no mechanistic pathway link to neurofilament biology or hereditary neuropathy is suggested. Therefore the gene–phenotype relationship is best described as Novel, with only a negligible chance of a hypothesized biological link.	
MT-CO3	gonadal dysgenesis	Absent			0	0.366	Leigh syndrome	Novel	Novel	1	8	30	61	Hypothesized	0.4455079826082588	54	18	False	current	ff136250f372	"None of the provided articles report gonadal dysgenesis (e.g., Swyer syndrome, streak gonads, 46,XY/46,XX DSD) in association with MT-CO3. The clinically informative MT-CO3 papers describe entirely different phenotypes: MELAS (PMID 34054915), rhabdomyolysis (PMIDs 41679129, 21163656), LHON-like optic neuropathy (PMID 37808372), epilepsy (PMID 37095367), and pediatric mitochondrial disease (PMIDs 36918699, 32348839). The closest reproductive links are indirect and weak: a PCOS mtDNA sequencing study noting heteroplasmic variants frequently in MT-CO3 (PMID 36563715), and a sperm-quality study that explicitly found no association between MT-CO1/2/3 variants and semen parameters (PMID 40038427); PCOS and impaired spermatogenesis are not gonadal dysgenesis. Thus there is no genetic or mechanistic evidence connecting MT-CO3 to gonadal dysgenesis, only a tenuous ""gonadal/mitochondrial energy metabolism"" rationale supporting a small Hypothesized weight."	
APC	complement component 2 deficiency	Absent			0	0.255	Desmoid disease, hereditary	Novel	Novel	0	2	6	92	Hypothesized	0.48377059860755794	57	0	False	current	ff136250f372	"No articles were provided, so there is no evidence of any kind linking APC to complement component 2 deficiency. APC (adenomatous polyposis coli) is a Wnt-pathway tumor suppressor associated with familial adenomatous polyposis, whereas complement component 2 deficiency is caused by variants in the C2 gene within the MHC class III region; there is no shared biology or pathway rationale. The acronym ""APC"" is also commonly used for activated protein C or antigen-presenting cells, which could generate incidental co-mentions with complement biology, but such homonym usage would not constitute gene-level evidence. Absent any human genetic, functional, or model-organism data, the relationship is best classified as Novel."	
RBFOX3	arthrogryposis, distal, with impaired proprioception and touch	Absent			0	0.196	epilepsy	Novel	Novel	1	2	12	85	Hypothesized	0.30536042667785024	70	20	False	current	ff136250f372	None of the provided articles mention arthrogryposis, distal arthrogryposis, or impaired proprioception/touch (a phenotype classically caused by PIEZO2 variants). Human genetic reports on RBFOX3 concern rolandic/generalized epilepsy (PMID 24039908, 34039076, 40011789), sleep latency (PMID 27142678), cleft lip/palate association (PMID 23512105), serum urate (PMID 25811787), and developmental delay/speech disorders via chromosomal breakpoints (PMID 24603971) — none relate to a distal arthrogryposis or somatosensory phenotype. Animal and molecular work (PMID 26619789, 35951651) shows RBFOX3 regulates neuronal excitability and splicing in CNS neurons, which offers only a very generic, non-specific biological rationale for sensory-neuron involvement, not evidence for this phenotype. Remaining papers use RBFOX3/NeuN merely as a neuronal marker, i.e., incidental co-mention. Therefore the relationship is best described as Novel, with a small allowance for a speculative biological (Hypothesized) link.	
PSMB1	glycogen storage disease III	Absent			0	0.374	neurodevelopmental disorder with microcephaly, hypotonia, and absent language	Novel	Novel	0	1	6	93	Novel	0.0	49	9	False	current	ff136250f372	"None of the provided articles link PSMB1 variants to glycogen storage disease III, which is caused by AGL (glycogen debranching enzyme) deficiency. PSMB1 evidence in humans concerns proteasomopathies with microcephaly, intellectual disability, and developmental delay (PMID: 32129449, 38866022), plus a multigene 6q terminal deletion (PMID: 26929909) unrelated to glycogen metabolism. Other papers cover zebrafish craniofacial development, transcriptional roles in RBP4/VMAT2 promoters, senescence, and cardiac hypertrophy; the only ""glycogen"" mention is glycogen synthase kinase 3 (GSK-3) in the zonisamide study (PMID: 38097716), an incidental term, not the disease. Thus the co-mentions are incidental with no mechanistic or genetic basis for a PSMB1–GSD III relationship."	
CDH15	familial hypobetalipoproteinemia 1	Absent			0	0.388	autosomal dominant non-syndromic intellectual disability	Novel	Novel	1	2	7	90	Hypothesized	0.3242248678217521	59	18	False	current	ff136250f372	None of the provided articles mention lipoprotein metabolism, apolipoprotein B, or hypobetalipoproteinemia in any form. CDH15 (M-cadherin) literature centers on intellectual disability/neurodevelopmental phenotypes (often within multigene 16q24.3 CNVs), myogenesis and muscle mass, plasma proteomic QTLs, and DNA methylation biomarkers. There is no genetic, functional, or pathway-based rationale connecting CDH15 to familial hypobetalipoproteinemia 1, which is classically caused by APOB variants. A small residual probability is assigned to Hypothesized only because CDH15's role in muscle/metabolic tissue biology could be loosely construed as metabolically relevant, but no direct link exists.	
ANO3	arthrogryposis multiplex congenita 2, neurogenic type	Absent			0	0.488	dystonia 24	Novel	Novel	1	2	7	90	Hypothesized	0.7685753395942695	56	20	False	current	ff136250f372	"Every retrieved article links ANO3 exclusively to dystonia phenotypes (DYT24/craniocervical dystonia, tremulous dystonia, dyskinetic encephalopathy), with functional work on Ca2+ signalling and phospholipid scramblase activity in neurons. None of the abstracts mentions arthrogryposis multiplex congenita, congenital contractures, fetal akinesia, or a neurogenic congenital contracture phenotype, and none reports patients with AMC2. There is thus no human genetic evidence and no credible biological rationale presented connecting ANO3 to arthrogryposis multiplex congenita 2, neurogenic type. A small residual probability is left for ""hypothesized"" because ANO3 is a neuronally expressed ion channel/scramblase affecting excitability, which could in principle be argued relevant to neurogenic motor phenotypes, but this is speculative and unsupported by the listed literature."	
SCN9A	hypogonadotropic hypogonadism	Absent			0	0.228	hereditary peripheral neuropathy	Novel	Novel	1	2	7	90	Hypothesized	0.4619748183558772	63	20	False	current	ff136250f372	Every provided article concerns SCN9A (NaV1.7) in nociception-related phenotypes: erythromelalgia/erythermalgia, paroxysmal extreme pain disorder, congenital insensitivity to pain, small fiber neuropathy, and familial episodic pain syndromes. None of the abstracts mentions hypogonadotropic hypogonadism, GnRH neuron biology, puberty, or reproductive endocrine phenotypes. The only tenuous conceptual bridge is that SCN9A loss of function can co-occur with anosmia (a feature of Kallmann syndrome), but no article here reports olfactory or reproductive findings, so this remains speculative and unsupported. There are no human genetic studies linking SCN9A variants to hypogonadotropic hypogonadism in this corpus, precluding Existing or Established. A small residual probability is given to Hypothesized on the basis of the channel's expression in sensory/olfactory neurons.	
SELENBP1	neurodevelopmental disorder with spastic quadriplegia, optic atrophy, seizures, and structural brain anomalies	Absent			0	0.462	autosomal recessive extra-oral halitosis	Hypothesized	Hypothesized	2	8	57	33	Hypothesized	0.08259473066193437	74	20	False	current	ff136250f372	None of the provided articles report patients with neurodevelopmental disorder featuring spastic quadriplegia, optic atrophy, seizures, and structural brain anomalies, and no probands or families with SELENBP1 variants causing this phenotype are described. The only human Mendelian phenotype documented is extraoral halitosis from methanethiol oxidase deficiency (PMID 29255262), a non-neurological metabolic condition, and the remaining human genetic work concerns schizophrenia association/expression studies (PMIDs 16223876, 18163446, 19596560, 20615253) plus an incidental keratoconus candidate-gene list (PMID 42162727). However, biological plausibility exists: SELENBP1 is robustly expressed in human cortex, and a transgenic mouse overexpressing human SELENBP1 shows cortical heterotopia/ectopia-like malformations, altered pyramidal neuron excitability and abnormal EEG (PMID 36512497), features conceptually adjacent to structural brain anomalies and seizures; its role in H2S/methanethiol metabolism is also neurologically relevant (PMIDs 33901808, 35316559). This supports Hypothesized over Existing/Established, with meaningful residual probability that the co-mentions are entirely incidental (Novel).	
CACNA1F	Malan overgrowth syndrome	Absent			0	0.468	Aland island eye disease	Novel	Novel	1	2	7	90	Novel	0.0	56	20	False	current	ff136250f372	Malan overgrowth syndrome is caused by haploinsufficiency of NFIX (19p13.2), and none of the provided articles report CACNA1F variants in patients with overgrowth, macrocephaly, or Malan syndrome. All CACNA1F literature here concerns X-linked incomplete congenital stationary night blindness, Aland Island eye disease, and related retinal/optic nerve phenotypes, plus mouse/rat models of Cav1.4 synaptopathy. The only tangential item is a systematic review of calcium channelopathies and intellectual disability (PMID 33985586), which discusses ID/GDD broadly but does not implicate CACNA1F in Malan overgrowth syndrome; shared nonspecific features such as developmental delay do not constitute a mechanistic link. Therefore the co-mentions are incidental and the relationship is best classified as Novel, with a small allowance for a weak biological (neurodevelopmental calcium signaling) rationale.	
GET4	deafness-lymphedema-leukemia syndrome	Absent			0	0.240	congenital disorder of glycosylation, type IIy	Novel	Novel	1	3	10	86	Hypothesized	0.4289179535757456	34	11	False	current	ff136250f372	Deafness-lymphedema-leukemia syndrome (Emberger syndrome) is a GATA2-related disorder, and none of the provided articles link GET4 to deafness, lymphedema, or leukemia. The only human variant report for GET4 (PMID 32395830) describes compound heterozygous missense variants causing global developmental delay, intellectual disability, seizures, and dysmorphism via disruption of the TRC/tail-anchored protein targeting pathway — an entirely different phenotype. Other papers (PMIDs 35262690, 34060591, 38467609, 26451041, 28973888, 20850366) address GET4 biochemistry in the GET/TRC pathway, proteasome function, MERCS, or non-human organisms, with no mechanistic or phenotypic relevance to hearing loss, lymphatic dysfunction, or myeloid malignancy. No causal or associative human genetic evidence exists for this gene–phenotype pair, so the co-mentions are incidental.	
NFATC2	spondylometaphyseal dysplasia, 'corner fracture' type	Absent			0	0.388	joint contractures, osteochondromas, and B-cell lymphoma	Hypothesized	Hypothesized	2	20	60	18	Hypothesized	0.3937730738457941	75	20	False	current	ff136250f372	"No article reports NFATC2 variants in patients with spondylometaphyseal dysplasia, 'corner fracture' type (a disorder classically caused by FN1 variants); thus Established cannot be supported, as no PMID here describes probands with this phenotype and NFATC2 variants. The strongest human genetic evidence is a single individual with biallelic NFATC2 loss-of-function presenting joint contractures, osteochondromas, and lymphoma (PMID 35789258) — a skeletal phenotype but a distinct entity, giving only partial support to ""Existing"". Biological plausibility is substantial: NFATp/NFATC2 acts as a repressor of chondrogenesis and its loss in mice produces ectopic cartilage and endochondral ossification (PMID 10620601), and NFATC2 participates in osteoclast/bone signaling (PMIDs 15759284, 32742319), supporting a Hypothesized relationship to skeletal dysplasia. A curious but incidental link is an FN1-NFATc2 fusion in synovial chondromatosis (PMID 31589790), involving the SMDCF gene FN1 but not implicating NFATC2 variants in the dysplasia itself. Most remaining articles concern immunity, melanoma, or neurons and are irrelevant."	
KCNE2	epidermolysis bullosa simplex 4, localized or generalized intermediate, autosomal recessive	Absent			0	0.416	long QT syndrome 6	Novel	Novel	0	1	3	96	Novel	0.0	65	14	False	current	ff136250f372	"All provided articles concern KCNE2 exclusively as a cardiac/neuronal voltage-gated potassium channel β-subunit, addressing long-QT syndrome, atrial fibrillation, sudden unexplained death, and channel trafficking/interactions with KCNH2, KCNQ1, and Kv4.3. None mentions epidermolysis bullosa simplex, skin fragility, keratin genes (KRT5/KRT14), hemidesmosomes, or any dermatological phenotype. EBS4 (localized or generalized intermediate, autosomal recessive) is attributed to biallelic KRT14 variants, and no biological pathway linking KCNE2 to keratinocyte cytoskeletal integrity is presented in these abstracts. There is therefore no direct, indirect, or mechanistic evidence connecting KCNE2 to this phenotype, warranting a ""Novel"" classification."	
RPL3L	autosomal recessive mendelian susceptibility to mycobacterial diseases due to complete RORgamma receptor deficiency	Absent			0	0.269	cardiomyopathy, dilated, 2D	Novel	Novel	1	1	3	95	Hypothesized	0.1154937045889693	28	20	False	current	ff136250f372	Every article provided links RPL3L to cardiac and skeletal muscle phenotypes—neonatal dilated cardiomyopathy type 2D, atrial fibrillation, muscle development—or to unrelated conditions such as Diamond-Blackfan anaemia and collagen VI dystrophies. None mentions Mendelian susceptibility to mycobacterial disease, RORC/RORgamma deficiency, or any immunological/IL-17-related phenotype. RPL3L is a muscle-restricted ribosomal protein paralogue with no described role in Th17 immunity or mycobacterial defence, so there is not even a plausible biological pathway link in this literature. Therefore the relationship is best classified as Novel, with only incidental co-mention potential.	
CASP2	Hoxha-Aliu syndrome	Absent			0	0.340	intellectual developmental disorder, autosomal recessive 80, with variant lissencephaly	Established	Established	75	20	4	1	Hypothesized	0.49469084838113303	60	20	False	current	ff136250f372	Hoxha-Aliu syndrome corresponds to the CASP2-related autosomal recessive neurodevelopmental disorder with lissencephaly/pachygyria. PMID 37880421 reports primary evidence: seven patients from five independent families with biallelic truncating CASP2 variants (homozygous and compound heterozygous), with segregation and RNA splicing validation. PMID 39672921 provides an independent additional case that replicates and expands the clinical spectrum. Supporting biological plausibility comes from the PIDDosome pathway, where CRADD and PIDD1 biallelic variants cause an overlapping lissencephaly phenotype (PMIDs 27773430, 37716905). Since at least two human reports with distinct probands demonstrate causal single-gene variants, Established is favored, with residual weight on Existing given the still-limited number of reported families.	
AMIGO2	autosomal recessive nonsyndromic hearing loss 59	Absent			0	0.336	craniofacial microsomia	Novel	Novel	1	6	28	65	Hypothesized	0.05150464854886004	40	13	False	current	ff136250f372	"Autosomal recessive nonsyndromic hearing loss 59 (DFNB59) is attributed to PJVK, and none of the provided articles report biallelic AMIGO2 variants in deaf probands. The only hearing-loss co-mention is a multigene proximal 12q deletion case (PMID 15362574), where the authors themselves attributed the hearing loss and cleft palate to COL2A1, not AMIGO2; a CNV spanning many genes cannot implicate AMIGO2 anyway, and a second 12q13.11 microdeletion report (PMID 20933621) links AMIGO2 only to intellectual disability. AMIGO2 variants have been reported in oculo-auriculo-vertebral spectrum (PMIDs 31074142, 33530447), a syndromic craniofacial/ear malformation phenotype that is distinct from nonsyndromic recessive sensorineural deafness, providing at most weak indirect biological plausibility. The remaining literature concerns cancer metastasis, PDK1/Akt signaling, cardiac ischemia, and neuronal adhesion/axon fasciculation, with no cochlear or auditory relevance, so the evidence best supports ""Novel"" with some residual weight for a hypothesized ear-development link."	
KCND3	46,XY sex reversal 3	Absent			0	0.466	Brugada syndrome 9	Novel	Novel	0	1	3	96	Hypothesized	0.11881992328113164	60	2	False	current	ff136250f372	"Both provided articles concern KCND3 (Kv4.3) as a cardiac potassium channel candidate gene for long QT syndrome and Brugada syndrome, with SNP surveys and genomic organisation/chromosomal mapping. Neither mentions gonadal development, sex determination, or 46,XY sex reversal in any form. There is no expression, pathway, animal model, or variant-level evidence linking KCND3 to disorders of sex development. The co-mentions are entirely incidental, supporting a ""Novel"" classification."	
KCNQ4	X-linked spondyloepimetaphyseal dysplasia	Absent			0	0.402	autosomal dominant nonsyndromic hearing loss 2A	Novel	Novel	0	1	2	97	Hypothesized	0.05677627337090302	62	20	False	current	ff136250f372	Every article provided links KCNQ4 to autosomal dominant non-syndromic sensorineural hearing loss (DFNA2), age-related hearing loss, or potassium channel function in the inner ear. None mention skeletal dysplasia, spondyloepimetaphyseal dysplasia, X-linked skeletal phenotypes, or bone/cartilage biology. KCNQ4 is an autosomal gene (chromosome 1p34), which is inconsistent with an X-linked disorder. There is no biological pathway, expression, or animal-model evidence in these papers connecting KCNQ4 to skeletal development. Therefore the relationship is best classified as Novel.	
NBEAL2	arrhythmogenic cardiomyopathy with wooly hair and keratoderma	Absent			0	0.314	gray platelet syndrome	Novel	Novel	1	2	4	93	Hypothesized	0.19426183565690064	55	20	False	current	ff136250f372	Every provided article concerns NBEAL2 in the context of gray platelet syndrome, α-granule biogenesis, megakaryocyte/platelet biology, and immune cell (neutrophil, NK, mast cell, T cell) function. None mentions cardiomyopathy, woolly hair, palmoplantar keratoderma, or desmosomal biology (the JUP/DSP/PKP2 pathways underlying Naxos and Carvajal syndromes). There are no human probands or families linking NBEAL2 variants to arrhythmogenic cardiomyopathy, and no animal or mechanistic data suggesting cardiac or ectodermal involvement. The co-mention of gene and phenotype is therefore incidental, supporting a Novel classification.	
TSPEAR	tibial muscular dystrophy	Absent			0	0.373	hearing loss, autosomal recessive	Novel	Novel	1	1	3	95	Hypothesized	0.7701598065895099	29	13	False	current	ff136250f372	All provided literature links TSPEAR to autosomal recessive ectodermal dysplasia type 14 (dental/hair anomalies) and to nonsyndromic sensorineural hearing loss (DFNB98), with functional roles in Notch/Wnt signaling in skin, tooth, and inner ear. No article mentions tibial muscular dystrophy, distal myopathy, skeletal muscle phenotypes, or TTN-related disease. There is also no plausible biological pathway connecting TSPEAR's ectodermal/cochlear function to muscular dystrophy, and animal models (zebrafish, mouse knockouts) show no muscle phenotype. Therefore the gene–phenotype relationship is best classified as Novel, with only a negligible allowance for hypothesized biology.	
TNNT2	atrial septal defect 6	Absent			0	0.593	Left ventricular noncompaction 6	Hypothesized	Hypothesized	5	20	45	30	Hypothesized	0.07151821896860261	75	20	False	current	ff136250f372	"None of the supplied articles report atrial septal defect (ASD6) probands or families with TNNT2 variants; the entire corpus concerns hypertrophic, dilated, restrictive and thin-filament cardiomyopathies, so there are no two independent human studies demonstrating a causal TNNT2–ASD6 link and ""Established"" cannot be supported from this evidence. The closest atrial-related human data are TNNT2 mutation carriers with left atrial dilation and atrial fibrillation (PMID 35514357), which involves atrial myopathy rather than septal malformation, and the mechanistic work in that study is largely in mouse models, pushing weight toward ""Hypothesized"". TNNT2's biology—an essential cardiac sarcomeric thin-filament protein expressed throughout cardiac development, with clear human disease-causing variant burden (PMIDs 8989109, 11862580, 24111713, 36252119)—provides a plausible but indirect basis for a congenital cardiac structural defect. Some residual probability is retained for ""Existing"" because curated resources list TNNT2 under ASD6 based on literature not included here, and a small probability for ""Novel"" because co-mention in this list is purely incidental to cardiomyopathy."	
PCCA	hypercholanemia, familial, 2	Absent			0	0.470	propionic acidemia	Novel	Novel	1	2	7	90	Hypothesized	0.486874478349603	65	20	False	current	ff136250f372	Every article provided concerns PCCA/PCCB variants causing propionic acidemia, an organic acidemia due to propionyl-CoA carboxylase deficiency, with no mention of bile acid metabolism, hypercholanemia, or elevated serum bile salts. Familial hypercholanemia type 2 is attributed to SLC10A1 (NTCP) deficiency, a bile acid uptake transporter unrelated to PCCA's mitochondrial carboxylase function. None of the abstracts report cholestasis, bile acid measurements, or pruritus phenotypes in PCCA patients, and no genetic study links PCCA variants to hypercholanemia. The co-mention of PCCA with metabolic/liver topics (e.g., liver transplantation in propionic acidemia) is incidental and provides no mechanistic basis for hypercholanemia. Therefore the relationship is best described as Novel, with a small residual allowance for a hypothesized hepatic-metabolic link.	
STXBP2	autosomal recessive nonsyndromic hearing loss 44	Absent			0	0.289	microvillus inclusion disease	Novel	Novel	0	1	4	95	Hypothesized	0.3419516471577573	67	20	False	current	ff136250f372	All retrieved articles concern STXBP2 in familial hemophagocytic lymphohistiocytosis type 5, microvillus inclusion disease/congenital diarrheal disorders, inflammatory bowel disease, EBV susceptibility, and anterior uveitis — none report hearing loss phenotypes or any auditory involvement. No paper describes STXBP2 variants in probands or families with autosomal recessive nonsyndromic hearing loss 44 (DFNB44), and there is no cochlear expression or inner-ear functional/animal-model evidence presented. The gene's known biology (SNARE-mediated cytotoxic granule exocytosis and epithelial vesicular trafficking) provides no specific mechanistic bridge to nonsyndromic deafness. Therefore the co-mention is incidental, supporting a Novel classification, with only trace probability assigned to a speculative biological link.	
UQCRH	hereditary spastic paraplegia 45	Absent			0	0.478	mitochondrial complex III deficiency, nuclear type 11	Novel	Novel	1	4	20	75	Hypothesized	0.3621882575910077	24	7	False	current	ff136250f372	"None of the provided articles report hereditary spastic paraplegia 45 (an NT5C2-related disorder) in association with UQCRH. The only human genetic evidence (PMID 34750991) links a homozygous UQCRH two-exon deletion to isolated mitochondrial complex III deficiency presenting with lactic acidosis, hyperammonaemia and encephalopathy, not spastic paraplegia; the mouse and AOX studies (PMID 37230398) address the same complex III phenotype. Other papers involve incidental co-mentions in proteomics, cancer, Parkinson's PARK10 mapping, and retinal degeneration. A weak residual case for ""hypothesized"" exists only because mitochondrial OXPHOS dysfunction can broadly cause neurodegenerative/spastic phenotypes, but no direct link to HSP45 is presented. Therefore the relationship is best classified as novel."	
MC4R	agammaglobulinemia 2, autosomal recessive	Absent			0	0.429	obesity due to melanocortin 4 receptor deficiency	Novel	Novel	0	1	4	95	Novel	0.0	66	3	False	current	ff136250f372	All three articles concern MC4R's canonical roles in energy homeostasis/obesity (PMID 33795520), reproductive function via kisspeptin neurons (PMID 40674128), and ovarian teratoma susceptibility in mouse congenic strains (PMID 33568756). None mention B-cell development, immunoglobulin production, immunodeficiency, or agammaglobulinemia, and none report human patients with humoral immune defects. There is no biological pathway link presented between melanocortin 4 receptor signaling and autosomal recessive agammaglobulinemia 2 (typically caused by IGLL1 and related B-cell receptor genes). The co-mentions are entirely incidental, supporting a Novel classification.	
CDK9	congenital myopathy 2c, severe infantile, autosomal dominant	Absent			0	0.367	hereditary breast carcinoma	Hypothesized	Hypothesized	1	6	58	35	Hypothesized	0.4629911629562602	69	20	False	current	ff136250f372	No article in this set reports CDK9 variants in patients with congenital myopathy 2C (a disorder classically attributed to ACTA1), so Established is untenable — there are zero PMIDs describing probands or families with CDK9 variants. The only myopathy-relevant item (PMID 11373316) maps cyclin T2a, a CDK9 partner, to 2q21 near myopathy loci and reports loss of cyclin T2a immunostaining in two centronuclear myopathy cases, suggesting a speculative biological involvement of the CDK9–cyclin T2a complex in muscle disease; this is indirect, concerns a different myopathy subtype, and involves the partner cyclin rather than CDK9 variants. All remaining papers are about CDK9/P-TEFb in transcription elongation, HIV Tat, cancer, or unrelated neurodevelopmental disease, and are incidental to the phenotype. This supports a Hypothesized relationship at best, with substantial probability that the link is entirely incidental (Novel).	
PHGDH	Joubert syndrome 33	Absent			0	0.596	Neu-Laxova syndrome 1	Novel	Novel	2	8	25	65	Hypothesized	0.7960696857397422	66	20	False	current	ff136250f372	None of the provided articles link PHGDH to Joubert syndrome 33, a ciliopathy defined by the molar tooth sign; the human genetic evidence for PHGDH concerns serine biosynthesis defects (phosphoglycerate dehydrogenase deficiency, Neu-Laxova spectrum) presenting with congenital microcephaly, seizures and psychomotor retardation (PMIDs 28440900, 33565074, 37347880). Animal work (Phgdh knockout mice with brain malformation, PMID 18296366) supports a role in CNS development, which provides only a nonspecific biological rationale for a neurodevelopmental phenotype rather than for the JBTS33 cerebellar/ciliary phenotype. Remaining papers concern cancer metabolism, macrophage immunometabolism, Alzheimer's disease, and gout, and are irrelevant. No probands or families with Joubert syndrome carrying PHGDH variants are reported, so Established and Existing cannot be supported; the modest Hypothesized weight reflects the shared brain-malformation/microcephaly biology.	
PAK1	intellectual developmental disorder with macrocephaly, seizures, and speech delay	Strong	MONDO:0032568	G2P	1			Established	Established	93	6	1	0	Established	0.7114821868252302	59	20	False	current	ff136250f372	Direct human genetic evidence with patient-level variants is reported in multiple independent studies: PMID 31504246 identified de novo heterozygous missense PAK1 variants in four unrelated individuals with intellectual disability, macrocephaly and seizures, with functional modelling supporting gain of function; PMID 36905087 reports an additional de novo p.Leu470Gln variant in the kinase domain, noting seven previously reported de novo variants; PMID 41516310 adds a novel de novo p.Asn132Lys variant in a further proband; and PMID 37102288 describes another child with epilepsy, developmental delay and a PAK1 variant. These are single-nucleotide/missense variants in independent probands, not multigene copy-number changes, satisfying replication requirements. Supporting biology (oligodendroglial/neurodevelopmental roles, PAK group I regulation of brain development) is consistent with pathogenicity but is secondary to the human data.	
MT-TC	mitochondrial disease	Limited	MONDO:0044970	ClinGen	1			Existing	Existing	30	60	7	3	Hypothesized	0.5030392466541774	26	10	False	current	ff136250f372	"Two human case reports present their own primary data implicating MT-TC (mt-tRNA-Cys) variants in mitochondrial disease phenotypes: a novel MT-TC variant in a patient with MERRF and intranuclear inclusions (PMID 34433719), and a late-onset MELAS patient with m.5783G>A, which lies within MT-TC (PMID 38881794). These are independent probands, supporting at least an ""Existing"" and arguably ""Established"" relationship, but both are single-patient reports with limited functional/segregation confirmation. Notably, PMID 18800376 explicitly warns that MT-TC variants have often been over-called as ""novel"" and ""pathogenic"" without adequate database/haplogroup evaluation, and PMID 25923817 concludes an MT-TC variant (m.5772G>A) in HCM patients is not pathogenic, tempering the strength of the evidence. Other listed papers are general reviews or non-human plant/fish mitogenome studies (trnC homonym) and contribute nothing. Overall, evidence supports a credible but not definitively replicated causal role, so ""Existing"" is favored over ""Established."""	
TOE1	pontocerebellar hypoplasia type 7	Strong	MONDO:0013993	G2P	1			Established	Established	97	3	0	0	Established	0.8233895485392801	48	20	False	current	ff136250f372	The original discovery study (PMID 28092684) identified biallelic loss-of-function TOE1 variants in 12 independent human families with PCH7, with zebrafish modeling support. Numerous independent clinical reports have since replicated the association with novel compound heterozygous variants in unrelated probands: a Chinese patient (34716526), a Japanese patient with an NLM variant (38605133), a Chinese pedigree with prenatal diagnosis (37635087), a Korean boy (37945020), a Chinese family with affected siblings (37608778), and additional cases (36738896, 38596058, 41847829). Multicentric PCH cohort studies (34085948, 38347586) further support gene–phenotype correlation, and biochemical work shows PCH7 mutations impair TOE1 stability and exonuclease activity. This constitutes strong, replicated human genetic evidence for causation.	
PLS3	X-linked osteoporosis with fractures	Definitive	MONDO:0018315	G2P	1			Established	Established	96	3	1	0	Established	0.7191097623424819	77	20	False	current	ff136250f372	Multiple independent human studies report their own primary genetic findings of PLS3 point/frameshift/splice variants segregating with early-onset X-linked osteoporosis and fractures: PMID 38043102 (five new families with stop-gain variants), PMID 28605746 (two new families with novel mutations), PMID 25209159 (novel splice mutation c.73-24T>A segregating in a large family), PMID 24616189 (two families with p.Asp332* and p.Leu478Pro), PMID 29884797 (de novo frameshift c.1096_1100delAACTT), and PMID 40353206 (28 patients from 11 families, each with a distinct PLS3 variant). These are independent probands/families with single-gene sequence variants, not multigene deletions, providing replicated causal evidence in humans. Additional cohort (PMID 39316135) and functional/mechanistic work (PMID 28646489) and biomarker/phenotyping studies further support the relationship. Therefore the gene–disease relationship is Established.	
ACP5	Spondyloenchondrodysplasia with immune dysregulation	Definitive	MONDO:0011939	G2P	1			Established	Established	97	3	0	0	Established	0.8232299233400546	66	20	False	current	ff136250f372	Two independent discovery papers established causality in humans: Briggs et al. (PMID 21217755) mapped the locus to 19p13 with linkage (LOD 3.6) and found biallelic ACP5 mutations in ten individuals from eight families, and Lausch et al. (PMID 21217752) independently identified ACP5 mutations in 14 affected individuals from five consanguineous families with loss of TRAP enzyme activity. Replication comes from a comprehensive molecularly confirmed cohort survey (PMID 26951490), five new Egyptian patients with three novel variants (PMID 37010587), and numerous additional independent probands with novel biallelic variants (PMIDs 26346816, 33712926, 27718324, 26789720, 38883133). Functional data (loss of TRAP activity, osteopontin accumulation, type I interferon signature) supply a coherent mechanism. The evidence is unambiguous and replicated in humans, warranting Established.	
MRTFB	neurodevelopmental disorder	Limited	MONDO:0700092	G2P	1			Existing	Established	45	45	9	1	Hypothesized	0.0780469859691328	44	20	False	current	ff136250f372	The strongest evidence is PMID 37013900, which reports de novo MRTFB variants in patients with a novel neurodevelopmental phenotype with dysmorphic features, supported by gain-of-function modeling in Drosophila. Independent human genetic support comes from PMID 29463886, where a novel loss-of-function MKL2 (MRTFB) variant was identified in childhood apraxia of speech, a neurodevelopmental speech disorder, and PMID 23692340, reporting a rare deleterious MKL2 variant with a cis-deletion in three sisters with extreme fatal microcephaly. Older candidate-gene/linkage studies (PMIDs 15830322, 20442744) report only weak or unreplicated association of MKL2 with autism. Additional supportive but non-causal biology includes MRTFB's role in dendritic morphology, SRF-mediated transcription, and neural crest/brain development (PMIDs 34795561, 41320266, 16204380). Because the strongest single report is one cohort study and the corroborating human reports involve differing phenotypes or single families, probability is split roughly evenly between Established and Existing.	
TLR5	systemic lupus erythematosus, susceptibility to, 1	Limited	MONDO:0011138	ClinGen	1			Existing	Existing	13	68	17	2	Hypothesized	0.3695798546847018	87	20	False	current	ff136250f372	"The strongest primary evidence is Hawn et al. (PMID 16027372), a human family-based TDT study showing the TLR5 C1174T (392STOP) allele is protectively associated with SLE, with supporting functional cytokine data. Additional human genetic studies report TLR5 variant associations in specific populations (PMID 26221343 in Zhuang/Han Chinese; PMID 28763101 where rs5744168 associated with lupus nephritis though not SLE overall), but replication attempts in Caucasian American (PMID 17516623) and Spanish (PMID 19473567) cohorts were largely negative, and meta-analyses (PMIDs 22325161, 26762473) do not establish a consistent effect. This inconsistent replication precludes ""Established,"" since no two independent studies convincingly demonstrate a causal role in their own results. Remaining supportive material is expression/pathway-level (PMIDs 19843090, 18373699, 26592511), which would only support ""Hypothesized."" Therefore ""Existing"" is the best fit."	
EYA4	dilated cardiomyopathy 1J	Limited	MONDO:0011541	ClinGen	1			Existing	Existing	34	52	12	2	Established	0.6457866233491293	68	20	False	current	ff136250f372	"The strongest primary human evidence is Schönberger et al. (PMID 15735644), which identified an intragenic ~4.8 kb EYA4 deletion producing a truncated 193-aa peptide segregating with dilated cardiomyopathy and SNHL in a family previously mapped to 6q23-24 (PMID 10769282), supported by zebrafish morpholino and biochemical work. Additional human support is thinner: a Japanese patient with an EYA4 variant showed only minor, asymptomatic ECG/echocardiographic abnormalities (PMID 30155266), and a small pediatric cardiomyopathy cohort listed EYA4 among DCM-associated genes in one patient (PMID 41270882), but with minimal segregation or phenotypic detail. Counterbalancing reports show many EYA4 truncating alleles cause nonsyndromic DFNA10 hearing loss with formally normal cardiac evaluation (PMIDs 17567890, 25681523), indicating incomplete/position-dependent cardiac penetrance. Mouse/zebrafish functional data (PMID 26499333, 22971774) reinforce biological plausibility but are non-human. Because robust, well-characterized independent human families with DCM are essentially limited to one report, ""Existing"" is favored over ""Established,"" though the latter remains plausible."	
